"name","area","lat","lng","categories","price","rating","description","tags","phone","parking_tier","parking_sub","photos","maps_url","hours"
"福氣廚房－新竹世界店","新竹市","24.808939","120.969762","{""日式料理""}","$$","4.5","日式無菜單料理，玉子燒與明太子飯糰評價高，晚市為主，建議先訂位。","{""晚餐"",""約會"",""無菜單""}","03-533-5899","lot","付費","{""https://lh3.googleusercontent.com/place-photos/AG9NLjCyp58CPCQ0Tq7tR4qFjJLy_6bapzYxxWeKVEq0raVhyVHRptiXo3_BwZFQDnyj5dBDcMN6ACe_uVBSt4kGsTOhjoxSO3Nk3tktJYKJWFHhaUgB76R_72mp0DN66JNeV1TazZqyUO_GwDOV4A=s4800-w800-h800"",""https://lh3.googleusercontent.com/place-photos/AG9NLjCH0RGO0nofWIEDz788Yb6m1-QPlazg1iNjlP4MIvv4Yaz8ndloiJd4CAq_7h3M5J_Wh0ionoEcItAEg6jvQi1-8_QeQi6CTtXh7mp8TEwbtNyRY6L3hI2uGGP1UA3VsTJMeyZCjwLP1OCVsY2l4bnz=s4800-w800-h800"",""https://lh3.googleusercontent.com/place-photos/AG9NLjDzc31JVwkG7_gvYS_oDzSNbb93vT33pqVKo5lwcZ_SbKT5aG3Tp3I8IUPeSQZcjqgkQNAnrkd2qwOWBoRO1qdGNcbvt-UHsJ160FAuq0ZcQF0QuyvEuaxc7canNtXiPxfrim3QW6N45JB-jw=s4800-w800-h800""}","https://maps.google.com/?cid=18113044318230042633","[[],[[1050,1440]],[[1050,1440]],[[1050,1440]],[[1050,1440]],[[690,840],[1050,1440]],[[690,840],[1050,1200]]]"
"常宿料理廚房","新竹市","24.818173","120.972054","{""台式/客家合菜""}","$$","4.6","無菜單套餐，隨季節更換菜色，南瓜咖哩排骨、洛神紅糟肉都是招牌，一位約350元起。","{""無菜單"",""聚餐"",""需訂位""}","03-531-1926","lot","付費","{""https://lh3.googleusercontent.com/place-photos/AG9NLjCtBusQZWE32AE5k2wPFCuNvJpYZ-J1bNM1odIEKBV0F3JFhd7r4pR2plpZiByIWd2yeyFNV2D13f4PYO9r2-f9xeF8p57nCfcRdK0Rlcy2nCSKSrQ1_mzMQiKj8yInsAQLyQxN4l7NKlA83Q=s4800-w800-h800"",""https://lh3.googleusercontent.com/place-photos/AG9NLjCTk4RX74nUkxydWvYmZMHTSt20qEAW-jpIW4EGPRrqLxuAnqjgznSrGJd0abMBAAKPOXqt50QOL4MdqQBSycetpz050rXk1A-NTmzx-nCFMz609PF7S-zzURdF1h_9Liq0TCcjernJfiISACc7e-DseQ=s4800-w800-h800"",""https://lh3.googleusercontent.com/place-photos/AG9NLjC__9hccu4CdnXeKqRU93COEmQvxNTHUk65PYWtXcheLf0E1jadds0o_ygEftc1-AKc4-_NGLRoFjDF4Wvcp3wmQ6RyWzlmuc-A4igbT1_i_tBDL_BNH3DdlKjg0IEYpufdc312N422WOOQG_s=s4800-w800-h800""}","https://maps.google.com/?cid=12600949555236933148","[[[690,840],[1050,1260]],[[690,840],[1050,1260]],[],[[690,840],[1050,1260]],[[690,840],[1050,1260]],[[690,840],[1050,1260]],[[690,840],[1050,1260]]]"
"HoChu Yuan 好厝院","新竹市","24.820538","120.965656","{""台式/客家合菜""}","$$","4.5","環境乾淨明亮，適合家庭聚餐，招牌冰淇淋甜點必點，假日建議先訂位。","{""親子友善"",""有停車場"",""聚餐""}","03-531-3816","lot","免費","{""https://lh3.googleusercontent.com/grass-cs/ACvplmPj3ikUEg4-vfasl-SbJUWta7__tedDmR-DnGN809dZYkFa6P2PyLYLuPn1xlXt9daGI_3umM_3pnGCckQSADK4wHaG8EwIIuzxE_6Yh9N79vMe4bD4lyJO6tmyVIdBecWgoiPc=s4800-w800-h800"",""https://lh3.googleusercontent.com/grass-cs/ACvplmN94au0KiPjKk13I2EhZ3Z8D5NOsr9-EDzgahDa3EAPHTYTL7sOOiVIV-76hdATqeDCcTsLHLDW8oRjYqRAiE4K8oImthLIsUqQLx6AclrWr-kTP5nU-6zguVWWNmMCoSKjEhJYJE7wMy53=s4800-w800-h800"",""https://lh3.googleusercontent.com/grass-cs/ACvplmOoEeo8rIb61GguHvszWn3WyKIMJhTf55dS4eSubZQvT7yUfutWj7VbMQxJhljSdveGD_83MEndlIA7_UBZ38PYVHe_Z4pl5W_QznKQ3zMSDssuhc-SSxS0teMVoWO6htc5WbL5=s4800-w800-h800""}","https://maps.google.com/?cid=6657255582678765160","[[],[],[[690,830],[1050,1250]],[[690,830],[1050,1250]],[[690,830],[1050,1250]],[[660,830],[1020,1250]],[[660,830],[1020,1230]]]"
"新橋弄堂","新竹市","24.804972","120.970495","{""台式/客家合菜""}","$$","4.1","新竹市區少見的江浙菜，小籠包與臭豆腐拼盤是必點，鄰近護城河，環境優雅。","{""宴客"",""小籠包"",""河岸景觀""}","03-525-5958","lot","付費","{""https://lh3.googleusercontent.com/grass-cs/ACvplmP0CI2_GZZ0jzHXVmWU71hU56MNjVeGng7odAiFrSCQsBT5Dt56Vvv0JBAxcIehPdIjjC2qdi1kNNtnNO_G0jOAkRraR_77lghGjbGiwNkh3mPmzSLpxX2Zvxa9nFczPaWzXWNn=s4800-w800-h800"",""https://lh3.googleusercontent.com/grass-cs/ACvplmP2rk-ZaxMnlu8FknCjGQWwPvEeB4H8geTPllmplSrSE5UuHr0OF7EMYI7VpLNRn5biXb4dS7ohZ0M2fXbnXueAw7RkaI8DGJXlQeaW7UgQpVlpUYV3gPx2RriCbSHsU3pI31qUoQN8n9yA=s4800-w800-h800"",""https://lh3.googleusercontent.com/grass-cs/ACvplmOL3E56VzpHpyAJq9P2WgcrcpDUVxvgYEijmSTxupstc5KnX7KmCw5tUxoprgZDMau1Zbj2hongQc1RCxvOetZ-Va7AHtbfl0r2g8sc8Y6kf3yz6VxdZa8nMbcPD-Cv6hTPitTcIw=s4800-w800-h800""}","https://maps.google.com/?cid=4638323165923815633","[[],[[690,840],[1050,1260]],[[690,840],[1050,1260]],[[690,840],[1050,1260]],[[690,840],[1050,1260]],[[690,870],[1050,1290]],[[690,870],[1050,1290]]]"
"Daily Ping 平日","新竹市","24.813468","120.970689","{""早午餐""}","$$","4.4","寬敞明亮的現代風格早午餐店，松露義大利麵、酪梨蝦仁三明治人氣品項，附插座與Wi-Fi。","{""早午餐"",""可久坐"",""甜點""}","03-533-8820","lot","免費","{""https://lh3.googleusercontent.com/grass-cs/ACvplmNJNWScXF-AsTvTif6ztiSHI-l_5oLnga4udf5AnVutp_0GQoGKHuLBXy4YBpq7rlO2z3YPhkc9SDSgeYgUqY8k_t3iUjgX3kOchS_Hbdo_KFVGod1tf7fatvGgDX2ke7EPb4vd=s4800-w800-h800"",""https://lh3.googleusercontent.com/grass-cs/ACvplmMVwdLjLzWqauWiRlC62m6Y-rPOSMTQpRwNuuSAU0jowspbU5UeZVVLEKr540z0S1JHsFfIjJAKQczedx03I5_Diro_8vbMYbt-TcLOVSxtdKqV1F4Z4JyrLtIr7tJXZzW5pD3G=s4800-w800-h800"",""https://lh3.googleusercontent.com/grass-cs/ACvplmNoIJ3cbRpUeCRE8E9UEuAwrIyLVbVsPPheoUAMuiTh8mfc7cqfDwz86oTZcz_ub-saTwf0Fve3HbAiGfNtJIiTSewdE395EFEntVJOq0s_kKywMdoCFlvOv-Py7RmOK_pz78Z-uLC3a4Zu=s4800-w800-h800""}","https://maps.google.com/?cid=17433641377900456435","[[],[[570,1080]],[[570,1260]],[[570,1260]],[[570,1260]],[[570,1260]],[[570,1080]]]"
"Casa Bistro","新竹市","24.787082","121.018153","{""義式料理""}","$$","4.7","一人主廚經營的小型義式小酒館，義大利麵評價極高，氣氛溫馨。","{""約會"",""義大利麵"",""小店""}","0908-527-686","lot","付費","{""https://lh3.googleusercontent.com/grass-cs/ACvplmMYcdGjTRe8w8KPod1ZJokm2tXRpgv0X1OR-8AxanqIIcBA0B32T-T29Fw64m8fPUmsDVdTtuAD1Ohi-MXcLAb2tHwrTSz9sjFoChbDM6DShgO_nBzLaJ9GSUYrarCGijl6-aZL=s4800-w800-h800"",""https://lh3.googleusercontent.com/grass-cs/ACvplmPlxwsRPJ_f2GjqdbUeAWtc1vu6Sl5RhbSWGTTqrIt17t-rJJhK0sZ0Wpm9koy4qqW3zdDDcYpLIrlEvUfjLeEPJtfbXm3OpGYeoLeqpMeqKrH5iN2TlNwXiTrdXulPbad096o=s4800-w800-h800"",""https://lh3.googleusercontent.com/grass-cs/ACvplmPBc6e47cmuakhnZJjyXYmHJLh6LIJjjgPVhLu1mh7GzJigbxFibukmAKQoTOjMTbc8Px5g5T5PcOZpbMgbCN1y9zKtsCSK_ynMDXwUNHK-bmT6wohk2zGEaTCpnObmSc5sOJD273HVFrg=s4800-w800-h800""}","https://maps.google.com/?cid=8876776153199512413","[[],[[690,840],[1080,1260]],[[690,840],[1080,1260]],[[690,840],[1080,1260]],[[690,840],[1080,1260]],[[690,840],[1080,1260]],[[690,840],[1080,1260]]]"
"饌憶餐坊－新竹市","新竹市","24.806329","120.974061","{""台式/客家合菜""}","$$","4.5","母女經營的家常合菜餐廳，隨季節調整菜單，金沙豆腐、金沙蝦球是熱門菜色。","{""家庭經營"",""季節菜單"",""巷弄美食""}","03-535-6798","lot","付費","{""https://lh3.googleusercontent.com/grass-cs/ACvplmMhOD7oDTBpkY4IVQsgsdiw88NYx1ule1e3pQSG77ldZY0lB7BzPgM5MccMAtwbyOBpslMNIXAxr-GquaVRklomDaaVa9HrGwsJ9xZdsHIl3w9MJFyXPnwZ62lETgg5pKonw32FVw=s4800-w771-h511"",""https://lh3.googleusercontent.com/grass-cs/ACvplmOER0pjEHseM_RfB2ZBfW_94J0qzInrBl-0mVlAc3zuKgCX13R03Q2Ixbwu1tGITLJldH7XuQfK2Vlau5_ODkJUMdWyQQaKRwjUrZbSAKPRmPXq8pDzYKblLqrUNfr4pYvww8s8=s4800-w800-h723"",""https://lh3.googleusercontent.com/grass-cs/ACvplmPj30MWDhVyMFbQT9CcqjjoVNnTY6b4ZyxumeW8x_ryhConwJlE8CtIVWHquHBoIv0H1wP2DlNBAXf1A1g0py1zxOi4TuGsfjvGzYMzHBKsm2RiYI5VYm5aXKJWMArDTHq-DhU1m_tl1P3O=s4800-w800-h800""}","https://maps.google.com/?cid=11808597651253692682","[[[720,810]],[],[],[[720,810],[1050,1230]],[[720,810],[1050,1230]],[[690,810],[1050,1230]],[[690,810],[1050,1230]]]"
"TABLE JOE 喏桌子廚房","新竹市","24.80863","120.974979","{""早午餐""}","$$","4.2","老字號翻新後重新開幕，漢堡、牛排早午餐與燉飯是主力，鄰近大遠百。","{""早午餐"",""漢堡"",""改裝新開""}","03-535-6070","lot","付費","{""https://lh3.googleusercontent.com/place-photos/AG9NLjCwPlTk9ShUYI_aLsDpGHxBHD3MVCbOejXmxVBR-iIxdjPPyvccrtjDJbZHNF6z4dWgRA-f9LJuFiEmT4DsCrh2cb92ovj8bkzAODP2ph7h-dYYnr3XM9-ITVeycv3e1v8CiVF9Izn5B2cq=s4800-w800-h800"",""https://lh3.googleusercontent.com/place-photos/AG9NLjA6oDiTaAznKFEqZPHnlcNT9VIlmrdu6i9cvm1BML0VKX0oe2edpa-uOZ_QrtvIy3rtt-fjoiV7qWg9-XY9CIgo39rFieBJ8FO_5w7NJtkGqdEx305mv4fSa4YT9XbnZHG5HYCIk2Yt7ayRJg=s4800-w800-h800"",""https://lh3.googleusercontent.com/place-photos/AG9NLjA62JJJL2B26B-Zrirn5kw9v5ZU5xkFeS07n6bKVq7ISLO2iLMqthc4gH73Ffvlr5swM0xzSFxnwb_b3iOZYu8cV9rFmLV317XDtkg2JvaAuubLW2BynMrFNlndGgv11csiFP5fyAb31q_MtwsHr_I6jw=s4800-w800-h800""}","https://maps.google.com/?cid=17858759997508137750","[[],[[660,1260]],[[660,1260]],[[660,1260]],[[660,1260]],[[600,1260]],[[600,1260]]]"
"Next Stop+","竹北","24.832506","121.01022","{""港式料理""}","$$","4.7","港式風格餐廳，菜色搭配蔬菜均衡，環境可愛適合家庭聚會。","{""港式"",""聚餐"",""文心路""}","0908-280-781","lot","付費","{""https://lh3.googleusercontent.com/place-photos/AG9NLjBNSXJHykkMPxlttd3u8VyocFm9ZB-slqCpwGPs8P3a4HaH-YCwNDZ_qeWg-Q00Y32vEYZ74GxXcWsIqFJwN5s8mwGo6DMCRy2SIYFLzQpjWZofnoxfuyr-ZpcMMKqX5CMgAYl8P3rixqJMnHUiKLfs=s4800-w800-h800"",""https://lh3.googleusercontent.com/place-photos/AG9NLjAZmKZetSsM4MmkmxA9zZbqzmspaqQ8TJCg5ryW_w8VefBIfdJT7BuB0ZH1Du0jZdryz-L34EKcKAzcYr6mkkbu-Nq_CgdSAfJzqQ_mZxHI98xa498Fwx1480xp7dum4sdiWld38lXY-ggc3As=s4800-w800-h800"",""https://lh3.googleusercontent.com/place-photos/AG9NLjBhbCg7Tl3UkiPiE0l9d23czvF_lZ3RHSgn2ijUMp2P3Rtd10uSR_XP1bu4ugHHJEramB-SA7GVmu-vVvq6PhR3fCM2koTNv9okGgwcW7YkMGBd9iZFN-vJlo2QQUqosAh48M_rgPusD9AVyA3fp16hRA=s4800-w800-h800""}","https://maps.google.com/?cid=5264556787440937536","[[[690,870],[1020,1230]],[[690,870],[1020,1230]],[],[[690,870],[1020,1230]],[[690,870],[1020,1230]],[[690,870],[1020,1230]],[[690,870],[1020,1230]]]"
"和平小館","竹北","24.828828","121.00894","{""台式/客家合菜""}","$$","4.8","竹北在地評價極高的家常合菜餐廳，光明五街上人氣長紅。","{""在地人氣"",""合菜"",""高評分""}","03-657-1118","lot","付費","{""https://lh3.googleusercontent.com/place-photos/AG9NLjBUIM5Lq3KRRwNPvF6zgfsptutH-3xUgQmuAQlnn-_s0Teq4pr-56QcNG8vY4ggXvD0qOBHjM5oWxphe4W6v3u0r7pOGKkoFQHcF53xz-VKa8FCcqY89yK_EHln30tLjr-MMQgMBb90H6peDPY3sgIcCA=s4800-w800-h800"",""https://lh3.googleusercontent.com/place-photos/AG9NLjASAk2GWzIhsbYWtDJrDEbdHCfaKIiyR82I7HqIKmEwefA8NtpINg_d71qNJ_Isc8bpYtTx8wAGj4nnz18uFORsin9hZOVmRSDmbnrFe0W7OWhexJ5BErD4RiwxvpKfAaoxCSAJJBROApcb5w=s4800-w800-h800"",""https://lh3.googleusercontent.com/place-photos/AG9NLjAjp-wG8xLaqs6faBn6mvKUqTjtV9ml-apH03xRMM1DghV56GJ77AjmcGujAw_aO7Dbap1JX-WRAaT1O9qQdSoI7eHgk5AQJKT5ikmlINUfukfIXd78nN3mNcugRiVCklQMR-RpNHIkDFYRhIuK-ek7=s4800-w800-h800""}","https://maps.google.com/?cid=3160086435097620649","[[[660,840],[1020,1260]],[[660,840],[1020,1260]],[[660,840],[1020,1260]],[[660,840],[1020,1260]],[[660,840],[1020,1260]],[[660,840],[1020,1260]],[[660,840],[1020,1260]]]"
"陸本木燒肉","竹北","24.818978","121.025812","{""燒烤"",""日式料理""}","$$$","4.9","竹北人氣燒肉店，服務細緻、食材新鮮，牛舌評價尤其突出，晚市營業至凌晨。","{""燒肉"",""聚餐"",""晚餐限定""}","03-658-1151","lot","付費","{""https://lh3.googleusercontent.com/place-photos/AG9NLjAREfwYFnYsAztkns93a76VWFPRLKJ_lmQhuj5CUtnF_bo8LcyxjVvuYuJftIQFiz2l5udxkhMhEXryKOG-QFex_3dgHwX3Z3xYn_eWi-qmAPmcpAMeHRBBzyqkek9ekJli28nZiohcuEL-YIWmvtWi3w=s4800-w800-h800"",""https://lh3.googleusercontent.com/place-photos/AG9NLjBuv4ZKJDrn2FBv5qt-bXlkOo-z2K3kpp8_c770ylT0FlHVck3EU42nQ_ZBUt1oA3L962bODsoyhViXIPKVC7U3eaYYM2zlkkQIkzlTx0lJRAdMQ4IdZg2kCJJwsPHutROkhwZ2br_okYc8WJRZZZzaeA=s4800-w800-h800"",""https://lh3.googleusercontent.com/place-photos/AG9NLjC-ul21TBM5cI4B1Ft4O3zeDZ3-tlwRbbL8l0R24ojEetb6iY_BguweF-iPRIu7_vPv5ZwLEaI4tfuy5IpucRQ5osU82zV7lJ2eLCi-MDKNGxXjFe9nuj1qv1LUQMiQg7HRok_8OaBGougygiYM5ujF9w=s4800-w800-h800""}","https://maps.google.com/?cid=3821016281154730268","[[[1020,1440]],[[1020,1440]],[[1020,1440]],[[1020,1440]],[[1020,1440]],[[600,840],[1020,1440]],[[600,840],[1020,1440]]]"
"虎留香 特色麵食館","竹北","24.823266","121.023839","{""麵食/小吃""}","$$","4.8","遠百商圈內的螺螄粉、酸菜魚專門店，外帶內用皆評價佳，辣度可自行調整。","{""螺螄粉"",""川味"",""遠百商圈""}","0937-590-836","lot","付費","{""https://lh3.googleusercontent.com/grass-cs/ACvplmO4dNnCdg8-6jtrqkL4-bGREr2hCLEcYw8QIk3CXFnu9wCASimceIlSO0wq68UL3kMLkXksk4SsdIZBKv-2O7HPDJIfKDh775PhDR6xpxyJkJ0RdREM0iNTUX4kUHB_tUQ-SuX-tIz9hDdb=s4800-w800-h800"",""https://lh3.googleusercontent.com/grass-cs/ACvplmNWdMoikoC9IHFpjvFRF1vjprpxL4Y3Dx1XtYyYPKAobQcfjpIpdPIowSEc0o7R3xJAxWORzWL6RMr0OWbvV7QyeXCLev32PaF6WhEKlqEe1vJLlHxFVHbdmr6mldYlBCJ1Mw5Wms3kQqIO=s4800-w800-h800"",""https://lh3.googleusercontent.com/grass-cs/ACvplmPracrdAU57AE6rbum7flwxxjbgfrqjJPsBY2aUlzCUQWddq3BZawFINE5BC-1FfU1U0BZKTJ8ZtOD545qgU82d3hg38FQ8djwpnzZMGmHt82EyfqXku7fOV4S3WhpNJ6bdChiJ9n4A7HZU=s4800-w800-h800""}","https://maps.google.com/?cid=14518163764069863637","[[[660,1260]],[[660,1260]],[[660,1260]],[[660,1260]],[[660,1290]],[[660,1290]],[[660,1260]]]"
"和牛淚－竹北光明店","竹北","24.830278","121.017222","{""火鍋/鍋物"",""日式料理""}","$$","5","竹北評分極高的和牛料理，全天候營業至凌晨兩點，適合聚餐與宵夜。","{""和牛"",""宵夜"",""深夜營業""}","03-558-8812","lot","付費","{""https://lh3.googleusercontent.com/place-photos/AG9NLjCf6nuSitYPmt-56-S4wRlIOAXW0vF7btjAIsai5udyZ1qe60YLgngaNtUGhTohsKX_x3SPGm43ybquyVcNiOaXthpW_W9WxRLuoIuUgzTTwsItaeY6nsWf97HmlTyQbwct_UiUT-Hu3f103adH-8Jf=s4800-w800-h800"",""https://lh3.googleusercontent.com/place-photos/AG9NLjAhTi4QSH--5RQYoGlW8rls8NnShNzQOTKFOEyEo-8IzQlvK0Rf53Fc7fOelRjRohKh0gqhFDld_lAKA_rovK6CevmkqnvZqbI4N884irqRkLe7HiDLOK5DfM4vFJstVcXDWRwlSPSNWSQaJcUqioFw=s4800-w800-h800"",""https://lh3.googleusercontent.com/place-photos/AG9NLjAFyEOQYY6RdDsJaTuik7JQVbwEc6p4b3u33m4c_bL1-EY3LYyI7boj1Qgg4P8N6fjbEDQGTiRsBBU5xvw1CKhb3tULTPRuU5W5Tv8Tp7Xm92JmCcTrZeH5h5PB_VXg29Ptzlao21kfTpvFJUwuKmO1=s4800-w800-h800""}","https://maps.google.com/?cid=17664299683672714624","[[[660,1560]],[[660,1560]],[[660,1560]],[[660,1560]],[[660,1560]],[[660,1560]],[[660,1560]]]"
"泰銷魂 竹北嘉政店","竹北","24.803933","121.031057","{""泰式料理""}","$$","4.7","道地泰式風味，手工冰淇淋是隱藏亮點，老闆親切，建議提前透過Line訂位。","{""泰式"",""親子友善"",""手工冰淇淋""}","03-668-5258","street","付費","{""https://lh3.googleusercontent.com/grass-cs/ACvplmN27f9OWU9SDN-bvXv_l7XqIrO1qTnsFC8OKPyLt3IcV34fxWuXYz5vqxYJuStxu0LYnFweQ2WGPOMcjBDerY6PaST-nZrXkuwwYR2YLU2SgHgB9cDruyoq_h48fklju5pcUWn1wq8XWFe1=s4800-w800-h800"",""https://lh3.googleusercontent.com/grass-cs/ACvplmPlpGhAlhGyUGBpaKLGxSbFbTJl8r0mKOD6qkoZ9M7EglflV2dCng4lzogDLCJ9ScwKsaL7rsdBw0lsvWoggifRQoW4rh9nC6_VOugfxL0BSfTQ7Q0OH4PAYN91evddaL0LCuZ4GPbrBpmJ=s4800-w800-h800"",""https://lh3.googleusercontent.com/grass-cs/ACvplmPFLBJVwJVOOy026X28yrniPpFHSL4zWkW5MnOxS03FhehEcYj9L9_30InGM-fwuda02nvV2wH1bpET9sDFq3nw94qnrRr4ID4uIL2EL9QmZW0y6yBVbAs_xo22YJXSzCgdxgRNYuPLHzz6=s4800-w800-h800""}","https://maps.google.com/?cid=11640600461165721310","[[[660,840],[1050,1260]],[[660,840],[1050,1260]],[[660,840],[1050,1260]],[[660,840],[1050,1260]],[[660,840],[1050,1260]],[[660,840],[1050,1260]],[[660,840],[1050,1260]]]"
"裏月．晴酒しゃぶしゃぶ","竹北","24.831217","121.007722","{""火鍋/鍋物"",""日式料理""}","$$$$","4.8","高質感日式涮涮鍋，食材與湯頭講究，服務細緻，適合特殊節日聚餐。","{""高單價"",""涮涮鍋"",""慶生""}","03-553-0222","lot","付費","{""https://lh3.googleusercontent.com/place-photos/AG9NLjDCG5ieS8DnfHyICw94TOEHSBnTTzn_2JQkv3NFAeT9XVNStEdxbgoUZUpQBaq9ycp7pB_YUOqJSm6JQxoKFrObMOIJvAhyQW7jeLp1OhDH0CoJGGfmNaXA86oJHbb1UDLue5q0VichqqmKRQ=s4800-w800-h800"",""https://lh3.googleusercontent.com/place-photos/AG9NLjDeN773RonBePg8gOQumt_9Es4-fRTJT186jjCNwq3wWIbr9Vi9pD2-vEmmfrJa07J9HeyCOi2qo_5DiQICrXoDhcp0IE3uMJLHCXc0hTetqLq4ucy9XliUbnYp2ElA7lO0Ald214YomWCTIFs=s4800-w800-h800"",""https://lh3.googleusercontent.com/place-photos/AG9NLjCgSaUNPA1xsZcI6EaV0b00k5iycz1IyLNZFs4lfkxVnLxD4dkYLaqtuB8VkLBzP2qj2x2VXNEWzBbCJaHhZR0O_GOdh4P4N2S5LjPR-_VSCKE6wMwqm6DOlrgLDQE6r1CVTg-U29_gO-2Fkw=s4800-w800-h800""}","https://maps.google.com/?cid=11296985091072383241","[[[900,1320]],[[900,1320]],[[900,1320]],[[900,1320]],[[900,1320]],[[660,900],[1020,1320]],[[660,900],[1020,1320]]]"
"客家本色 竹北店","竹北","24.831833","121.010439","{""台式/客家合菜""}","$$","4.1","竹北在地客家菜，爌肉飯與麵食評價不錯，環境舒適、價格合理。","{""客家菜"",""平價"",""家常""}","03-657-2252","lot","付費","{""https://lh3.googleusercontent.com/grass-cs/ACvplmNCUY_Bzii7LqEBQEBJyr2ZATZduRQnav1KVfdSiHjDX1heqhG5FQfK3xRBP-hv3wpfGw1bMrq2PAmt8vuVtY9xveuAyAkAVabS-9zuD4CBkQwoblYHTvqzsLwXEz31KTM-4KX56jN6IWbv=s4800-w800-h800"",""https://lh3.googleusercontent.com/grass-cs/ACvplmNYR8ge4bk8RlqAQv07JhcqQXezUvNtHDe9b8Owa6DgdFAHStVemKET-QTSS4ak1xiJBLl_P5LyvTcxWR-pLJrgJUVoroty6eQ3F0jaeE9_pu7D44CKDmOt34ajWSYxJCivhy5ED3aEG4g_=s4800-w800-h800"",""https://lh3.googleusercontent.com/grass-cs/ACvplmNtoDcM6J7u9Kk3MezOk86xOaYmVQDV0SHrCQlhDiI_7QlMP0HjGb1wfFiSjhkyCvAPUs1pyxMiX3o-o_Wa1LDY4b1MyUgn6BBr3zdSRxayQFS0k-2rqUn7XMJP2l0XKelyGrvooWeL50nP=s4800-w800-h800""}","https://maps.google.com/?cid=2483658779615663911","[[],[[660,840],[1020,1290]],[[660,840],[1020,1290]],[[660,840],[1020,1290]],[[660,840],[1020,1290]],[[660,840],[1020,1290]],[[660,840],[1020,1290]]]"
"DIDcoffee","竹北","24.812614","121.030809","{""咖啡廳""}","$$","4.3","咖啡與手作甜點兼具設計感的複合式空間，二樓附設小畫廊，建議先線上訂位。","{""咖啡"",""甜點"",""打卡""}","03-550-1861","street","付費","{""https://lh3.googleusercontent.com/place-photos/AG9NLjD5ySNTELQDc7cu3L3Opln0dbLw6ZR5ttQVTvpFpz9BqssDSa3cwhLdwIRBSmT17iGy_LitsbdnSBWOkS6hYUno0NfOVUgPXmSgNLfknm249t4gOztQSM0sleHVFsd6IDETwnwBJt-WR7CfwQ=s4800-w800-h800"",""https://lh3.googleusercontent.com/place-photos/AG9NLjDRFeK97qhJuxGlbgCO9qvEHSE81Mxs4T6CMeBXxBkVBuHzVpfbc5pmj-67Ie5us5XxXfWpIMLLnOeaB5MJwJ6Nk3Wl3rGoCVDEB0xQUkW63ra7Y-05TMzJ5V09-AKyM-KXB-9JV2u4R2zCLTiTp_Bg=s4800-w800-h800"",""https://lh3.googleusercontent.com/place-photos/AG9NLjDXWqUl0isi3yoCuTGMXQPV-wV-P1PoFhf2sgIuMuHC7cdwXkypm9cTeSsh2SDl2cPJF0-qv7BsjfnHifGZtqW3HOq8fBrewbKdTUFV7I2J4uxgGxnMyHb-he_Q8MtWzaZWBv39_ya3jijU9Qk=s4800-w800-h800""}","https://maps.google.com/?cid=7818685857784511721","[[[600,1080]],[[600,1080]],[[600,1080]],[[600,1080]],[[600,1080]],[[600,1080]],[[600,1080]]]"
"有田咖啡 Youtian Cafe","竹北","24.803023","121.048634","{""咖啡廳""}","$$","4.6","隱身高鐵站旁稻田間的秘境咖啡館，假日限量三款套餐，紅酒燉牛肉評價高。","{""田園景觀"",""隱藏版"",""限量供應""}","0965-258-076","lot","付費","{""https://lh3.googleusercontent.com/place-photos/AG9NLjDT2Z0BKD1wuxIqxMU0VNWwf9MXGAQK9C6VWxDgTsjkQb7V5sVUlLRN2wnNzI4u64nG73Svrf-l5mX_Jxxjx9NdxH6DlBUVcccZGxTrLHJZvptN1ewIDU1NXI7iMsEp-i6EH-dhdsUhXnGt-CBRCD9LpA=s4800-w800-h800"",""https://lh3.googleusercontent.com/place-photos/AG9NLjBKl7huI1ZTrlSCezYbkP3nRNv3vQYuvX-m6GkN3Z1VNQAVhZyTxGKfZfeYMo4aL-SlCGhapBpC_D3zGHWLoBHORJ7W4Zf9s2D2ftkGTp-ej0eYZUyxYN18K4xrU1Iox2Hd_jUVzqk-nRb39ezuA4fw-Q=s4800-w800-h800"",""https://lh3.googleusercontent.com/place-photos/AG9NLjDUSr8FGDYOFrbOHCh8y0VvlmX0UP1B_zO8vgSzrRPcXFnS2vpcHeoNt7PpZKWeN16z5U6k3J3pTXdcGAsqluDsE1tINsfKQplz4IB4UJ2bqVuhKuYB6NtCHnBk4iPtZ5Ex7VL3lFDPyuMFFpA=s4800-w800-h800""}","https://maps.google.com/?cid=10760698176215369187","[[[660,1140]],[[660,1140]],[[660,1140]],[[660,1140]],[[660,1140]],[[660,1140]],[[660,1140]]]"
"Blue Balloon Cafe","竹北","24.828764","121.010143","{""咖啡廳""}","$$","4.9","高人氣夢幻風格咖啡館，下午茶套餐與花藝裝潢是招牌，座位有限建議先訂位。","{""下午茶"",""打卡"",""約會""}","03-555-2907","lot","付費","{""https://lh3.googleusercontent.com/place-photos/AG9NLjCytBIWwsnI6wgL79rAYnh4n6Nt406xpxvFYBRq_H7Mg7iez7FzlNyQZiQ1bqzD6njzwKTld69bjlpqOfDJow9nL7gsAjvISKg0Yh1n46oOBg9hFoK4-7mOEeEfYn84_9_HgBhVJ24Ae_5g2A=s4800-w800-h634"",""https://lh3.googleusercontent.com/place-photos/AG9NLjBjo8sUikzP9XL1VdZ0TjUKOKZ6uVNi0Jfg28WSe64mJerQtT_hnMhUjRXGsHQFhpDTfCUNIwNgDk_nzN77fqzAHr7LpnAnRtdE9H7vFnWou7EC9Zm7NYxHDCO82xwCJwfl6LPn3BqD5mb42w=s4800-w800-h800"",""https://lh3.googleusercontent.com/place-photos/AG9NLjCQAcW0kd8n-O1WsAi4eXiults9FchhS_35WT1jUp8v66q7liVIcbkK0NMJQZ0V1ookEBa6PNHvj1NReNSNGU7OBsbYkfklxrk-ap2iRJOzvA8pQ8DpcUDI8e4sXau1MmXY6d9QiTgE3b0jPdzyqXUA6Q=s4800-w800-h800""}","https://maps.google.com/?cid=14103390157941212077","[[[660,1110]],[[660,1110]],[[660,1110]],[[660,1110]],[[660,1110]],[[660,1110]],[]]"
"kafeD 新竹大遠百店","竹北","24.82291","121.023699","{""咖啡廳"",""室內商場美食""}","$$","4.8","大遠百商場內的精品咖啡與蛋糕專門店，季節限定口味評價高。","{""百貨商場"",""蛋糕"",""精品咖啡""}","03-532-2336","lot","付費","{""https://lh3.googleusercontent.com/grass-cs/ACvplmOP-OHkFgDqhWZXYMN3Zv55qr0dZ-dE_3TeWsWen4-hVa85kv21hwFFTxypNSoUyUknOypR2TsQVElspPail0p_6l9dfmmqQ7rjQ4Sn_cRf8JkNmtR2-2tWZY1dfcqnlsd5B9KRCyq935VT=s4800-w800-h800"",""https://lh3.googleusercontent.com/grass-cs/ACvplmPm0uKBMI1tvwBASp972_xDrWilOtbpYGc-OP1hrx1X2KqWdWGoG7JB0X-IJ2t2PjeZc8_1gUjHJCwVtEZgbF6vUqoqsNMqhGuduG-R8SyAo2DULO2E5Fufz-QDnQfEirMdOuM-vA=s4800-w800-h800"",""https://lh3.googleusercontent.com/grass-cs/ACvplmPFigl9qwzyV8laXPz3hSuO9dx0sP75s5-ZycpIaQnxA42UgISOBxVdLxptF4oLN3guF_Yvc2L8_FwjuoEt3wF0tdzX_pGNkW-gw8dIWFV5envxjjulXqVYNE6iP244eRoIWvsTCpQX9Mk=s4800-w800-h800""}","https://maps.google.com/?cid=16226626681456338499","[[[660,1290]],[[660,1290]],[[660,1290]],[[660,1290]],[[660,1320]],[[660,1320]],[[660,1290]]]"
"Ni Café 妮咖啡 竹北店","竹北","24.824139","121.027237","{""咖啡廳""}","$$","4.5","環境明亮舒適，light meal與甜點選擇多，靠窗座位皆有插座與良好採光。","{""早午餐"",""咖啡"",""可辦公""}","0989-688-980","unknown","","{""https://lh3.googleusercontent.com/grass-cs/ACvplmOh42XDNYzwxvM0I4DgE1lTAJhQAq1s1MtJW5t3uS20A5VzObFaAYEfalOsRKczOfoSxG8JDxoST1rvpq78qthKHUve_cwwTa3vDy0eDoZ5CVFdklQ1z_HZ6mq5zetv81Yy8PDK2g=s4800-w800-h800"",""https://lh3.googleusercontent.com/grass-cs/ACvplmOecn2uLyJM6eEnJmrpjn-w6SX5RcVKIQKLwvqePz9JREycslevS7DeWbMO54Ol1eLfJZHIcvn0AyoeQ3WTbxpDpMfqqeFvAtj-l9eJX3ZAg09hZvQF0gv4LckTGIA_o54zVkon=s4800-w800-h800"",""https://lh3.googleusercontent.com/grass-cs/ACvplmN5NBsF8EonD1iqo-UzHrHu4ejhwBt4QEI_yUFJJzH0Nyx8Zo4odBbqYeEsnUxHbRSL_HYwVtd0sWSA2QbsqSsWhzXLtkNRy3IAezs9PlnTrymWzYY2I5fccGcEDiLCxJnhUc1EMA=s4800-w800-h800""}","https://maps.google.com/?cid=13001142403186106390","[[[540,1080]],[[540,1080]],[[540,1080]],[[540,1080]],[[540,1080]],[[540,1080]],[[540,1080]]]"
"山上走走 日式無菜單鍋物","新竹市","24.805752","120.970356","{""火鍋/鍋物"",""日式料理""}","$$$","4.8","巨城商圈無菜單海鮮鍋物，波士頓龍蝦、日本A5和牛與海膽輪番上桌，湯頭最後煮成雜炊粥，Google累積近兩萬則評論仍維持高分。","{""無菜單"",""龍蝦"",""和牛""}","0979-678-778","lot","付費","{""https://lh3.googleusercontent.com/place-photos/AG9NLjB_d4_qj-CfyXI4qOWrEr6cLpZrvQgkmjllpx5QWhXEcBgkk-gsy-bpulW86GFOpjt5SBMkiFNMUee423ZThXJE0dZlkp1os5iTb7SdMz7pfpapalnMZJl0UhOmtsQgZu4HEFZmMBdI2emvRA=s4800-w800-h800"",""https://lh3.googleusercontent.com/place-photos/AG9NLjAop0k1wMi8lAPRXcH9J2Nte8h6mrP65noB_2ZOowyWAc5cvtNZaJYsBXTRPAddvxkFTWsTSkcyiC8jo1_FPRafGVjjGrwE1QpOvvQ1GgehIUy5FR4sB9VJ0LwZOfKXzlbfDd5P6SU8NbYgqexdfnZ_=s4800-w800-h800"",""https://lh3.googleusercontent.com/place-photos/AG9NLjAyjsVEWh0CeFYuACL38xFGs8YBtbEjkRRLi2op_AybvCrpFwzJKE58Nw7lrVgP-QDS1fBmOIwx2eZuSpHD66v9INH0VX6yiCOIYVoGdihdJuS9gsUYUbiYxkEIRA-t0vtvr-toycHEyJWI=s4800-w800-h800""}","https://maps.google.com/?cid=13505636924870070035&g_mp=Cidnb29nbGUubWFwcy5wbGFjZXMudjEuUGxhY2VzLlNlYXJjaFRleHQQAhgEIAA","[[[690,930],[1050,1290]],[[690,930],[1050,1290]],[[690,930],[1050,1290]],[[690,930],[1050,1290]],[[690,930],[1050,1290]],[[690,930],[1050,1290]],[[690,930],[1050,1290]]]"
"滾滾風居","竹北","24.82403","121.026026","{""火鍋/鍋物""}","$$$","4.8","竹北高評價精緻鍋物，多達10款湯底可選，活體帝王蟹、波士頓龍蝦與和牛皆在菜單上，食材與服務評價一致好評。","{""精緻鍋物"",""海鮮"",""和牛""}","03-658-6277","lot","免費","{""https://lh3.googleusercontent.com/place-photos/AG9NLjB6G7bDsiPnBkH7cK_rZcMFmH9lFuasn3UaUdOUSDHSyyy6Myfs2CvrGEPUJhzicqnMT7weB8IoPOprJMHo_NI7fDrmuBFPxRMKuiUTTYTi1JQRlXbSP62Bfney_yjYsw1u1NQqeDHtsOyeW40=s4800-w800-h767"",""https://lh3.googleusercontent.com/place-photos/AG9NLjBXGftWfLh9nJXm3oAgrhG0EvYjeIa3CzG0PRcc9eDZ154yc12EBZlX3LD9Pg6i2R_dp3fpY6uBuf01tGR9MHElo92_E9iMs_qV8JXhhDCEX208OERhr1kNFTbCAXK19ATdcg7Mcf_F0VzZsQ=s4800-w800-h800"",""https://lh3.googleusercontent.com/place-photos/AG9NLjBsO8z8B4UsTZ3KyQPhJ3oOVlnGbx4CiLlDcZGWaiOHzQugoQT_uG7AtcffqgjvKYa4iIQ9Mc4MKvhXkXHl1RNmdotyFr-lWfA1vsFIzxBZj6yhJGECHhCPeWnDe5MqsPZAOt9CRCxnxfjmWc_-Tji0=s4800-w800-h800""}","https://maps.google.com/?cid=3223068926629973094&g_mp=Cidnb29nbGUubWFwcy5wbGFjZXMudjEuUGxhY2VzLlNlYXJjaFRleHQQAhgEIAA","[[[660,840],[1020,1320]],[[660,840],[1020,1320]],[[660,840],[1020,1320]],[[660,840],[1020,1320]],[[660,840],[1020,1320]],[[660,1320]],[[660,1320]]]"
"愛華火鍋","新竹市","24.792355","121.011155","{""火鍋/鍋物"",""吃到飽""}","$$","4.6","好市多商圈人氣個人小火鍋，8小時熬煮老母雞湯底無多餘添加，蔬菜自助吧吃到飽，Google累積超過2700則評論、週一公休。","{""個人鍋"",""雞湯鍋"",""平價""}","03-666-1055","lot","付費","{""https://lh3.googleusercontent.com/grass-cs/ACvplmMimrxNyEkaD_PGT-2nMg5fdRG5VdUMWGM-xmLJ_i4EeFDUHbGj6evpsmJZzvkTS_i1UY6aLlNEp72AsF48T0hxPRQu3a2CSdg65M2zM8bELeqe8R5-SBJIeJ6Q5VlIooSzjrU4NQ=s4800-w800-h800"",""https://lh3.googleusercontent.com/grass-cs/ACvplmMHHS7udzez6H0tHJroAGBBfGR1MviuKyFGmx5eBJyUiCQ9194bVjjGHf1Rrof_Ei0FN59vhzGLCEp1ZLKVhhSKEIAQop9ud4aDlXEiL1TPSAPrdXp5OfKcxaFWjOUHFH8CsH6D=s4800-w800-h664"",""https://lh3.googleusercontent.com/grass-cs/ACvplmOvSxEF_rOlrbdgXtR8oyncrafq59Hho-28xRJOQ3sC7rYjTWM-WSrw7qUpLMR9x1RiqpYUhKcJyOin0Z3KlpsrzuEp8KA0kMEWCIDwA1lRFU1rCfB236btvFB8ZH53oAWKkhUA4IzpUDE=s4800-w800-h800""}","https://maps.google.com/?cid=8735367430154647776&g_mp=Cidnb29nbGUubWFwcy5wbGFjZXMudjEuUGxhY2VzLlNlYXJjaFRleHQQAhgEIAA","[[[690,870],[1050,1320]],[[690,870],[1050,1320]],[[690,870],[1050,1320]],[[690,870],[1050,1320]],[[690,870],[1050,1320]],[[690,1350]],[[690,1350]]]"
"嗑肉石鍋－竹北莊敬店","竹北","24.82795","121.029208","{""火鍋/鍋物"",""吃到飽""}","$$","4.8","平價石頭火鍋吃到飽，現切肉品搭配上百種自助吧食材，328元起即可享用，適合朋友聚餐（評分為各平台綜合估計，建議自行確認Google最新評分）。","{""吃到飽"",""石頭火鍋"",""平價""}","03-610-9996","street","付費","{""https://lh3.googleusercontent.com/place-photos/AG9NLjAt5NJKK_lpgBcdChlFLD7Ihalgr3JhV8VV838dudCs1tuqOqKNLeHeu_rQUaIgQfmrLm62TJSHWqdI9MrZ54jEFDOChmlpZzRbQTA5wa8Q9ToZR3NspxU8gJ6F1qWlENX8gR0KxwIBjQBD8RY=s4800-w800-h726"",""https://lh3.googleusercontent.com/place-photos/AG9NLjAPpGi_KcZiwHKZN0HbycGF9kfP2kf7TTFPao5Hc1hr__XkR0DLI5e9xwAsYTx5FYWcRNIXDdDMNAzzqRRPt1JHMbx1OeehgYACkAC8pIa8s9PgHRau6RHuKyZzebj0pPfRtyHqIYD-WcKKveAKtEqqVQ=s4800-w800-h800"",""https://lh3.googleusercontent.com/place-photos/AG9NLjAqWm0qObpASRo2OveWl1o0ZjjNt6H8exTqXWGPYgBJPhAEk26us-DxYPwWHACnEEcnRLbWbRDVclgczUt8-ZWGnjBFGCiKH03plR56sPxBTDpNMv2C19sR6PxDn2SQD96ODZUbYY6WOpd10Q=s4800-w800-h800""}","https://maps.google.com/?cid=17275776308665240003&g_mp=Cidnb29nbGUubWFwcy5wbGFjZXMudjEuUGxhY2VzLlNlYXJjaFRleHQQAhgEIAA","[[[660,1560]],[[660,1560]],[[660,1560]],[[660,1560]],[[660,1560]],[[660,1560]],[[660,1560]]]"
"涮肉亭－竹北光明店","竹北","24.831788","121.01049","{""火鍋/鍋物"",""吃到飽""}","$$$","4.1","麻辣鴛鴦鍋吃到飽，天使紅蝦、多款肉品與哈根達斯冰淇淋無限供應，Google累積超過1100則評論。","{""吃到飽"",""麻辣鴛鴦鍋"",""宵夜""}","03-657-3732","lot","付費","{""https://lh3.googleusercontent.com/place-photos/AG9NLjAAwgZquGRY4YJJPDyGTYg_doNgtxLSozOJp5j_cMZDukl44eQ4WECNlpHqRyv2nRjMlVI2BnCFpHq6UYlI3zDSKGHLAy9s2PIE8zf9GaFiafXtHXWvYfwF-nOzmLI18T7xATDYzWOgWu106A=s4800-w800-h800"",""https://lh3.googleusercontent.com/place-photos/AG9NLjAO94doCVza-P6AJintAizHTC1Gb9295tDvyMNe6yyh7GdGDJXD1xm5ejFoW51HDGS2462tDftipauqidDMNYWD8N5yx3jyIvdRe9HPZ8PUwvMWN76llkibZ0Je56q_ADt7MaJ-nFmTaNsINFY=s4800-w800-h800"",""https://lh3.googleusercontent.com/place-photos/AG9NLjC6KbuVhIhX_tIdNmrKqU0NZJNEXyNs8gj_nTWAN4f-zEjifD1fDvulUWhX2hwfq-NTqahZsSbFbKKJWQwPDCjg47O0-WJusll0dNQffzwm-44pqj6tBVtUqwjc3ETt-xRTL7FnQDbeVYHgeg=s4800-w800-h800""}","https://maps.google.com/?cid=3000043961694865326&g_mp=Cidnb29nbGUubWFwcy5wbGFjZXMudjEuUGxhY2VzLlNlYXJjaFRleHQQAhgEIAA","[[[690,1500]],[[690,1500]],[[690,1500]],[[690,1500]],[[690,1500]],[[690,1500]],[[690,1500]]]"
"松島食堂","竹北","24.806907","121.030925","{""韓式料理""}","$$","4.6","竹北人氣韓國傳統一隻雞專賣，湯頭清爽雞肉軟嫩不乾柴，內用90分鐘限時，週二公休。","{""一隻雞"",""寵物友善"",""韓國主廚""}","03-667-0795","lot","付費","{""https://lh3.googleusercontent.com/place-photos/AG9NLjByXh1CPybdxYhQFAfnyXzorFeaaXQiFDZrOQEFa1c7dWQ_mqCL8OwQPDmS6IE2wx3JfBJFMrneDmwsjxTfU4gK0G7KtPrtMAx5BtV2lMsKTuPg4XaNZPFUFRNuLJ-K5fvQvbIfjm3aNzhi7A=s4800-w800-h800"",""https://lh3.googleusercontent.com/place-photos/AG9NLjBwn5-6SeFOkvwfeLilzt8g0ZWdZ4dnVpE-lM-nNpeHv2j54y10hErDDNiqAKOdmr30q4mi3bSZ7BapAjKdgu9Youl9j7erijOkSBrB0a3DeZSv9Hxt4l2WjKDiGnzyaJ2K7MqMCKuyJObYZoo=s4800-w800-h800"",""https://lh3.googleusercontent.com/place-photos/AG9NLjALFFFhifuNxvOQMjLaIMlN3_cCOvfS6xU9U3IA3OYeIRS5sLLTGqLV8ERgedtQE_ui8Yf_9MOQ0HQYBx40aP7PPTbbEUdAVo8cBuC7LHNPAe-3SZo6QAOLWaz2OfaBEYO9IO6rwLlKE9EoxVC0lTVSWw=s4800-w800-h800""}","https://maps.google.com/?cid=1228034172139835353&g_mp=Cidnb29nbGUubWFwcy5wbGFjZXMudjEuUGxhY2VzLlNlYXJjaFRleHQQAhgEIAA","[[[690,900],[1050,1260]],[],[[690,900],[1050,1260]],[[690,900],[1050,1260]],[[690,900],[1050,1260]],[[690,900],[1050,1260]],[[690,900],[1050,1260]]]"
"娘子韓食－娘子居食屋 竹北店","竹北","24.828387","121.008698","{""韓式料理""}","$$","4.4","竹北人氣韓式燒肉，八色烤肉、馬鈴薯排骨湯與起司烤腸皆有專人代烤，Google累積近兩千則評論。","{""燒肉"",""代烤"",""聚餐""}","03-558-8331","lot","付費","{""https://lh3.googleusercontent.com/grass-cs/ACvplmP53r7UtQThiOvwhVSKvDyHgzkJIxeluErJCIuNV1mzVhA3UrSxih9TLeZXviZd01svv0x8LnMSvgaOrRqhRkG86sSG-yUbc6E3ONhF-_kRKn_1zpSgbs1vnSD9c43uZAe8xxdd=s4800-w800-h800"",""https://lh3.googleusercontent.com/grass-cs/ACvplmN2DGJxnqrSsprUDbCRi6YZyEbRJR22-WYeDN05BTttGzwfAR47_irOH6VB4Rvei6SW4EqvNxWSON6niiafmLJ3_cf-sXIS8zr-cOXpma0kLAOes-5FEoECDPCnC1Y28XQRIuCWng=s4800-w744-h369"",""https://lh3.googleusercontent.com/grass-cs/ACvplmP1ot1ik0slTdbMZfHPJl23_quYWtTf9XE-HZS6WE7D4Q5jVEru7JWxF-n8Pl5sp19HVBb7gaSbdeN8cYyLzMaqZBYHdsDcH4KyS7YHzqZu0B7-f_DgCl_pADPf1f0_L3iqPDfbVTqe3acN=s4800-w800-h800""}","https://maps.google.com/?cid=7607564810128440527&g_mp=Cidnb29nbGUubWFwcy5wbGFjZXMudjEuUGxhY2VzLlNlYXJjaFRleHQQAhgEIAA","[[[1050,1350]],[[1050,1350]],[[1050,1350]],[[1050,1350]],[[1050,1350]],[[690,870],[1050,1350]],[[690,870],[1050,1350]]]"
"韓宮館","竹北","24.807624","121.03831","{""韓式料理""}","$$$","4.6","6+Plaza高樓層景觀韓式料理，招牌韓式豬腳與海鮮煎餅人氣高，小菜、玉米鬚茶與紫米飯無限供應（評分為綜合部落格評價估計，建議自行核對Google最新評分）。","{""景觀餐廳"",""豬腳"",""親子友善""}","03-668-2345","lot","付費","{""https://lh3.googleusercontent.com/grass-cs/ACvplmPYOxJ20iSW0aXcyxI5lIogTWI_4zFLJBJPHYlGIhhW9Iu95Cnh9qyJzQl1yBMrsqzZC-hZSXHGSSxbTZHQmri_sj4q-KTPPAJp3pNJAh30yAiIO-w6L1zSBONnNV84gKpYHtsJ=s4800-w800-h800"",""https://lh3.googleusercontent.com/grass-cs/ACvplmMPTTNcvndSy8NE04ePZrx1F8dfdh9y-1UYFcame17n2JjGbmXmTUjEtKojjZ4VYeQMoyO_W-RZqT9CXLIKgH_TXSGAdPa9Taf7cN63EASUCUDMCH6Tddcg0bLz_wbXOpYTehgJ=s4800-w800-h800"",""https://lh3.googleusercontent.com/grass-cs/ACvplmPXqdis4AWc_xyl5JgBexgEcXPF0kh9sMLetrehRMo4g0sr77MxnfU_X8MElcDH2DuNC05T9HuyEVcOWL3JSMNZJYiXsxTdrPDkSiSR2SDZCA5gL1k3dtPWEvmCjZi6aIp04IG6ezk9gzdY=s4800-w800-h800""}","https://maps.google.com/?cid=6244104156278847592&g_mp=Cidnb29nbGUubWFwcy5wbGFjZXMudjEuUGxhY2VzLlNlYXJjaFRleHQQAhgEIAA","[[[690,900],[1020,1260]],[[690,900],[1020,1260]],[[690,900],[1020,1260]],[[690,900],[1020,1260]],[[690,900],[1020,1260]],[[690,900],[1020,1260]],[[690,900],[1020,1260]]]"
"韓食館","竹北","24.832121","121.015474","{""韓式料理"",""吃到飽""}","$$","4","低消175元起、數十種韓式小菜吃到飽，海鮮煎餅與辣炒雞塊評價不錯，週三公休（評分為綜合部落格評價估計，建議自行核對Google最新評分）。","{""小菜吃到飽"",""平價"",""海鮮煎餅""}","03-558-3692","lot","免費","{""https://lh3.googleusercontent.com/grass-cs/ACvplmPujWIN5Y_baZQux5HqBHfkhwkjkmhyKJVbacEdhksZd5PGUjVJbH67QzUksuNMcgd93sqL2UPA9NL8ZfAw1QlkPXPV5Uf-lHBLzNmWoK3z57Gd7dcraI2jDKvowEXDqKPKXCBu2YxoygZg=s4800-w800-h800"",""https://lh3.googleusercontent.com/grass-cs/ACvplmPKFsrBaPrzhDOjy6vWCoFMY7whyr44Y52pnOvCdWK2c08oYUlilD__Vil05LAF2iCbLnbFzwUL5PL1Q6KxVLKkdYzg720zGcLO9pEt_AlDj0nXPtXEG0kbU4vM7VuSLqpnXbj8=s4800-w800-h800"",""https://lh3.googleusercontent.com/grass-cs/ACvplmNod8lbKyQOkGxK-XflP2og9FZ5ra6mP7dDJsp98U_2aoblyOLffh-EO6lnUsWUqwpivmf2sTUdzagwu8t166oJmUOPtJdBVcG584IrTqiT4xxwE62amidDF6tP706AH0f6wPOiW3DDC88H=s4800-w800-h800""}","https://maps.google.com/?cid=1964074174387050502&g_mp=Cidnb29nbGUubWFwcy5wbGFjZXMudjEuUGxhY2VzLlNlYXJjaFRleHQQAhgEIAA","[[[660,870],[1020,1260]],[[660,870],[1020,1260]],[],[[660,870],[1020,1260]],[[660,870],[1020,1260]],[[660,870],[1020,1260]],[[660,870],[1020,1260]]]"
"Pab Jib 杷記韓式料理","竹北","24.823222","121.013273","{""韓式料理""}","$$","4","韓國老闆娘主廚的道地韓式料理，精緻小菜無限供應，週二公休（評分為綜合部落格評價估計，建議自行核對Google最新評分）。","{""道地韓味"",""小菜多"",""聚餐""}","03-558-3950","lot","付費","{""https://lh3.googleusercontent.com/place-photos/AG9NLjC9mkeiEvIKh1A1yyxHDHrT2oDUtuD61skfstSMcCIo_Rgm6Ubq98XFNHqnlvC4ZUbQZlnPKOydGOJwrK56yn-cc0RMUepY9tH8_aDX1_IUXeWrMU9px0K45iF75wQKsDFnwfpkZhiO63XW7w=s4800-w800-h800"",""https://lh3.googleusercontent.com/place-photos/AG9NLjDulXUf7CFMy_jpo0swIP5BqMIUARNdgnMpXhjKnfauitnacLX6e3yhey9CkatxhvoN88VKWXDrpejSLpscqcpW2nFztMsjNVn3MtfFkQsT-EE6M7KUZtOUYcat5wRH9_pj4qqFLtYK3YSouWQzfaOL=s4800-w800-h800"",""https://lh3.googleusercontent.com/place-photos/AG9NLjDvY-Ljezb9yGaRRx4N8CzGOk5xkeeA32skfaIfin4esVM6SrshcEAyzvj1JC_ieBx338F_wXQXt6QOHT0Dg_4ksOhKqR-tL0DWlR1IDZS53ZSErdhO8D4BK4A0RzpJeOCIAsCzLiL0dkPTVsR9kpX_=s4800-w800-h800""}","https://maps.google.com/?cid=10075689695878558999&g_mp=Cidnb29nbGUubWFwcy5wbGFjZXMudjEuUGxhY2VzLlNlYXJjaFRleHQQAhgEIAA","[[],[[690,870],[1020,1260]],[[690,870],[1020,1260]],[[690,870],[1020,1260]],[[690,870],[1020,1260]],[[690,870],[1020,1260]],[[690,870],[1020,1260]]]"
"私嚐居酒屋","竹北","24.829653","121.018572","{""熱炒/居酒屋""}","$$","4.9","竹北深夜食堂型居酒屋，創意串燒與墨西哥辣椒雞翅人氣高，寵物友善還有狗狗專屬餐點，每日營業到凌晨兩點。","{""深夜食堂"",""串燒"",""寵物友善""}","03-657-1606","lot","付費","{""https://lh3.googleusercontent.com/place-photos/AG9NLjBxX3dP60am4_SRvULWIcJoaCNqKzrM26tNSCTotafesmKmLF-oSTX6UzW2e6F8jLoqT-kn5m6Zq3crrXalL3iBtIBvKx0CjN7g-DiVZe_cXoyT3XFkHtUb_RXauU17tjY5bYn6Tnt9VXNu1Q=s4800-w800-h800"",""https://lh3.googleusercontent.com/place-photos/AG9NLjBV6_BYcx2AewMC3aTRkieV5ec_9h-_UfXD0eyZJnHr8yULUfb45p5wlpbeFhBrjwWT2JNENhCCI6xQomYPMAC58N4XuIlLk69JYLuY6D3xdm0nqibnmYyDJgy3XFh7CmanscKn2iJ8xnTDPQ=s4800-w800-h800"",""https://lh3.googleusercontent.com/place-photos/AG9NLjBjNEpqmH4uw2f5eWc_6eZ4xGIPf20uKtqmNqebxtSNXO_10PZbx77pbQ5ykX88tqlmSGbkT5nrjiSwDqaWRG17gkoSh2AKjKGyCUi4OGRFU02bGHADETQj3sMAo2n8FL0lVscHZwUS1y_y9FD1RRr7=s4800-w800-h800""}","https://maps.google.com/?cid=8197319946136965868&g_mp=Cidnb29nbGUubWFwcy5wbGFjZXMudjEuUGxhY2VzLlNlYXJjaFRleHQQAhgEIAA","[[[1080,1470]],[[1080,1470]],[[1080,1470]],[[1080,1470]],[[1080,1500]],[[1080,1500]],[[1080,1500]]]"
"8號複合式Beer","竹北","24.835944","121.020676","{""熱炒/居酒屋""}","$$","4.2","台元科學園區旁平價快炒啤酒屋，晚間有駐唱歌手表演，提供免費停車場，適合下班小酌聚會。","{""快炒"",""啤酒"",""駐唱表演""}","03-555-2919","none","","{""https://lh3.googleusercontent.com/place-photos/AG9NLjDrScnTxsjlV_TQcSHuH2PIKixpUHZ9wt5nz6nrkUZU3jnIxP_KBfJ5kG2rnJ-DY2-ESZvzVkZzwv7J8WzNrSCPOIaQyb71Shwyl9cL1A0UvCODhjpCL6Iok3BL3YU39QT0m2TPRX8aP0KDL-0=s4800-w800-h800"",""https://lh3.googleusercontent.com/place-photos/AG9NLjAuptSEREkscRmrdS8xZVH9285WEqSbXTmbKesr8Alw6TiKn8YOazwTqXdVwFKWmuqoRMrXvL4bcaEABSv4qhgUM2KOAwUxDunCpYHUTbqcGW7NVYHPbpquCPUbnRNu1W_goaQMaqa7MMeijlk=s4800-w800-h800"",""https://lh3.googleusercontent.com/place-photos/AG9NLjAazu17JuZNIaou1TooGWz75ytnFqI4ekLEVFYbckrVmdF0qBdesLy30x8TcX-yJT80-F_wvS-kFhnkhlgg7-CdrCNsyIfhjveekhkkJ2Qukth2U_5ms7VICCfxdVip3tUzVY-RDCBC5bYS1A=s4800-w800-h659""}","https://maps.google.com/?cid=14051225415186640149&g_mp=Cidnb29nbGUubWFwcy5wbGFjZXMudjEuUGxhY2VzLlNlYXJjaFRleHQQAhgEIAA","[[[960,1560]],[[960,1560]],[[960,1560]],[[960,1560]],[[960,1560]],[[960,1560]],[[960,1560]]]"
"哈酒社","竹北","24.809917","121.031641","{""熱炒/居酒屋""}","$","3.8","竹北經營多年的平價快炒店，台灣鯛活魚與剝皮辣椒雞湯是熟客推薦，營業到午夜、週日公休（評分為綜合部落格評價估計，建議自行核對Google最新評分）。","{""平價快炒"",""活魚料理"",""宵夜""}","0981-520-856","unknown","","{""https://lh3.googleusercontent.com/grass-cs/ACvplmNdadPENbtF63KE0UQzTmWgP16QBSZx2jTyrkXvSGhb5w6KRNu8K2cylBDpiHxSzPuhpFEdD2s87F-rAmdXcOxjkHfvnEkqQVhgeRp31qh5smf8B9Su-mkPPWs1hhhlZptk3biH=s4800-w800-h800"",""https://lh3.googleusercontent.com/grass-cs/ACvplmN7aTjxTkvHy34903yiIUL5tKpY7Sir3Y93KhAeSWglRp3ttNxFwR5Yo5eG97ZihLnm0KfvyK4L8NKHpraT81Q4ZXVu_GVCQsv8e3wN3O6d_5oRqgHSviGmdCdJjyjdiRXPLMw=s4800-w800-h800"",""https://lh3.googleusercontent.com/grass-cs/ACvplmMR-yGsBn3Pmyy-vRf6pacDeR58Fdu5HlFDGyF71PvFgL9NpYthBXPVwg5x8jPZp6XvdTmvBxI6KB-X8XSsIvZkxdZWF-Sz0MVlwFvzJ_PtRoq2GF-FlHACWc9niJZLEzvJH-6A=s4800-w800-h800""}","https://maps.google.com/?cid=18176502991114115875&g_mp=Cidnb29nbGUubWFwcy5wbGFjZXMudjEuUGxhY2VzLlNlYXJjaFRleHQQAhgEIAA","[[[660,840],[1020,1440]],[[660,840],[1020,1440]],[[660,840],[1020,1440]],[[660,840],[1020,1440]],[[660,840],[1020,1440]],[[660,840],[1020,1440]],[]]"
"楊-台西鵝肉城 竹北店","竹北","24.8272","121.003015","{""熱炒/居酒屋""}","$","3.9","在地經營多年的鵝肉專賣熱炒店，招牌鵝肉與涼拌鵝胗皮評價穩定，適合小酌聚餐（每月固定週三公休，出發前建議先電話確認）。","{""鵝肉料理"",""平價"",""在地老店""}","03-551-9879","unknown","","{""https://lh3.googleusercontent.com/grass-cs/ACvplmPj8G2b-XmWtllyaVD1ISGVS4sbv2j-FNJ1_URfOh7XycWw1r3W0UYp0FFj4nEcGYpWkOiGCXORj06qELJHoUjUES7H9MAULuuyzYT-mnmJkXMoBkg9inYXQgoHxjxqcaxcd4nOYw=s4800-w640-h427"",""https://lh3.googleusercontent.com/grass-cs/ACvplmPd__YXXxYaiBoryRsrIxqTIJH8GR1c1Cen8WIJW3KCm6Xcb6zTIyyxcUmHSWAA2qJju0tO_XG1hh0_2JSIgO3v79Ip9mNHcP0YuW4pFKQii2dzjXiXu1jH4UtE4BbTDJkOYLa8=s4800-w800-h800"",""https://lh3.googleusercontent.com/grass-cs/ACvplmPn6astrsR5-aIeHC1luZL4u2XjKWfEHQ-ST6OWtbfZX_CbrSIIUBUQDBqHGSJCwfv5vQqRrASxI6c3rptcLkQ679MM9693x6a3ChuoXMbqflQwDiaD9V8I4wm9Uo3lfR1ftTH5LCFpZs4=s4800-w800-h800""}","https://maps.google.com/?cid=2769594794767396706&g_mp=Cidnb29nbGUubWFwcy5wbGFjZXMudjEuUGxhY2VzLlNlYXJjaFRleHQQAhgEIAA","[[[660,840],[1020,1260]],[[660,840],[1020,1260]],[[660,840],[1020,1260]],[[660,840],[1020,1260]],[[660,840],[1020,1260]],[[660,840],[1020,1260]],[[660,840],[1020,1260]]]"
"一品屋熱炒","竹北","24.825816","121.008508","{""熱炒/居酒屋""}","$","4.6","2025年新開幕的經典台式快炒，客家小炒、三杯雞與蔥爆牛肉是人氣菜色，也提供外帶套餐便當（評分為綜合部落格評價估計，建議自行核對Google最新評分）。","{""台式快炒"",""外帶套餐"",""新開幕""}","0905-579-842","lot","付費","{""https://lh3.googleusercontent.com/grass-cs/ACvplmOhQvZu-ZWkcldtlfiSMVCEUAULVPzmGNRHow5RX_0olQWDMDVshaHGGQ6jRwyL1bqP-W_CDzBnjwr3h0zbmyCuYyKySQq-UIr2Lyn6GDb7jlnYHRjm_oLuAxPyv8S5EvoMCkPmFC5Zq0I=s4800-w800-h800"",""https://lh3.googleusercontent.com/grass-cs/ACvplmNDuDgIEcKfVwrzrsPuHmK7Zsb03hkZCBf_-BV28QPVOmoj_zsACE9pYTcmwsH1066E06yUvnPjeMRmFWqufFf1VFGKmEFnLznxVerEqCflqoIMBi7UAyRFFrSkDMgBgtp3R6vlWgFl_dP0=s4800-w800-h800"",""https://lh3.googleusercontent.com/grass-cs/ACvplmNQZly2qRXzhaVnUw05ZHUnnzGPRRUXxhVs6fYrCJl8hOap4hYasPv_7ecD6j41uSvd82WklLqaZQrgKZLsPLBInzVSZXUXGKnhf-qwtTpouEfs4-DZiA4YiElI_AxGc5rS0n2e-0eaRnAn=s4800-w800-h800""}","https://maps.google.com/?cid=15946714999016581635&g_mp=Cidnb29nbGUubWFwcy5wbGFjZXMudjEuUGxhY2VzLlNlYXJjaFRleHQQAhgEIAA","[[],[[660,840],[1020,1260]],[[660,840],[1020,1260]],[[660,840],[1020,1260]],[[660,840],[1020,1260]],[[660,840],[1020,1260]],[[660,840],[1020,1230]]]"
"藍佐牛排館 LAZO","竹北","24.81037","121.032579","{""牛排""}","$$$$","4.5","竹北高級乾式熟成牛排館，正統法式服務水準，適合約會與慶生等特殊場合，週一公休。","{""乾式熟成"",""約會"",""慶生""}","03-550-6338","lot","付費","{""https://lh3.googleusercontent.com/place-photos/AG9NLjDO_K7DJ2HKRqJZlgyVUFuJtE-MEHByBxpg_gy7Y6Ff6ZWJ9WgDn-G-XhKVoNrf-JgirKpnuXVQ9z06CEmqaAlOEP-72m5UgbouW4-5s2FBcS0KPiHhqRCPUcMRrCNVktTZ93x7bbR9H7qG9A=s4800-w800-h800"",""https://lh3.googleusercontent.com/place-photos/AG9NLjAWHtRDKiJ4gjIFJY6NyBzkJ5lRKcf8ha3sFxbB0sPqqR0d-jHuUjPXuYEgTmYrepTb7mMJwQO0C-kM_KcLYRvndRq6A9WYK0Uuc-RE3_I0eJHyzoiiWr4j_3TMJYZrNa5oEolycTqMTIAAlGmcSJLA7A=s4800-w800-h800"",""https://lh3.googleusercontent.com/place-photos/AG9NLjD86iPsUzR_F3l7MR8rLOMUb6xvUehcFQJiWiWkPHpiav1y8glzchTikX9Lc9WKa1qzH1uHcKQO6mNXN4BkbKZR-d8uSZTdhXG8qv4_P3pXFTFm47WdRwjFSo1F12hvzAHHFTx_0L1gYLnGmzUf-KRn=s4800-w800-h800""}","https://maps.google.com/?cid=13955909251471347278&g_mp=Cidnb29nbGUubWFwcy5wbGFjZXMudjEuUGxhY2VzLlNlYXJjaFRleHQQAhgEIAA","[[],[[700,840],[1050,1290]],[[700,840],[1050,1290]],[[700,840],[1050,1290]],[[700,840],[1050,1290]],[[700,840],[1050,1290]],[[700,840],[1050,1290]]]"
"ROAST RESTAURANT 乾式熟成牛排館","新竹市","24.813272","120.973927","{""牛排""}","$$$","4.1","巨城商圈平價高質感牛排館，招牌乾式熟成菲力與需預訂的威靈頓牛排是主打。","{""乾式熟成"",""威靈頓牛排"",""巨城商圈""}","03-533-6007","unknown","","{""https://lh3.googleusercontent.com/place-photos/AG9NLjDHGuy8jOO5PHhoXzd_bmSZ7ECmESTY_xbE_HEEE793usSyg9nf6NUn8FqpWjRRGhZB-vERIQ7yJlBf2e73ofM7X8RvCqpn-1SHKIVpQZvQQmNPjD5Y8zeRmWKu8NoxHtj08yU6C3UfIM5FWAU=s4800-w800-h800"",""https://lh3.googleusercontent.com/place-photos/AG9NLjDNY0ieXOT_AJuOwtqNplNkZproq9RKAFL5cKNACaxYkKwqqWhse4dXRgTNw4e_A3Yi1AgQQaxBLaKzGlpzHIHfOMtSsW9CrcgkeCdOHWlOkIkBksj-sVyT0mOzatMDGnVsWWerVEguJoJUMQ=s4800-w800-h800"",""https://lh3.googleusercontent.com/place-photos/AG9NLjACOzyRvcoglBpV-w8BPcrECIyRZ-QifI5A_HBED2JBgUCZywb-LgmW0eQiVnIM6uK7yhXinyOjFqXRUPXx1TwLFm5dC11TLv39akyyqs7Op4EpbfwfaXdYfzS7wxhaDvy7bVWDy-l-vUSK6ZU=s4800-w800-h800""}","https://maps.google.com/?cid=10926784719074690951&g_mp=Cidnb29nbGUubWFwcy5wbGFjZXMudjEuUGxhY2VzLlNlYXJjaFRleHQQAhgEIAA","[[[690,840],[1050,1320]],[[690,840],[1050,1320]],[[690,840],[1050,1320]],[[690,840],[1050,1320]],[[690,840],[1050,1320]],[[690,840],[1050,1320]],[[690,840],[1050,1320]]]"
"王品牛排 竹北光明店","竹北","24.830407","121.014298","{""牛排""}","$$$$","4.8","現代輕奢華風裝潢的連鎖高級牛排館，套餐形式出餐、服務水準一致，均消約1500元（評分為綜合部落格評價估計，建議自行核對Google最新評分）。","{""套餐牛排"",""連鎖品牌"",""宴客""}","03-558-8669","lot","付費","{""https://lh3.googleusercontent.com/place-photos/AG9NLjBxDoFUubTLY4qU_N7x0HlJ7cljJRnyxiJV75o5d5O-kAzA3_aZ3Plt09T4tt7xccgqbyl2_OnS_rmwoxOzSoDqAzNMFm_t0lNMexYQ8VCJz7LQQFG29AFB1bd9ug5Qq1pd3F_VENJVbrwaQlo=s4800-w800-h800"",""https://lh3.googleusercontent.com/place-photos/AG9NLjAZPzcB2zQDZ7y42gxZpQkI7Qxj1iEnlMW6fLcxNCBSWLC6rhVQvAAid-KUcUAmyDV0V_70AplZgKk55GX8ZdnbIbhERwIauNdeGizQ7BiYPbCXbaNVOAeogPq0WApNmudxCUnxFMvRRa2KmzxtFcps3w=s4800-w800-h800"",""https://lh3.googleusercontent.com/place-photos/AG9NLjBDPLG4HNiY3eysIOGdH4dLdpJJwc_U-sKayl7uV3yXxQWdIAOfBxO8Y6LIe0wTyVeo6aaaQwACbbZ40OEGFVbFboqOGY6ZJJJQKnBhSoRFO-mzNQa6PnmcwQi0aFyx8Ij3F9iy9Ry5Co9Fgy-KiMwCqQ=s4800-w800-h800""}","https://maps.google.com/?cid=2556275415523215429&g_mp=Cidnb29nbGUubWFwcy5wbGFjZXMudjEuUGxhY2VzLlNlYXJjaFRleHQQAhgEIAA","[[[690,870],[1050,1320]],[[690,870],[1050,1320]],[[690,870],[1050,1320]],[[690,870],[1050,1320]],[[690,870],[1050,1320]],[[660,870],[1020,1320]],[[660,870],[1020,1320]]]"
"史坦利美式牛排 新竹巨城對面店","新竹市","24.809087","120.975445","{""牛排""}","$$","4.4","新竹巨城對面美式牛排館，肉質與服務評價穩定，Google累積超過4046則評論。","{""美式牛排"",""巨城商圈"",""平價""}","03-531-1507","lot","付費","{""https://lh3.googleusercontent.com/grass-cs/ACvplmOcSIg6gvYafX59ssGvXIKS5iGonJ6eUbpMLhRtmdicBCU6UAekAWSq5yhawr-dAS8MAEdx9Uo9cmD-4J-D2Bisbrwz5VPjxLfIVqc6OdBVr0WdNAZ26rDoMioz_BSaouD2SbSK=s4800-w800-h800"",""https://lh3.googleusercontent.com/grass-cs/ACvplmO27eXgMRX9yHXOP5IyJTP66swe5rUQ5150CC0SALPfllgJkji50Ok14kuH-Sv68fK-wO_DO02OgXorjNSffpKJYGkNj_HI7uFm_RhIb_VrwAx3JapT6RR3fke0aua-iv_GJOd1=s4800-w800-h800"",""https://lh3.googleusercontent.com/grass-cs/ACvplmOgBAyW_qHXWeM3TMEvH6MtZsmnUpYJA8yQU1wroc6CS-d3KAyO0I4SsgaWrQvkqo5fmW_hEzcVjmXwSgkfoYpaGGYGco8VBmnj0kmdueNn0NU2xfnR1FlRR-aefJrdIYKXLEF26H8BTmsV=s4800-w800-h800""}","https://maps.google.com/?cid=16067130509800544737&g_mp=Cidnb29nbGUubWFwcy5wbGFjZXMudjEuUGxhY2VzLlNlYXJjaFRleHQQAhgEIAA","[[[690,870],[1050,1320]],[[690,870],[1050,1320]],[[690,870],[1050,1320]],[[690,870],[1050,1320]],[[690,870],[1050,1320]],[[690,1320]],[[690,1320]]]"
"小時厚牛排 竹北自強店","竹北","24.815183","121.024103","{""牛排"",""吃到飽""}","$$","4.1","堅持百分之百原肉的平價牛排館，附設自助吧吃到飽，提供免費停車格，營業至凌晨兩點。","{""平價牛排"",""自助吧"",""宵夜""}","03-657-7711","lot","免費","{""https://lh3.googleusercontent.com/grass-cs/ACvplmPAg4IgsCzrGct-vNtiAMBo_INKnSBWho4dq5YmLteTHWInDXD4uFEmd-zp7fCB5Vet2f3reeXAhJFbIU_kF8-trHnNv41jj0vMisJ6N8FD0SIhbfKNLF5q76d3pnT92qAY3uyFkA=s4800-w800-h800"",""https://lh3.googleusercontent.com/grass-cs/ACvplmNrEre4egVFcwWqZS0NodCqxtOLzs5gchVZ7W2i91xGd9fBOaozG9Nz85FCE3wVIRVf57sfmQ9CBKbhkdEg4KvqVxY6fPm_CAyRsk99Xsv0hjR5TNsXwW5OybeJsbw2of7nHBuP=s4800-w800-h800"",""https://lh3.googleusercontent.com/grass-cs/ACvplmOl0AtulU_YMagjZqKjevdU4N313o1feGNXUQliQr7tGSKhSGZZJDeXy8s8QcYw5aT5-NuDSSPJ-rJEt7ZHrHF9OTks05hd4JqLXDxWfM2jrBQWUltNPVii5HkGJnRd0U-KESrvJqCBVHbI=s4800-w800-h800""}","https://maps.google.com/?cid=6309635148208169442&g_mp=Cidnb29nbGUubWFwcy5wbGFjZXMudjEuUGxhY2VzLlNlYXJjaFRleHQQAhgEIAA","[[[660,1440]],[[660,1440]],[[660,1440]],[[660,1440]],[[660,1440]],[[660,1440]],[[660,1440]]]"
"果然匯 竹北遠百店","竹北","24.822504","121.023728","{""素食/蔬食"",""吃到飽"",""室內商場美食""}","$$$$","4.5","竹北遠百8樓蔬食吃到飽天花板，多國異國料理輪番供應，Google累積超過4700則評論，平假日均需加收一成服務費。","{""吃到飽"",""異國料理"",""高評價""}","03-550-8883","lot","付費","{""https://lh3.googleusercontent.com/place-photos/AG9NLjCvT98KM9TUCRNvJhfoXpbYfBsmAk1QfBRDzNrekJMrZbXNGdKTlx3PZnouUiAqbuQGMnLT9LzMlT1AjSYmrJjsjO3qH_dEsH7ITm2v0ZJwcYFmXG6_mUN8KlH48NJkaFEut2JMJ2HI7XzD_q8=s4800-w800-h800"",""https://lh3.googleusercontent.com/place-photos/AG9NLjDtcuUGcv7d67O2gca49rxWQmtzh6Jl-a_zlGE_rx8gohdOQDuiPs5AMzMsU-2ZbiSHxrh5G351UJWvnuPqTsGbNNpj68TZMk_uk4qvxwImrL2xDhQH0JHftUbw7G2EuBGwJFrlS0BwfeOi-2gH455M=s4800-w800-h800"",""https://lh3.googleusercontent.com/place-photos/AG9NLjDQ_wbUopmftjX6wuBWkqf4Z8kuvdKuJ4haNtTAa46CLIu-av11RQswctE7y8ILQlGOk2Aii-6Fx_rq-rnqD-mav-fKHjBz41Gn0MnWcfa4B5TfD04cyuTPjmRoD13ps6GidFCubQ-9pKetnw=s4800-w800-h800""}","https://maps.google.com/?cid=18079193507707048803&g_mp=Cidnb29nbGUubWFwcy5wbGFjZXMudjEuUGxhY2VzLlNlYXJjaFRleHQQAhgEIAA","[[[690,900],[1050,1260]],[[690,900],[1050,1260]],[[690,900],[1050,1260]],[[690,900],[1050,1260]],[[690,900],[1050,1260]],[[690,840],[870,990],[1050,1260]],[[690,840],[870,990],[1050,1260]]]"
"森活原素 V-Element","新竹市","24.803452","120.971429","{""素食/蔬食""}","$$","4.8","隱身火車站巷弄的異國風味蔬食餐廳，越式河粉與蕈菇漢堡人氣高，均消約250元，週二公休。","{""異國蔬食"",""車站周邊"",""高評價""}","03-528-0659","lot","付費","{""https://lh3.googleusercontent.com/grass-cs/ACvplmPeIbxkaU9LFmGVGkxcsR3wcbVonwcy5-vqPgAj4wf_8EY8f8DAsI3ll5kUNb2_EuTPXH4IK5uich_TTA0UeuVsjppKcedJyQ_cqIInxmPPQzSMaB64ejuMy6Mxc_o2Ukyi5V4i=s4800-w800-h720"",""https://lh3.googleusercontent.com/grass-cs/ACvplmOw9b9zEXJZ6JdsWCWl-dYB0Y3FuEaNGxz1q5U3wpU7kwzqnasei5nf3sWOoeNKjxmKG62GmamGjc_zhDDFqLICKs1hOJWFIyREKqF_Ji4_dqbxrEBCA07bXQszUaNJqlHS--W_LBZz2fQ=s4800-w800-h800"",""https://lh3.googleusercontent.com/grass-cs/ACvplmMgqAu6EWV_LG7iK66RM2gG00lZ3PuWyPObc8DJ7jT5dEqc5qsW3-3RUHifAEemXDBW5YzJR2VXvyAl4cqD3W7fjEZpb_4-wBOnae27uJNzh81PORVhidi1GZyjQZRxznQP4ubNFg=s4800-w550-h440""}","https://maps.google.com/?cid=12310983793906514382&g_mp=Cidnb29nbGUubWFwcy5wbGFjZXMudjEuUGxhY2VzLlNlYXJjaFRleHQQAhgEIAA","[[[660,840],[960,1200]],[[660,840],[960,1200]],[[660,840],[960,1200]],[[660,840],[960,1200]],[[660,840],[960,1200]],[[660,1200]],[[660,1200]]]"
"籽田野菜屋","新竹市","24.808966","120.969811","{""素食/蔬食""}","$$","4.5","世界街排隊人氣日式健康蔬食，店貓坐鎮環境溫馨，Google累積近1200則評論，週一公休。","{""日式蔬食"",""排隊名店"",""店貓""}","03-535-5880","unknown","","{""https://lh3.googleusercontent.com/place-photos/AG9NLjA8J-M3E1FhV5tf5et2VLGwjb0b8_nf2CoNLexVgM7tMCBdLCxzBE-pZsVj0raPpy00fxihSysM5n-z5Md2_RzaGPVhKToIx0ewOj0_qPIGeUznsC0bqbvuG7q6k_GMfufD_8p9FVkfMvlBjT0=s4800-w800-h541"",""https://lh3.googleusercontent.com/place-photos/AG9NLjC4v8QWtNbnSD9Kl7O2lKUltQqmZoklDI_MCiBN7ZD_FFjswcMrqe_AUUfcNW7aXQy2dlCivilF3rUeocnUF_Peou_zM_MqZfXNak4dYWl42a3d8io7i0nFlet-RQXW9dl0YCX8AsZhS4kt1ws4qNpQhA=s4800-w800-h800"",""https://lh3.googleusercontent.com/place-photos/AG9NLjDI17dH-eN_m_PRVcEOyT46NqkWau9d-6gpWQO_gXwjlVJnIRIiSKcKRkTYGLksYjUZpgazUcE0tYDOb3aLFy8fbFs1rt_CM5Z512NlH34k5SrGqR9CcRZd8q9CBi_tzyb8er99vguRyPfmLm4U5emycQ=s4800-w800-h800""}","https://maps.google.com/?cid=10308430493708052208&g_mp=Cidnb29nbGUubWFwcy5wbGFjZXMudjEuUGxhY2VzLlNlYXJjaFRleHQQAhgEIAA","[[[690,810],[1050,1200]],[[690,810],[1050,1200]],[[690,810],[1050,1200]],[[690,810],[1050,1200]],[[690,810],[1050,1200]],[[690,810],[1050,1200]],[[690,810],[1050,1200]]]"
"和順園雲南蔬食麵館","竹北","24.814554","121.030104","{""素食/蔬食""}","$","4.3","少見全素雲南料理，米線、河粉與椰汁咖哩鍋選擇多元，主食70元起（評分為綜合部落格評價估計，建議自行核對Google最新評分）。","{""雲南料理"",""全素"",""平價""}","03-668-5998","lot","免費","{""https://lh3.googleusercontent.com/grass-cs/ACvplmNOxnsWwhOCgmuQDWMrCqVncRNesHMMzNmOOTnURK9JWP1zO_hOepgEYuBQSyCcDVkIlOyyoOL9Vrfmd8ZboFnDK_M9V1gmI9X6maAXjAEohtSeTuZvd-4SDKsm5cZjB1Eu1InLh0Woqjpz=s4800-w800-h800"",""https://lh3.googleusercontent.com/grass-cs/ACvplmMoNh6bs0haN4HaoV-rnSM042-8tbn-vMbAB_1iZWTyrq2UWwIEpgHcFdaJ5-YjufI4M_B3KcKOcVWEuMMdnpVvhggBEcpdhxzUtcls4JLB0Merz9T3EdYvY9pVQRaZ2yXVzzewxg=s4800-w800-h800"",""https://lh3.googleusercontent.com/grass-cs/ACvplmMJvludpHMNZshqMRFgXlzhqcn2voSxQFDVcqO1ILLtNZL3h8_95jpkdtzO6InZaXoAOxGf93KxefLWl1LkQi5dZK_TU7mxPVtWqtXWD5sS4dHkLKxS65vjYL87Enbn4ZkuDYHafT-c-QY=s4800-w800-h800""}","https://maps.google.com/?cid=10666119094047172305&g_mp=Cidnb29nbGUubWFwcy5wbGFjZXMudjEuUGxhY2VzLlNlYXJjaFRleHQQAhgEIAA","[[[660,840],[1020,1230]],[[660,840],[1020,1230]],[[660,840],[1020,1230]],[[660,840],[1020,1230]],[[660,840],[1020,1230]],[[660,840],[1020,1230]],[[660,840],[1020,1230]]]"
"fifteen拾吾純植西餐廳","竹北","24.815594","121.018894","{""素食/蔬食""}","$$","4.7","竹北文興路友善蔬食餐廳，主打真食物、低廢棄與客製化料理，Google累積超過1069則評論。","{""友善蔬食"",""客製化"",""真食物""}","03-667-0050","lot","付費","{""https://lh3.googleusercontent.com/grass-cs/ACvplmOrR8Kg0GxDkcaSuACEBQDFVPdrwhvsEVM50nYSReQmsbgq-nJyvWDUigr9e7iS5KGB6UOLZQr1wMTyqsoYirGnIj6n2-Nucm16BW31Rot963p5kAE6MqSGK5N_0xcfPaGnDIPk=s4800-w800-h800"",""https://lh3.googleusercontent.com/grass-cs/ACvplmPWZ-oNm_U6VKu8G4EGQRya2q6oQcL5e0UnbtdTDya3n2Sm2d96eoeuZ2yKOtUqcuDb55kxEf1T68ls7ThMB7L3mSHN_XS9On6LFO_3fPqExEcyN6sLcPN4Kffysvm4MCDD5uf_c2Q8RYU=s4800-w800-h800"",""https://lh3.googleusercontent.com/grass-cs/ACvplmO4FqrBddMpBZ_g4ifCw0lTsMb-0C5Rr0KqRYEPJUoLgYklitB5qBJh_0YYKNZ4IzZclAQfrv3qw9z5JgOU46nPgpm4ROOyxBOLv_OD7vXrBCVHXNKN7el_wNZHcDL79K_WysuRDc9dILrr=s4800-w800-h800""}","https://maps.google.com/?cid=12843759926466506641&g_mp=Cidnb29nbGUubWFwcy5wbGFjZXMudjEuUGxhY2VzLlNlYXJjaFRleHQQAhgEIAA","[[[660,1080]],[],[[660,1080]],[[660,1080]],[[660,1080]],[[660,960],[1050,1260]],[[660,960],[1050,1260]]]"
"Schäfer 希福甜點咖啡","新竹市","24.802","120.96406","{""甜點/烘焙""}","$$","4.5","大遠百旁老字號德式甜點咖啡廳，德國師傅手作甜點口味道地，週二公休。","{""德式甜點"",""老字號"",""手作""}","03-523-1287","unknown","","{""https://lh3.googleusercontent.com/place-photos/AG9NLjBQ5Jg_eZ_ihykDm6g88cDiSPAUgdFVXtXbOuyZP12_ZiBTdf5HtAB0lByaeGcSEZqLo6hXjCfUJbajub4MnmzzEazfm7Oa_yV0A2MRc2jWFsESkDNbkhLZW5-at_mF5Xg2Ht8jju3D8lfH=s4800-w800-h541"",""https://lh3.googleusercontent.com/place-photos/AG9NLjA20xmSQo6vAQnhfkMWxz7L5G9ezZSjyRLluwbgcMJ56hJ-8uApAsv6257eAKzXMNfrQkPXsIyk0_zjO6lYwSWfkpiju0gighzzzsmxrbS6ZxZ1AvIAYoa9eGgbZnXKT_DS43sHWC4I7d7kKQ=s4800-w800-h800"",""https://lh3.googleusercontent.com/place-photos/AG9NLjCjTNZw2VnqrZjrrftHlWiQsbAwD5JCCPelOsJosqbrOclm6NVYXW0oN4e-xxYBoLBK1Y5EDDHmpPk624s8d98qHWmhfaMGU570EWS_usb3bEXU860wSQcs_4tv4ZQiM3u_fS7xez-8NQIY3g=s4800-w800-h800""}","https://maps.google.com/?cid=3997993642943412248&g_mp=Cidnb29nbGUubWFwcy5wbGFjZXMudjEuUGxhY2VzLlNlYXJjaFRleHQQAhgEIAA","[[[720,1140]],[],[],[[720,1140]],[[720,1140]],[[720,1140]],[[720,1140]]]"
"The Secret 謐謐 竹北嘉豐店","竹北","24.807894","121.032605","{""甜點/烘焙""}","$$","4.4","法式浪漫風格水果塔專賣店，蘋果肉桂奶茶與白雪檸檬塔是招牌，內用需低消一杯飲品，週二公休（評分為綜合部落格評價估計，建議自行核對Google最新評分）。","{""水果塔"",""法式甜點"",""下午茶""}","03-668-2999","lot","付費","{""https://lh3.googleusercontent.com/grass-cs/ACvplmPY01iQy5fM59QJY28SSgMMKhuVwQgmxHUpud8uKuCvvRhp33cDCo-Mnzks70kmJfJlIC3kHfBbJKsrUNTsRZB8B3KImx3AVpAT9IlSjtzYaeNvtt9UxB7Z0etsdjTg00k3OzhH=s4800-w800-h800"",""https://lh3.googleusercontent.com/grass-cs/ACvplmPHNScEf2gyKg0nLHEnZ1NNwfh3WQHCR1XF1FiWkQPLlneJGBDHra5HqFqcpgrfqHjZg-F4ILHVli5bbNYWNMhn-giWaFPSX2YtGl-qVylclM2MVt9gPYmPp9q0lLqcNB31eIGCPN-eRBnn=s4800-w800-h800"",""https://lh3.googleusercontent.com/grass-cs/ACvplmMhFAKGa9QB0VHcEZ7zbz239LKH9Dnl56vo0jGdfphm6JW5Ynnx6mK8O8R9bhd0OHzYq3HENpCo8cJ_spaiVHkLhpdPzg4kCD1arFRPUO4lKERtx0lx9CQmuibWTiBjXWec-zfi=s4800-w800-h800""}","https://maps.google.com/?cid=17120450553822059292&g_mp=Cidnb29nbGUubWFwcy5wbGFjZXMudjEuUGxhY2VzLlNlYXJjaFRleHQQAhgEIAA","[[[660,1170]],[[660,1170]],[[660,1170]],[[660,1170]],[[660,1170]],[[660,1170]],[[660,1170]]]"
"I'mMat Cafe 小墊子咖啡","新竹市","24.809913","120.979169","{""甜點/烘焙""}","$$","4.4","深耕多年的戚風蛋糕老店，季節限定水果塔與伯爵戚風人氣高，每人低消一品項、限時2小時，週一公休（評分為綜合部落格評價估計，建議自行核對Google最新評分）。","{""戚風蛋糕"",""老字號"",""水果塔""}","03-535-5508","unknown","","{""https://lh3.googleusercontent.com/place-photos/AG9NLjCdl6vd6_shH0Hd713DnQ3thWzgGAhDE6GHU7BavYxBGFvOc728sNkh9OIC4XI_QwpYV2QZ54RTy0qa9McW8myvru9tyt5pD-AIdyiJ8sM1eesc11FE0O2F4MZrx_2oXlGNRE2NAMVyVxXEVKA=s4800-w800-h800"",""https://lh3.googleusercontent.com/place-photos/AG9NLjBcP3PnXApVcE9_ZJXROsuZZTpYerNz8XAxAaVwmPCqUoyBQT_IUw8oQ5VbWGpoCoxZtEypNRHLG_LkbRUJwXDMoZEb39hhakpCc73T30ZYtjO80oUP-M53wLg4pAHcYnUgLYZG637M_VAi3O_oIaeafA=s4800-w800-h800"",""https://lh3.googleusercontent.com/place-photos/AG9NLjDiiAVx02xBH3JxteOF2cYCg7Rz8HqmmPcexzVTBIBV3eWnA4D2JqQbYqXxHFqTb7KW3WfM-iSa_nZEUamaOTL6xYzvoxt3nkkjHVLmiZL-CXl1H-L9Aep90-D6Ff4EctF0vOfLVYgna_qU5Ho=s4800-w800-h800""}","https://maps.google.com/?cid=13562573430867638477&g_mp=Cidnb29nbGUubWFwcy5wbGFjZXMudjEuUGxhY2VzLlNlYXJjaFRleHQQAhgEIAA","[[],[[780,1110]],[[780,1110]],[[780,1110]],[[780,1110]],[[780,1110]],[[780,1110]]]"
"蛋然有味蛋糕製造所","竹北","24.829951","121.001351","{""甜點/烘焙""}","$$","4.9","戚風蛋糕專賣店，韓系混木質調裝潢適合姊妹聚會，可訂製生日蛋糕（評論數較少，建議自行核對Google最新評分）。","{""戚風蛋糕"",""客製生日蛋糕"",""打卡""}","","unknown","","{""https://lh3.googleusercontent.com/grass-cs/ACvplmOvZcKUeR5fNgSdU82MaWKG2tXwrFEvasC4NjTfrx4I5i5Z7Bq3bzLh1CU2zZPMbEb44OGe7sMznEACNCo2jNwimKqOH3MrtGUpa2WpQKTl9a3k3bBn84Tq4kxVXfyyjRppexEUL5S0SNA6=s4800-w800-h800"",""https://lh3.googleusercontent.com/grass-cs/ACvplmMRia2tYkGGqS-VQb3_uJ0Eb3mpm6t3X5zJfXRRhninT56MeL7G1tdbDek2VGWwmKKyelkWrhLxyi5PX4VVxCHqL3UBNho5hhLC65kDB1KCXe2THk5yrUX7tZBplgpPJw8brwZsNH3405nU=s4800-w800-h800"",""https://lh3.googleusercontent.com/grass-cs/ACvplmO7Ij-W7t4UloYFM3SL40xLc3TLw8hlMNGOlYqTunx9qtHXH4A2p4c0h53CfqLUoW1ohPYoFUlNqJ_HQhyZP_1JTxYM0Mz0nX8ADN2Q3ltpoGDL0eOljcimzL10rvX9xUkTkC768NMLy17q=s4800-w800-h800""}","https://maps.google.com/?cid=12314078037532770979&g_mp=Cidnb29nbGUubWFwcy5wbGFjZXMudjEuUGxhY2VzLlNlYXJjaFRleHQQAhgEIAA","[[],[],[[720,1080]],[[720,1080]],[[720,1080]],[[720,1080]],[[720,1080]]]"
"饅饅好食 Mum,Mum 新竹三民總店","新竹市","24.806734","120.97361","{""甜點/烘焙""}","$$$","4.2","歐風獨棟老宅庭院咖啡廳，露天水池打卡度高，適合姊妹聚會與下午茶，週二三公休（評分為綜合部落格評價估計，建議自行核對Google最新評分）。","{""歐風庭院"",""打卡"",""下午茶""}","03-528-0258","unknown","","{""https://lh3.googleusercontent.com/place-photos/AG9NLjCcFxXHKzGOl7AYPmU_n4Xe84q7YCl33A_HHr721VKwqnfUUGxNQLAU2nisLMPclLbM7mFoh8Mi99pcgZ3dEIZ5dTsVpkgbNQpFf9HIbQRQ_hCVtxKkoYisYVQKf471GIi_Lap5nZv0aaH7N30IMvQF=s4800-w800-h800"",""https://lh3.googleusercontent.com/place-photos/AG9NLjDmvylS5piFaLwJx03hwL6vaOi7hkr9gXDfAvem5ABJr061kBmVRWJ6AshxrhMxqux3z-KFqDB8rvWDIV3EKdEshPqmAXnhzSPkbWCDvcaqk6xR4jfFh_pu6VvhONCMHJci7Lgfbf4SJ0NqZ6I=s4800-w800-h720"",""https://lh3.googleusercontent.com/place-photos/AG9NLjBzE4iJe7zDzXVNNKk9Tq-6ekBbe5uzSLG1oM_ln5vjq-h6lne1gfqf4rhoo1mHdozuU8wYME18r0olkFS_2KMVoU9-mwo1OZh5hyy5GlScaNtAzjPEWMNGTNiiiMbjh5dKYZvfy0aBd4K31JMznZ4maA=s4800-w800-h800""}","https://maps.google.com/?cid=8436419232380075523&g_mp=Cidnb29nbGUubWFwcy5wbGFjZXMudjEuUGxhY2VzLlNlYXJjaFRleHQQAhgEIAA","[[[600,1080]],[],[],[[600,1080]],[[600,1080]],[[600,1080]],[[600,1080]]]"
"宗初食堂 日式無菜單料理 新竹總店","新竹市","24.805649","120.966182","{""日式料理""}","$$$","4.8","新竹市高評價日式料理，Google評分4.8分、累積12907則評論。","{""無菜單"",""日式料理"",""高評價""}","0966-027-117","lot","付費","{""https://lh3.googleusercontent.com/grass-cs/ACvplmOQIDf9vHMd8NLJrhqQpMlqGevnPCDAWaQ6hjQ0FbD0oXtCnaHl_G3YVQKyzhSWGmRMtMaKFmf3-7Q654Gh2tAD1cIDnuiaFw5ym_34cp7pyoLig_1bZ_HseS8Fl2dt07H9CJtd=s4800-w800-h800"",""https://lh3.googleusercontent.com/grass-cs/ACvplmMH6HDOfz0j8O94TGHKz0naDwZAgVMxzQe0ltbSCKxk6vtQbqRhH7gSd8UURDwU3ULLuibUbjVr0Pla-D6M9jRfukESjXinB753gKWttn0D_peRZDPTXe-P7-xVuGK-GnvWzA9e6Q=s4800-w800-h800"",""https://lh3.googleusercontent.com/grass-cs/ACvplmMMGj7ACk3OtNr4HAbShzht29s8Zyq1MEqgJzkf3UxZ8clvQ1EsPtB_4v4k9LULZ9xLDlK8eVS-sN5kcCuBgsbjJ7fzwYRfSluAZ-mXyIHNBkc2irmg7e4EVv0tx1piAUQnW3s_6rQozQwo=s4800-w800-h800""}","https://maps.google.com/?cid=4904873707138162825&g_mp=Cidnb29nbGUubWFwcy5wbGFjZXMudjEuUGxhY2VzLlNlYXJjaFRleHQQAhgEIAA","[[[690,930],[1050,1290]],[[690,930],[1050,1290]],[[690,930],[1050,1290]],[[690,930],[1050,1290]],[[690,930],[1050,1290]],[[690,930],[1050,1290]],[[690,930],[1050,1290]]]"
"藝奇新日本料理 竹北光明店","竹北","24.83092","121.012963","{""日式料理""}","$$","4.7","竹北高評價日式料理，Google評分4.7分、累積7393則評論。","{""無菜單"",""連鎖品牌"",""聚餐""}","03-558-9622","lot","付費","{""https://lh3.googleusercontent.com/place-photos/AG9NLjBMeHgSyvb7Tjf2Ti3gNdpNi--vKpqbt2FH8yY3gVCvbupCLNJgFwRasWwdM_EqmmrmhwakGMuXarxRo-_LXgssgVtvPE-HgPxAVXsa9a4j7uifkhfuBcKCIUrrQ5IfFzkUS78U3c3K9HdLzQ=s4800-w800-h800"",""https://lh3.googleusercontent.com/place-photos/AG9NLjAfg1kHzU6-TJdz_1UO-ybBEPuudNreY7np19fwjQV8ptcyQ00CgRPYc8Pw56qCQDUasOzgpwzkJMLu2VVCvaYjjw1KpJCQaHRSh6rqGtfgwIFydFADEl2dl73CigICKoLydmmNvntvA3pW7ZERhTpmeA=s4800-w800-h800"",""https://lh3.googleusercontent.com/place-photos/AG9NLjBGZWUbc-Qz_F7x1pShi04TqQaDUVmP1tm8DTpV2J1-AntMGj72nZMmUJO3SVxvmgg1FBl5uxf4re6fQ-9gpJ_R6nVltaWSUPwPBCgAnkW10wlkdx9wW1iYzHhQIELwzLXnYF62LKN1iS2NAJckdfWt=s4800-w800-h800""}","https://maps.google.com/?cid=9890620910863032371&g_mp=Cidnb29nbGUubWFwcy5wbGFjZXMudjEuUGxhY2VzLlNlYXJjaFRleHQQAhgEIAA","[[[690,870],[1050,1320]],[[690,870],[1050,1320]],[[690,870],[1050,1320]],[[690,870],[1050,1320]],[[690,870],[1050,1320]],[[660,870],[1020,1320]],[[660,870],[1020,1320]]]"
"野海壽司","新竹市","24.807079","120.975231","{""日式料理""}","$$","4.8","新竹市高評價日式料理，Google評分4.8分、累積2705則評論。","{""壽司"",""生魚片"",""巨城商圈""}","03-623-8899","lot","免費","{""https://lh3.googleusercontent.com/place-photos/AG9NLjA6KlamOY6FmoIqLfcrA3y2B1cxAPkTl93Hu8s5frcToVbDaGvBisLye_Jyz9b7Fc0tK4FUAJVGJ6hgiiQWYXA44_CZRsGPZbTG7R6wEiwo8gdxSZSnfz69gMxV_k2L3Gb4LE8yG8_yOPIYlA=s4800-w800-h683"",""https://lh3.googleusercontent.com/place-photos/AG9NLjCEcY0JIWqpiaOgyFlwbxhWjCnMcr5Im5qzUDzDiKFjdHFk4NP6pUssTW2liwWGCDGea-z6ClHZGMlSde9PaPkmsjZvGYF-POIJs-0pI6BSOSfkXYlvcePNMtniV663dHwVm_HolZine4wgzA=s4800-w683-h800"",""https://lh3.googleusercontent.com/place-photos/AG9NLjCQXfvB_21CLrKBnE0LvizqOOCkyd7nc9gGgDjqFN9wd64e1OofV1rK4NfOtbWRuiaWLs5K3TRM0xWurW-UtofYAfrwXxWHsx0gZ02gExmYRVIYIFw5AQbokiQsyRNZOZvsU4WAoO3dxA4a9mHsLyHi0w=s4800-w800-h800""}","https://maps.google.com/?cid=5466546710765873431&g_mp=Cidnb29nbGUubWFwcy5wbGFjZXMudjEuUGxhY2VzLlNlYXJjaFRleHQQAhgEIAA","[[[690,870],[1050,1260]],[[690,870],[1050,1260]],[[690,870],[1050,1290]],[[690,870],[1050,1260]],[[690,870],[1050,1260]],[[690,870],[1050,1260]],[[690,870],[1050,1260]]]"
"T2 cafe竹北店","竹北","24.827284","121.008507","{""早午餐""}","$$","4.8","竹北高評價早午餐，Google評分4.8分、累積1637則評論。","{""早午餐"",""咖啡"",""高評價""}","03-657-0930","lot","付費","{""https://lh3.googleusercontent.com/place-photos/AG9NLjAF4YzpD87LUXDn8AqWwSrlS6OQTWWmqX7VA_OAijJ2NwJVdbKhLECmYwJFWgxTixvYUsqRcpSMZsewMfOwYR2ROUiwXoKcu6Xvn-BJfNv2Ou1vlA74SRt7pbcc75xEyeecuSl5djzX5Ttue6U=s4800-w800-h800"",""https://lh3.googleusercontent.com/place-photos/AG9NLjDycatTy5MU5MrUdJ5wfI1g8V8PCCNSbfa0PVxs9ZsTW3e0zWXBTiAv9fi-5he88n_SCoidKVz6vuZ7ek02SXLr0Oep9VBGxsW4b7JyrHpAopCFbeHBB_ZlcXja8cYY7eH5fygW1H2f9-3koA=s4800-w800-h642"",""https://lh3.googleusercontent.com/place-photos/AG9NLjCN0ix7Krg6LP5D_sCVYt__to1I8GwyBEuoeVJ7Hrd_6hhDOwzVReAiqEGFOeswDj-FVeZ44yk2ZXoGfXBqqfvD0nK0jcjFXMSgYramknhy8gYT69h9IcBzOlrR7ZvwJ_gUouYybAnwUJLnSgHtSrSq=s4800-w800-h800""}","https://maps.google.com/?cid=13971806579755473704&g_mp=Cidnb29nbGUubWFwcy5wbGFjZXMudjEuUGxhY2VzLlNlYXJjaFRleHQQAhgEIAA","[[[660,1260]],[[660,1260]],[[660,1260]],[[660,1260]],[[660,1260]],[[660,1260]],[[660,1260]]]"
"森日早午餐Sengri Brunch","竹北","24.822599","121.028042","{""早午餐""}","$","4.8","竹北高評價早午餐，Google評分4.8分、累積559則評論。","{""早午餐"",""brunch"",""高評價""}","03-550-7681","lot","付費","{""https://lh3.googleusercontent.com/grass-cs/ACvplmNrLJ8bkj132-qnXYxB4cpzQgJ8r1eh9ASWXU-Z5vTNLBupVz9VJA05z752ztm0jNl0Sr3LWmHOIAQiegHn0wEE442AdF0SgOlrkmk5PMxXkOw1liQwEDPKAt_49goHe-73CjqO=s4800-w800-h800"",""https://lh3.googleusercontent.com/grass-cs/ACvplmN46uu_IBbtH951fJOY7bhHQ5rfk5uPzZwhHJFakKbTzqQ1dEygF_o-cQGAYnduudL5z_gd4RCq1NPoS4G8tAjvmTsjlHUErUbzl5c8T2lHysLEV81J-f2tkLzuAESp9cHIY-j6UQ=s4800-w800-h800"",""https://lh3.googleusercontent.com/grass-cs/ACvplmOVPKTgB5iqMgKOIlUsP0o-hO4Sqy-Rrn4wt9qbVQU-eBgu3kDQOCLMPjsDj_3IsiVxKoiPPvQsI-T7qt1Powd7yBIOjIh7oGKgoKNY6oIaOfe7IN2OCTrozNdrmdj06AVKjvoazPvtOpsG=s4800-w800-h800""}","https://maps.google.com/?cid=15709358654997222810&g_mp=Cidnb29nbGUubWFwcy5wbGFjZXMudjEuUGxhY2VzLlNlYXJjaFRleHQQAhgEIAA","[[[360,780]],[[360,780]],[[360,780]],[[360,780]],[],[[360,780]],[[360,780]]]"
"踢鐵板-竹北博愛店 TeppanYaki 韓式早午餐","竹北","24.83204","121.005216","{""早午餐""}","$","4.7","竹北高評價早午餐，Google評分4.7分、累積1767則評論。","{""鐵板早午餐"",""韓式風味"",""人氣""}","03-551-7983","lot","付費","{""https://lh3.googleusercontent.com/grass-cs/ACvplmOR_ZO9DcMqA68ePPoWlULNhUsn9kM2dRJxVKrzwyBHvyZ56iI-SoprHWsXLaUOTThH-pewWIsyPRnqOTS1MkO5WeXfoHLJtHiZGn27A832rabzW9zAbbb8xFvBoH8yjUy-LDs=s4800-w800-h800"",""https://lh3.googleusercontent.com/grass-cs/ACvplmPE4E_zng0aVsOpBNYzBrnk1-crn_GfOloDyzWWxFWHt3fVUKUR6whsnikPtIZCST3pn6eWcqX1nFcwNgCJeeCq4zCUnaRyAjqpsjstHsIgsy7gwNawW4wTiXKfXfiyjrm_lQbU=s4800-w800-h800"",""https://lh3.googleusercontent.com/grass-cs/ACvplmMBSAJtWiFbtA_Q9WVMNx2N1rcJOzLO6xNyYOl_TEKvxU-Ei19FnDJLFjSkalC7MF3bszh_EqshBGTESI51J7U9fyrh2GvsQd3tVPa8TvWTCGHqU2Ux0tnP4T8cI4AXZn70n9RLPMsaARrC=s4800-w800-h800""}","https://maps.google.com/?cid=13345473342609898306&g_mp=Cidnb29nbGUubWFwcy5wbGFjZXMudjEuUGxhY2VzLlNlYXJjaFRleHQQAhgEIAA","[[[390,810]],[],[[390,810]],[[390,810]],[[390,810]],[[390,900]],[[390,900]]]"
"今鶴義式餐酒館-竹北店","竹北","24.809736","121.025983","{""義式料理""}","$$","4.8","竹北高評價義式料理，Google評分4.8分、累積7481則評論。","{""義式餐酒館"",""高評價"",""聚餐""}","03-667-6808","lot","付費","{""https://lh3.googleusercontent.com/grass-cs/ACvplmNAYpSKIX0zaz4OzgmtTWpH2GwhfalEDQ84e4jl1lp2UyhzowYV4PHSCaT15V_TSA0TqTaQdQRbrn3UJZm4nkTdGw2dzSt6omb0ZZiWwsnWWsW2KBSje_fYtAsrX1BgffifrFBIIA=s4800-w800-h800"",""https://lh3.googleusercontent.com/grass-cs/ACvplmNyT4zr8P3eISkFNCsTRuqlnyajiRMuBxMXgA5SuRYu7ezcnXSB5Ut-m9BgQB0rir7xjdzFPPH1mNZyeu3dzcp4HxCuksC3h9Zzvlc9gcvt1mW_jndAHhzBnnGFtNBXmrEVOts=s4800-w800-h800"",""https://lh3.googleusercontent.com/grass-cs/ACvplmOzJpb7fKeqBstMxvSyE1olqBV7hpCwHM1UsFsMBMWw5hPX1vD9CNsU1z-6atOuEGTFBNE6tKlUvWeJC-APvU1-NDCFBRcy1onH-PVFdL3TuRvxKq0a0aqQMWQ9iVkLR530XILDJDRlvSbn=s4800-w800-h800""}","https://maps.google.com/?cid=12536304382738975607&g_mp=Cidnb29nbGUubWFwcy5wbGFjZXMudjEuUGxhY2VzLlNlYXJjaFRleHQQAhgEIAA","[[[600,1260]],[[600,1260]],[[600,1260]],[[600,1260]],[[600,1260]],[[600,1290]],[[600,1290]]]"
"Dambino丹比諾 手工義大利麵.披薩 竹北店","竹北","24.831474","121.015514","{""義式料理""}","$$","4.4","竹北高評價義式料理，Google評分4.4分、累積2224則評論。","{""手工義大利麵"",""披薩"",""家庭聚餐""}","03-558-9965","lot","付費","{""https://lh3.googleusercontent.com/place-photos/AG9NLjDoaIW_76Mm3DwnSHkxx7uug73Sm3qDXHvfr5jSHCahISOEZLpEjPGyZszIYCClPCtaeR3CL4cr5pNCjYD_Ejcuwt3L5mTnED2um3Kumgxaf2hlEX7TTftCQ5DES3QcTR-AH4qdAb-sbu9bMqs=s4800-w800-h800"",""https://lh3.googleusercontent.com/place-photos/AG9NLjATBqU7ZgCyZYHJl389woFo4cMy5eRoI7laIvg6-2xmGVAp5dbvNTDSGYfH1zZ3APQwxS_butuB2P2aXMrnLGzVCIoWaX42nSIZdK-X_zUKUnpBT_IiFL3GDxGZf50n9EW7tFKV3OQ3Mf6QiRmOJHNm=s4800-w800-h800"",""https://lh3.googleusercontent.com/place-photos/AG9NLjDg_TZHY-_WIDXvZt60m_RxLUUp3t5jtff6hvFeiR-MYehNxZc7uZD7cRYnCuQLTllOpdCa7P8PuGipQQ--FgVnn9iDrwQ6sJnBsuzITV0DXaLtAfyQt0ia1oyPrqRm7q27vad6nvclsUbQKqL4kybRgg=s4800-w800-h800""}","https://maps.google.com/?cid=9310882369901543841&g_mp=Cidnb29nbGUubWFwcy5wbGFjZXMudjEuUGxhY2VzLlNlYXJjaFRleHQQAhgEIAA","[[[690,860],[1050,1190]],[[690,860],[1050,1190]],[[690,860],[1050,1190]],[[690,860],[1050,1190]],[[690,860],[1050,1220]],[[690,890],[1050,1220]],[[690,890],[1050,1220]]]"
"亞丁尼義式麵屋 文田店","竹北","24.831454","121.015469","{""義式料理""}","$$","4.8","竹北高評價義式料理，Google評分4.8分、累積1849則評論。","{""義大利麵專門"",""高評價"",""平價""}","03-558-5500","lot","付費","{""https://lh3.googleusercontent.com/grass-cs/ACvplmM-aPOzK7IrOkduk6LR58kzRGsVGsrecIMfmsDNWwOpTy2uVuoD44F2C0fV7txgHTLbU6qO6cg9W-n2tds9f-eIUAtU9nzvcLA41BcctxbwL5kRst2fgij-QSsjoMD6MW4Jn2xPASyvZ34=s4800-w800-h800"",""https://lh3.googleusercontent.com/grass-cs/ACvplmPy8ZQ97wc_tRqKCQu3O6ys2kS1lrp3sH5OZDMHIJsPldNNT8qnnSK45GjyOlAihTIAQomJ0jh6iBWRL8gP1vrKryZTFKPH00qJFS5FVzVq0K43LNQgom15C985WhSXwVQqct3ehbOAm6Pn=s4800-w800-h768"",""https://lh3.googleusercontent.com/grass-cs/ACvplmMkdFlWufA-mx9S6lxiRJeyNx6pWi3kyqUaJHy25DpdNQr69vMh8tM37o8Mim3RBNgzkkoJlr-gmtd0E81D4I-i0dqse0P7nSUdXOqWRuWiM1GWEwX7UURMe5cYJGTidwOH2voD=s4800-w800-h800""}","https://maps.google.com/?cid=9316347369074091772&g_mp=Cidnb29nbGUubWFwcy5wbGFjZXMudjEuUGxhY2VzLlNlYXJjaFRleHQQAhgEIAA","[[[690,1260]],[[690,1260]],[[690,1260]],[[690,1260]],[[690,1260]],[[690,1260]],[[690,1260]]]"
"拾年一刻 TRATTORIA┃竹北義式餐廳","竹北","24.835875","120.997182","{""義式料理""}","$$","4.8","竹北高評價義式料理，Google評分4.8分、累積622則評論。","{""義式小酒館"",""高評價"",""約會""}","03-656-0830","lot","付費","{""https://lh3.googleusercontent.com/grass-cs/ACvplmPTG4xNWocoQCD4GreIwGJOy8mGwzYdlzOUp9n8Zuhhod00eZBhk389SjT8WCwtIhw4425r_pxnkExSdIRlAIiz3QLuMvHaG9tqPTUmV1fMFXrrzBQfIm6y6TOJQ1X17xu8mcgrQLKAWG3t=s4800-w800-h800"",""https://lh3.googleusercontent.com/grass-cs/ACvplmPI7-_SgBwqKxburb0ITz10YOXL9URgsPn93b1-Lhl-7E_0iLZQR5T9PAyhuIL_TSgRfh74CeuoKbOmitvPiUwiVhEY6zDcdBU4RnWDNWg50TQ2_KKZ2W-yny-V3k96ZGX1tAsjYzAY_hiq=s4800-w800-h740"",""https://lh3.googleusercontent.com/grass-cs/ACvplmOLCIaoXHdZy4Ya8gzWPcK38efQGdDZ8ZGnmUktflDgkHW-dP_489I4su_mw_QLuc6X0Jxb0IZRvYC--XKquLGcU2Vzg4x2i6N1eCPQTQHr253aoNrzXOT24oV547K1zrZ7IzW_krfVasbK=s4800-w800-h800""}","https://maps.google.com/?cid=531211586018234163&g_mp=Cidnb29nbGUubWFwcy5wbGFjZXMudjEuUGxhY2VzLlNlYXJjaFRleHQQAhgEIAA","[[[690,1200]],[[690,1200]],[[690,1200]],[[690,1200]],[[690,1320]],[[690,1320]],[[690,1320]]]"
"竹美港式茶餐廳 學府店","新竹市","24.794771","120.978147","{""港式料理""}","$$","4.7","新竹市高評價港式料理，Google評分4.7分、累積3483則評論。","{""港式茶餐廳"",""不接受訂位"",""人氣""}","03-516-0189","lot","付費","{""https://lh3.googleusercontent.com/place-photos/AG9NLjDfOuJWZ9icQLE7FCGidrK8fxvvaZjPEAY62wK1ROaKM5GZG1FeX6xty-ky_nzf8kssM6mnQ4j3voh3Z7V1FqVOhR5haMz5TsrMkvRd8QvrYQ8LFf_YUw_JuUK9MVVg2mqynZ6ysPqfhEg8h7pQrztMiA=s4800-w800-h800"",""https://lh3.googleusercontent.com/place-photos/AG9NLjBQJvVGWWJO4q_b6w9oQ7I9R5nFJ_nc6wiCPDevr5WvaJ8bI7IdAZWbpCb7RuxqUAP41n5_ceiQBG_mr45q1sDUmSfN-C1IANqEDqgwwgX4xdorQRiMLBdup7O1j5FvWruV6OEbBjoTeOvRmA=s4800-w800-h800"",""https://lh3.googleusercontent.com/place-photos/AG9NLjA6LfAB-aEJ2_1yQC9IzrKqrFIoR4RfvngW3cLUSUb-Itn6FpTvX3ltzi1umlIDrYJnODTGwE0uuyFjSs9R1eK4IRpyAJafdcqwcN3SwRQipSkLhhA3nnZ59oHj3zoeeP-WskZpW0IHE2zVnQ=s4800-w800-h800""}","https://maps.google.com/?cid=4584428865296690815&g_mp=Cidnb29nbGUubWFwcy5wbGFjZXMudjEuUGxhY2VzLlNlYXJjaFRleHQQAhgEIAA","[[[660,810],[1020,1230]],[[660,810],[1020,1230]],[[660,810],[1020,1230]],[[660,810],[1020,1230]],[[660,810],[1020,1230]],[[660,870],[1020,1230]],[[660,870],[1020,1200]]]"
"寶達港式飲茶餐廳 新竹店","竹北","24.80751","121.038272","{""港式料理""}","$$","4.2","竹北高評價港式料理，Google評分4.2分、累積1105則評論。","{""港式飲茶"",""6+Plaza"",""聚餐""}","03-575-0378","lot","免費","{""https://lh3.googleusercontent.com/grass-cs/ACvplmPCL-kanl1YJGuzdSDJXKeNEHQ7jRXG0_45QMHUlcRA_1Oj9rReV-OoAhCCQqmNU4OsjBpUUvJiuk1er-7fVWOY6JAqZR5Gp03xk8nHL7YSs17-BpRfZm6NXe7d_pn-eOrcT67JUHnDoCE_=s4800-w800-h800"",""https://lh3.googleusercontent.com/grass-cs/ACvplmNQlHbmsQkoShJ5i8NxhMmEHH2Nezy79kjy1Duy4PxvkqNTgtxkXKj0PFsGvz-ftM_E6BaEf4YvX-HrXv0uuO6FEjiQmJiqLhVHqp7WVhrdPmz9orlyLGT93f_5qVoj1INn5E1hmROaRik=s4800-w800-h800"",""https://lh3.googleusercontent.com/grass-cs/ACvplmOtOUHX7-QVuGSCK5h19c4YblUIWL4lZAg89hrZGypKZFXqtNKSrSip4e802JZV6i4bUhvtnF7_tzJRVdI8hJbaI4MGUimZ-IOGSPf8rwwlEPv_irsmMXoYdh2Xi7h_IzjkP9AUhxLczTk=s4800-w800-h800""}","https://maps.google.com/?cid=2195251189825614411&g_mp=Cidnb29nbGUubWFwcy5wbGFjZXMudjEuUGxhY2VzLlNlYXJjaFRleHQQAhgEIAA","[[[660,870],[1020,1260]],[[660,870],[1020,1260]],[[660,870],[1020,1260]],[[660,870],[1020,1260]],[[660,870],[1020,1260]],[[660,1260]],[[660,1260]]]"
"品豐冰室港式茶餐廳","新竹市","24.802363","120.961632","{""港式料理""}","$$","4.4","新竹市高評價港式料理，Google評分4.4分、累積1002則評論。","{""港式冰室"",""茶餐廳"",""平價""}","03-522-0662","lot","付費","{""https://lh3.googleusercontent.com/place-photos/AG9NLjDNBi918gf2iuCE3I89vTEBEcNAy_WZ9Xk3iRuFitOsonHFWBSx4ChfGtHH-z8SY2PBTt_iRAa1PqDH7fg8Efpu6Tqd7SwsKzqQR0uTN6G81x4_H9Hj1hx0SjK1j42acUmyKb1n0jjNdbDb5g=s4800-w800-h800"",""https://lh3.googleusercontent.com/place-photos/AG9NLjCmorU3NMPmwybDhDn3PAiVFUa7dQOFLtjUTkn3EDZk6YKvwdRxgw2fmYD8D1uZcWL_UK6gH55mLDEKh18nqNFQOQ8ruwSWCXv18ljy7FyUJJHpyuOHEY2ez79LeGJ3T4lL6HcOPbtlXVTS2IQA_SwN1Q=s4800-w800-h800"",""https://lh3.googleusercontent.com/place-photos/AG9NLjDwmkL9DonhBuBYJgtN0hX5KdhIO3m9uhSljXpQTw3bWDt1SMX1U1sMo9fja0WriQhB4AItp_O4SHH5vgX2B2KDIteJJ1vcFnLnHPbFp2LNlj9CwC4MvnlFstnCB_FsVNg-f_410Wbwq_Solw=s4800-w800-h800""}","https://maps.google.com/?cid=2544266050915231943&g_mp=Cidnb29nbGUubWFwcy5wbGFjZXMudjEuUGxhY2VzLlNlYXJjaFRleHQQAhgEIAA","[[[780,1260]],[[780,1260]],[[780,1260]],[[780,1260]],[[780,1260]],[[780,1260]],[[780,1260]]]"
"良家手工港式點心坊","新竹市","24.803471","120.977945","{""港式料理""}","$$","4.4","新竹市高評價港式料理，Google評分4.4分、累積979則評論。","{""手工點心"",""港式"",""平價""}","03-561-2818","lot","付費","{""https://lh3.googleusercontent.com/place-photos/AG9NLjCrlldh5vOxq5dWLwYZV89Aso3-dsrRN1flCXn6RIHJtOWLjhqfd4XaVU6pvyqNEP-mY_L0TqMu0VM-HIukdee1Q2sXDWHALrvnKO9f1PI5xfOAG9bWTcNad9ujxpZjmQVqUpX8SZVJlXu1FNY=s4800-w800-h800"",""https://lh3.googleusercontent.com/place-photos/AG9NLjCM8H4PZMQKYC5tdo5lVmEaZ4NxVP8PQOh8sJoIX-BxiV4sroksFEgqt0DRO6CZAAGqkglk0_UZd8y2Bq0lVvAla6xdd-gZz5aTVqTKBSCjn7AYGjoSQrKb7yfJRtuQuuCDCpXJJO95htb3KQ=s4800-w800-h540"",""https://lh3.googleusercontent.com/place-photos/AG9NLjClwlrI34YEvhNxTcbUXcFyPkqP_lXhD4BQHYaZSa7Adb7SWkyiIkyWXLq70qWPcf8q83QGYFq3ASBM2aSL7ZWb5R1PZlYC0W6NDGWclWYmgFOC16oPrkwuVAn4sa5_49WUO0NfASW8ptOvVVbN_KwwaA=s4800-w800-h800""}","https://maps.google.com/?cid=15625916984535878380&g_mp=Cidnb29nbGUubWFwcy5wbGFjZXMudjEuUGxhY2VzLlNlYXJjaFRleHQQAhgEIAA","[[[660,1260]],[[660,1260]],[[660,1260]],[[660,1260]],[[660,1260]],[[660,1260]],[[660,1260]]]"
"瓦城泰國料理 - 竹北光明店","竹北","24.830416","121.014211","{""泰式料理""}","$$","4.6","竹北高評價泰式料理，Google評分4.6分、累積6433則評論。","{""連鎖品牌"",""泰式料理"",""高評價""}","03-558-8222","lot","付費","{""https://lh3.googleusercontent.com/place-photos/AG9NLjCfK6QXC_8xeiEAgTznL_bGXRSYkOv7qLQMxO1BbddGV1T_k9ec8GoqBIMUujwbR7AW43z0FA_NidFRb-GPz45DzItaAuth_p-shVt_TTQxV7B3ZDGN4Bk8GEmfGLza1X40qHKj-bG6Lxui=s4800-w800-h800"",""https://lh3.googleusercontent.com/place-photos/AG9NLjC8lkbypmtOjf1iuvjp3HQQB1G4BGuRZJqhu3zFf45ofOocapUQVg5xfm29l-CMHSuY_7KxAQHNFib4v3S2yimwu7x7msfwFy5YCOKbTwzDXnli4l8-i7I4h37HOzkQYW1-PnFu_TkPBYhKO-i6bbJk=s4800-w800-h406"",""https://lh3.googleusercontent.com/place-photos/AG9NLjAlAVG1OqoxTLr70_GOuOjloGPZ-Y3Hseizq33r-dATJgmThHeYQavH0zPtm0CqheWWOV3BuwkXX_nexzzunS68UtFDqM2tXhnv27EHC87djBHgHRmiEM9zoU8CU_8MIn2e7pIocD7iZxctF788hbQ8Lg=s4800-w800-h800""}","https://maps.google.com/?cid=2947735363154565975&g_mp=Cidnb29nbGUubWFwcy5wbGFjZXMudjEuUGxhY2VzLlNlYXJjaFRleHQQAhgEIAA","[[[690,870],[1050,1290]],[[690,870],[1050,1290]],[[690,870],[1050,1290]],[[690,870],[1050,1290]],[[690,870],[1050,1320]],[[690,900],[1050,1290]],[[690,900],[1050,1290]]]"
"饗泰多泰式風格餐廳 竹北遠百店","竹北","24.822313","121.023618","{""泰式料理"",""室內商場美食""}","$$","4.8","竹北高評價泰式料理，Google評分4.8分、累積2663則評論。","{""泰式料理"",""竹北遠百"",""高評價""}","03-550-0989","lot","付費","{""https://lh3.googleusercontent.com/grass-cs/ACvplmMLM-c5Kniu5GBmciIvEkLq8UP_H4FPdoFDsoau9XohLc9NTBY1GRBBxDaKBDDTdTqHpVLcN6S9wA6S2rjkcFw1wyv50TfXux-iV_7mvrOeM-x5vE-SFILZJAKBoS8rrohOG_nm=s4800-w800-h800"",""https://lh3.googleusercontent.com/grass-cs/ACvplmOEVEUawf2_Yw9z4OynBsEkCklqH-Sxw9UTr4byRTHu9nGAcFzO-mJ81o_UWLvIUlTTgpk3mkAl46l2gFGWdap4tUSDZsADbmF4Y6VH3EuIvP08TRcIGpVv0gKaeZiBVQPeOFpP=s4800-w800-h800"",""https://lh3.googleusercontent.com/grass-cs/ACvplmNEueyDWGTkAAAR-oKCgqUHd3B7WNTmJbPK7a59CP7YnZBoeBV0gBvvDWFkVqpgtLeu0ICczAELxpjB-0j7W-5xpWmW5PuA8iUVt-SlKd4Th0k_TSDbx7pgyZWCs66OjE2wVT2fN8wy98wU=s4800-w800-h800""}","https://maps.google.com/?cid=12016213964163622221&g_mp=Cidnb29nbGUubWFwcy5wbGFjZXMudjEuUGxhY2VzLlNlYXJjaFRleHQQAhgEIAA","[[[690,900],[1050,1290]],[[690,900],[1050,1290]],[[690,900],[1050,1290]],[[690,900],[1050,1290]],[[690,900],[1050,1290]],[[660,960],[1020,1290]],[[660,960],[1020,1290]]]"
"泰之味","新竹市","24.802151","120.994973","{""泰式料理""}","$$","4.5","新竹市高評價泰式料理，Google評分4.5分、累積1818則評論。","{""泰式料理"",""高評價"",""家常""}","03-574-8000","street","付費","{""https://lh3.googleusercontent.com/grass-cs/ACvplmPSn7fbtIJKRL7x-t55kg4hGMiK8uhGtKwU_p7wWgXNB-rTM7ZoQRNZFV9DRkfIJ_K4yrI37TD5f_mKGCuxJP8VNO68JKYhLkACussuASSahQD1TkKiY1wlylz0v-MLRuuoD-F7XRwunmMD=s4800-w800-h800"",""https://lh3.googleusercontent.com/grass-cs/ACvplmPJCM1gSzdgWVK0umbRRsIv9J_bRGveR6obKZb0IGsPpwF70IrbD1-bOgcEpk9Qk6P5UZO7fZLK9SRSg3Yz5IMXyQlPI12VOOeInpufVOqgXj9gt0xjtDRUbHO4n_80jkuyYKHtAg=s4800-w800-h800"",""https://lh3.googleusercontent.com/grass-cs/ACvplmNVdEyac25poWb-hR8nWEYFAtGQJ7Wj6421HpbAz0KjyhyzlbMNG24OlGu8DvrQNZxGo4Y89PLJCZ2uCkKQ94tsV_dBxiW-xXP4cTIoL6JtyUEZ1GBiwh_tNKnqjPRi6wbt6YaCe14un85W=s4800-w800-h800""}","https://maps.google.com/?cid=7803946205723989692&g_mp=Cidnb29nbGUubWFwcy5wbGFjZXMudjEuUGxhY2VzLlNlYXJjaFRleHQQAhgEIAA","[[[690,840],[1020,1230]],[],[[690,840],[1020,1230]],[[690,840],[1020,1230]],[[690,840],[1020,1230]],[[690,840],[1020,1230]],[[690,840],[1020,1230]]]"
"505 Thai泰式料理","竹北","24.838429","121.005667","{""泰式料理""}","$$","4.3","竹北高評價泰式料理，Google評分4.3分、累積1238則評論。","{""泰式定食"",""網美裝潢"",""中正東路""}","03-656-5051","lot","免費","{""https://lh3.googleusercontent.com/place-photos/AG9NLjCFyWZHgLRbSoAm0PNrpBYKrcw5kHFh7AkYJ_4d5_tY3GIPPim2uJ2zwrGzT_lvw41Kfc6iq77AuDbcsoRpXyAeYKtt6y_O0Ll5ngX8i6Xv9BpGn3FsQ2nmYZtf8ZpfWY7NH02nAkjw40r4CG1j-0Bb=s4800-w800-h800"",""https://lh3.googleusercontent.com/place-photos/AG9NLjBfy9AmsBHgKi_WDtufYgbr9yKxIMYcePxXWn6E83rm7JC2yaMzhODDQb359sOXYb5sCqf9yARIYjeUmEdCzgNBs7d3UL01xMxb_E8ovegXFYzk2Egv6u1CodEYxKJkep3n2drTepARE9BUDQ=s4800-w655-h367"",""https://lh3.googleusercontent.com/place-photos/AG9NLjD-XY0GhbMvTpd17qOy-ankOz5XcVyAIuuq1nTOd_tDABhZqy4_hPJZhA7k6gNK-5omlswtYm4iEz4DlXssX8PVzRcV_T_F6XbhCtxUEzBAfnblRToOIvhMZFqFRF8RHT9BxhLykdglVfC49KAk1djb=s4800-w800-h800""}","https://maps.google.com/?cid=854593106523521955&g_mp=Cidnb29nbGUubWFwcy5wbGFjZXMudjEuUGxhY2VzLlNlYXJjaFRleHQQAhgEIAA","[[],[[660,810],[1020,1230]],[[660,810],[1020,1230]],[[660,810],[1020,1230]],[[660,810],[1020,1230]],[[660,810],[1020,1230]],[]]"
"竹東邱記排骨酥麵-竹北店","竹北","24.816019","121.021203","{""麵食/小吃""}","$$","4.3","竹北高評價麵食、小吃，Google評分4.3分、累積5915則評論。","{""排骨酥麵"",""高評價"",""人氣""}","03-658-3885","lot","免費","{""https://lh3.googleusercontent.com/place-photos/AG9NLjDmfSpMgMqNiJjPolvXHC4A_htmP8pbAXE-c8_xMOp7bjDlqgoOV_po9gzBddH-lEc6TNs_ZVxPO6SswM38UI2NYBAkXOVTb1s2QmHWNj4_5P8aJEsr-19pyXTDVKrgHBWPMGT3GS-um9FPFD429DXu=s4800-w800-h800"",""https://lh3.googleusercontent.com/place-photos/AG9NLjB8T7plEhf0JsLTRRRpZXSw6X8G2eI5r1RRU5F5iwqG7EdSIFzDFDCtz-rC2361dtLYys8RcnJnT5YtWh0f2YT6DShAYg2pHnUqhvSLNe15g1qBsfWMLmsg2pnXRmbRqcQq35H-m8PMa5Ay=s4800-w800-h800"",""https://lh3.googleusercontent.com/place-photos/AG9NLjCU5zxj-bGCNF2ZKdYoxRj2q1ghDMwOga5-KkbrkJJ2OfxDLdsuHngkDvcB9o9IH9y0rMXccHPwdFKIrEYHT64BYgK3OCQ4HXL8OIK_kR6DeDhfEgkQA75zITkYwMBt-nWW2sUPQQ2pXrN_7scSGYGSgg=s4800-w800-h800""}","https://maps.google.com/?cid=2629501078612090351&g_mp=Cidnb29nbGUubWFwcy5wbGFjZXMudjEuUGxhY2VzLlNlYXJjaFRleHQQAhgEIAA","[[[660,1260]],[[660,1260]],[[660,1260]],[[660,1260]],[[660,1260]],[[660,1260]],[[660,1260]]]"
"頂廂園","竹北","24.829421","121.017506","{""麵食/小吃""}","$$","4.2","竹北高評價麵食、小吃，Google評分4.2分、累積1968則評論。","{""麵食"",""小吃"",""高評價""}","03-558-4833","lot","付費","{""https://lh3.googleusercontent.com/place-photos/AG9NLjBb3-SINyTOO01KHxLL93RTP23mRbkZTT_VcKIk8qez38rH2d142uz0CJ63dwlOfwk9gNvHfi7d6E9yUoO6bbuvNsHBXgaVL28BDz4S1lbU7oYkP57mp5uLgLvFFP-7_LWj1CXjib8zByX32vo=s4800-w800-h800"",""https://lh3.googleusercontent.com/place-photos/AG9NLjDThGZdqDxr1MS1Gbcx5trM5HLTlqDdjA-Z2ay_VpNPAk8BPPNWhwIaRhypK3m_HJW1xF1o5wQw2ze_AwDKFIa4a2M1sxGCvaF_VvfXp2g1lmZzgjlUm15c2dgAVgSIm5AfOIlCwrY5DjZ8gQ=s4800-w800-h800"",""https://lh3.googleusercontent.com/place-photos/AG9NLjAgWj6rcl3ySr6msRrPf7B0Gyex1vtDdWYuIF4sVO7VXrjiAVqxtbYcOEll8MvQY4YuLBSopgv_qlU7BdrSym1sj9qSfR04Y_qro7hKfqFMScmFESn72aINrAMirggSfPg0j7EUpg8j1f37n5YwhHqvyg=s4800-w800-h800""}","https://maps.google.com/?cid=5795590008838010843&g_mp=Cidnb29nbGUubWFwcy5wbGFjZXMudjEuUGxhY2VzLlNlYXJjaFRleHQQAhgEIAA","[[],[],[[690,840],[1020,1230]],[[690,840],[1020,1230]],[[690,840],[1020,1230]],[[690,840],[1020,1230]],[[690,840],[1020,1230]]]"
"翟九 竹北店","竹北","24.836018","120.998408","{""麵食/小吃""}","$$","4.3","竹北高評價麵食、小吃，Google評分4.3分、累積1916則評論。","{""麵食"",""小吃"",""高評價""}","03-551-2915","street","付費","{""https://lh3.googleusercontent.com/place-photos/AG9NLjCDzVbrUSHkEA0rJa1ywZxJjUkSfsEbhJiSx8BoTFBnhNzSGPMeAujB94EyOknafBAUQgHF0DpuQ8hg6rUqLEso6QGhebeATYgMOmJxjpi-eZzuKx0to4rpNUfOmTlnLjOEXqNYsn2vJhq1s2w=s4800-w800-h800"",""https://lh3.googleusercontent.com/place-photos/AG9NLjDbXG3qR_vEeRT0dgTOAWQgg2b9t4lHlefkAj5a6kyvvlRcdP4PKwbp53lvjNud63G7p07MfOeSIjSPW6JqN35Vg30nX0Ve40bBb-eneS1r0BlEydOVleX8wyXhl2rPi54uP4cl8IgWwzvnoQ=s4800-w800-h534"",""https://lh3.googleusercontent.com/place-photos/AG9NLjBhQ7YzSxM4sqoRWlif8yi-5tPloLfUWt7GcTL1iEWJO0KbvZ4JqSOCbyDHfww8wnPmGxLv-S8HdCgrK9wg6-zuODEOWFZmFVxU_oHJF2B6EY9EAVdkFeEGq7ieSBdc_p57z0FzVPBQYAfakrI8KKKBqQ=s4800-w800-h800""}","https://maps.google.com/?cid=18168720216306747072&g_mp=Cidnb29nbGUubWFwcy5wbGFjZXMudjEuUGxhY2VzLlNlYXJjaFRleHQQAhgEIAA","[[[660,1200]],[[660,1200]],[[660,1200]],[[660,1200]],[[660,1200]],[[660,1200]],[[660,1200]]]"
"泰余麵清燉牛肉麵/竹北美食/牛肉麵","竹北","24.832033","121.008243","{""麵食/小吃""}","$","4.8","竹北高評價麵食、小吃，Google評分4.8分、累積646則評論。","{""清燉牛肉麵"",""高評價"",""平價""}","03-656-6878","lot","付費","{""https://lh3.googleusercontent.com/place-photos/AG9NLjCHwqhTTIH_AixqhBJmKM9Y8KK1a8sav0YOd8BduDfAmHY-ymBBlcjg5TQoLXqszXL8ACJw78jPUJVUZ5e464c1NSSB0R1-J_suDdpB3XlSwhz9lUV2Cv87-FmpNoax9gNo5V9Bd9Am0b6LNg=s4800-w800-h800"",""https://lh3.googleusercontent.com/place-photos/AG9NLjAG1Ci_u5A8BiUon6Fk5BywJVgDI0_IHHFG8fg-z528Y8oi3iAYP0dXVBsa2S3nW51x52tvRxjQ_I79HNpDqZuFvAWLZTJ6H6iHljj4i6GA6B5qdR0cYA4-Vhxw_aqqxzbwA7XzHLF3DoLU-AGaNrn8Kw=s4800-w800-h800"",""https://lh3.googleusercontent.com/place-photos/AG9NLjBLA7b-btOmbig2t-M7QxRMcfit39f6WjT3NMzRd8sDy0HVE08789NBlP4WE7SC2rVo69VGvl-fHTQ0kPNUhk_neUxszny1RlS-FxtAeK1_ygcjrKmTm--_LHIyUZVgw2h63lw62VhK-nmLO2whE4RTEg=s4800-w800-h800""}","https://maps.google.com/?cid=5030324922987372766&g_mp=Cidnb29nbGUubWFwcy5wbGFjZXMudjEuUGxhY2VzLlNlYXJjaFRleHQQAhgEIAA","[[],[[660,840],[1020,1200]],[[660,840],[1020,1200]],[[660,840],[1020,1200]],[[660,840],[1020,1200]],[[630,870],[1020,1200]],[[630,870],[1020,1200]]]"
"黑皮驊魯肉飯HAPPY-HWA","竹北","24.81649","121.026745","{""麵食/小吃""}","$","4.2","竹北平價人氣麵食、小吃，Google評分4.2分、累積3268則評論。","{""魯肉飯"",""平價"",""銅板美食""}","03-658-7112","lot","付費","{""https://lh3.googleusercontent.com/place-photos/AG9NLjBaKueXa5xPXfhDpWG2Bfx_VtoCs7UVkb0L0rPpAAtjZ_UNcGn5BwtE8SW8PFXnUDV4A2wpMwpYfU2XtCEmsD56ecaFXYLPXuI3LzuNK6Q9QUm38mXfqX_QOkRABTcEDi5OUhuA2M4cqDjMWA_eFLwO8A=s4800-w800-h800"",""https://lh3.googleusercontent.com/place-photos/AG9NLjAood50BW2qWRnIWQCaCHcQWOkLmihdimOnz4mOwkAv1LGRjbwrI5eCns0LrneJAiJL2ramQ5L4gXI6eNdUGBF_o6hIcdMJEMLF2_RZi3C7PMkyGQJau2kMNOIhRiwadQOHEYjGgq2RoByo6CxMnK1QhA=s4800-w800-h532"",""https://lh3.googleusercontent.com/place-photos/AG9NLjCkOYWnIlmKKuvc7qcDFzC33NG2kA3FZ9nDhEancqU5rDpBHW7BuZ1PfyJet97kv_A0wkiA8kvOyt7zVaKGjKiLHzq7pS9TsJbJjLktRhF6V6YNeZ-GnhqxqIE9K3xBXNFKOtRhPBdadC7sk2VW1Q29=s4800-w800-h800""}","https://maps.google.com/?cid=7142397086505731706&g_mp=Cidnb29nbGUubWFwcy5wbGFjZXMudjEuUGxhY2VzLlNlYXJjaFRleHQQAhgEIAA","[[[600,810],[1020,1230]],[[600,810],[1020,1230]],[[600,810],[1020,1230]],[[600,810],[1020,1230]],[[600,810],[1020,1230]],[[600,840]],[]]"
"白鬍子牛排 竹北國中店","竹北","24.840773","121.000544","{""牛排""}","$","4.8","竹北平價人氣牛排，Google評分4.8分、累積1114則評論。","{""平價牛排"",""原肉牛排"",""在地名店""}","03-555-3733","street","付費","{""https://lh3.googleusercontent.com/place-photos/AG9NLjA_DQj67ngDvUaZk6qjRoAo3crLjvR7pGaQydy-OKsopG3aOoFiNBQ9eOq7cvuUdZAP42r5pxvmpPU8Cq6AV67JeHk9SyIg5ntBeGUs9LZ7R_GvfE1pSvT56P7ipH9NHnQPt3Jq17ffdgHGRw=s4800-w800-h800"",""https://lh3.googleusercontent.com/place-photos/AG9NLjANPjKLHjnlvxTFPon1XB5uhe-FwNpBIpyeL1AFb9KoNGQqaoT-CYYCOlb9Ul6WY3bi-XP8-YzBLFWvXEi008ke9rA3x73dGB6_3ICwYS-sdAPuklgwIs7sAU0Zo7c658x1rcxgB-LYoeR50rQLQSh5=s4800-w800-h800"",""https://lh3.googleusercontent.com/place-photos/AG9NLjAcDFDi9XlV0lHIwMThhtScNkfkPU44pnOunS-tG83NRbYI0BXNbk62F0LTLIzgDg_hY3D17-2ypBkPKKXV3c_KXgJViJIyHpJSLvxx0PeagSCbBHq7hALAJuIxFx6H9RuynVAq2yY8vo1-mq-7GyBkVg=s4800-w800-h800""}","https://maps.google.com/?cid=18167967090389973212&g_mp=Cidnb29nbGUubWFwcy5wbGFjZXMudjEuUGxhY2VzLlNlYXJjaFRleHQQAhgEIAA","[[[660,1300]],[[660,1300]],[[660,1300]],[[660,1300]],[[660,1300]],[[660,1300]],[[660,1300]]]"
"The Fun 樂房早午餐","竹北","24.825545","121.030898","{""早午餐""}","$","4.3","竹北平價人氣早午餐，Google評分4.3分、累積1319則評論。","{""平價早午餐"",""高評價"",""人氣""}","03-668-8967","lot","付費","{""https://lh3.googleusercontent.com/grass-cs/ACvplmOHhQ0P6xrPkp_D7wKnaKB8ck7ML8hCo0KIAYopDKNon0cWiH0jP_qcw1AqSGyEenz-isXriqpNZEOXwvLryYeLcbrvbEVietP4RNWeZO5emxIucLRUqP6cWbrL4PjGi7_GIvKYDQ=s4800-w800-h743"",""https://lh3.googleusercontent.com/grass-cs/ACvplmMnJ84RpXodYuIlFtQqK8-vhKsYr4pae_pl7w2DhLGlZFiV1KKYtKG6am9B6C4Zi2M_5Ta6z3bkeBlE3wKTQd4GfG7JcS2BE0YA7OFC1g6Usgu12q5p_kY8HJE0n-Rri97-7p0u=s4800-w800-h800"",""https://lh3.googleusercontent.com/grass-cs/ACvplmMqM11_GmAw-4JUT6b2wf7V8aPrhNBbQXN3dAbl1VZ9k2MJJLsJ7RnD7CKU30H62cDfC00xNsOQfTfWJUgTD5YwKt-jDNquMHKmoqpv03AVJy7Gk-1BAslovKu7aRR-Kbe_ZxClzK9HnmVf=s4800-w800-h800""}","https://maps.google.com/?cid=7249402694155710043&g_mp=Cidnb29nbGUubWFwcy5wbGFjZXMudjEuUGxhY2VzLlNlYXJjaFRleHQQAhgEIAA","[[[480,960]],[[480,960]],[[480,960]],[[480,960]],[[480,960]],[[480,960]],[[480,960]]]"
"Ollie lite奧利早午餐 竹北光明店","竹北","24.830248","121.008589","{""早午餐""}","$","4.6","竹北平價人氣早午餐，Google評分4.6分、累積893則評論。","{""平價早午餐"",""光明商圈"",""高評價""}","03-558-5050","unknown","","{""https://lh3.googleusercontent.com/grass-cs/ACvplmOHL1qt15TuALAEJuwg87h9CZrzQVozYAJl2hVZwhoCGGMTvOzSwoct82VW6mpmjTfJrVL_WRILEOM08YdqsI54Vf7Iftqyc_U3nR6x4uAugsA-dlRWQfKR3pANplVmbBjwHJCh=s4800-w800-h800"",""https://lh3.googleusercontent.com/grass-cs/ACvplmPYjxH_TRO2rssLdMpioD4t4Lk0XpDPPjpFwMoBaWVgP6z6jbAVpxVz9bj70mRTsQ9dsJvPluaN5eR_gBAk6sXgJebGkPOZEIAGKFizB0UzW1cv3zCUgR_Elg6wZPf69oIfJI8VbQ=s4800-w800-h800"",""https://lh3.googleusercontent.com/grass-cs/ACvplmMzlAr3zSf6FWWpdVnOhWq0kL-E-j_txrxkdy7jRnTiNIZM3ncvtx7SAFs5L3qLQANAMvnbYYshaQCZE5qwXkfruqQDBEc_hKqCBu7fXruw5NJt1EkP83VRIfWho6NohI2bxfe8fjG_769G=s4800-w800-h800""}","https://maps.google.com/?cid=5128167065267681229&g_mp=Cidnb29nbGUubWFwcy5wbGFjZXMudjEuUGxhY2VzLlNlYXJjaFRleHQQAhgEIAA","[[[420,810]],[[420,810]],[[420,810]],[[420,810]],[[420,810]],[[420,810]],[[420,810]]]"
"烤肉小姐便當專賣","竹北","24.833394","121.011469","{""麵食/小吃""}","$","4.3","竹北平價人氣麵食、小吃，Google評分4.3分、累積536則評論。","{""便當"",""平價"",""外帶""}","03-553-2020","unknown","","{""https://lh3.googleusercontent.com/place-photos/AG9NLjB80eo5pQ33A-rg9Wn7PGRe7m3Lm9rZXgc_gEAcKMpAF5dXD6ihOq10JGHz2zTGfa-46rr0BSfR6YszMzWFPZ_lXrSx19WmWcXNqctmYFi9Ah5sBlWRaHhoBMdbZ_5bBvJuurPzIei5Rt0JoA=s4800-w800-h800"",""https://lh3.googleusercontent.com/place-photos/AG9NLjDoPz5E3GIwHJV4cu_A3GB5LwIJS9iGWp0IMktSrMhIF9-kDyrSz3Nh7DucC0B5vEiMSL6ciYnKij1t7eeMbtZ_n-pPgGkk2t2Saaank1EBMpGPYJ0qZ9J3xg69C4D5cTGwltoGCdobpxXlpQ=s4800-w800-h800"",""https://lh3.googleusercontent.com/place-photos/AG9NLjChhcBmapec7cJ_F9oOQFwgkZI2xUFwupRwz6yrlS6QrUcKB_3TfltnCoingeyPPsQ9s9MOXqypAuABWFBVzQrtwQm9DrSan2DXnagno6bm6P0LUYjiGNsZdwf5H8RVTxy-VE6B6hbE50jDvzv1VYNFkw=s4800-w800-h800""}","https://maps.google.com/?cid=61663184390391260&g_mp=Cidnb29nbGUubWFwcy5wbGFjZXMudjEuUGxhY2VzLlNlYXJjaFRleHQQAhgEIAA","[[[660,810],[990,1140]],[[660,810],[990,1140]],[[660,810],[990,1140]],[[660,810],[990,1140]],[[660,810],[990,1140]],[],[[615,810]]]"
"大滷桶魯味竹北店","竹北","24.832703","121.00767","{""麵食/小吃""}","$","4","竹北平價人氣麵食、小吃，Google評分4分、累積841則評論。","{""滷味"",""平價"",""銅板美食""}","03-552-9869","lot","付費","{""https://lh3.googleusercontent.com/place-photos/AG9NLjB6iB93axf_0hQMbbz0tf5tTp0Hv3o40Ue-T-XyveDTqoBLkkwbSVhGpMUH26cdeYUrvlfRE11fbDZ54NUaH1AfdFXf-IdkUHdsuLbglGU8NJyRlthZS-AyYTivbxhpttaQJ4-8nWghQiSopIo=s4800-w800-h800"",""https://lh3.googleusercontent.com/place-photos/AG9NLjCE4P8zNkq8x1wgImJLHExsjYknMDzIT8-AiXynyZX0T_lgL19_BGNtdtpnTXMfkDS-XsUMiQTb5eH5Lyzh8ems6BMnEbYU71s28pnOUHQXISqzGiINBazcOOnMRLkJRfNyt6XsfeOq8BKx0g=s4800-w800-h800"",""https://lh3.googleusercontent.com/place-photos/AG9NLjBknOozJHEW0pAVgf4osImoH_-F0qSxUrSkZafldwHa4CIiSIwVP0BkfX_ETLlB4DANTikNxUwBGnxhXa4K-9f0HDgAisJLgQ2NNPNz2WP-7qdDN4_mPB0d488beK-O40JuGWqktrN3Po7fNkivzKQXFA=s4800-w800-h800""}","https://maps.google.com/?cid=7161146612682591521&g_mp=Cidnb29nbGUubWFwcy5wbGFjZXMudjEuUGxhY2VzLlNlYXJjaFRleHQQAhgEIAA","[[[900,1410]],[[900,1410]],[[900,1410]],[[900,1410]],[[900,1410]],[[900,1410]],[[900,1380]]]"
"三顧茅廬 - 光明一路 Plus","竹北","24.830451","121.015883","{""麵食/小吃""}","$","4.6","竹北平價人氣麵食、小吃，Google評分4.6分、累積520則評論。","{""滷味"",""平價"",""高評價""}","03-558-8372","unknown","","{""https://lh3.googleusercontent.com/grass-cs/ACvplmOKjifilrLQ7x7oolkF5Iw9HTtsxyvj5UArn0itygjWym0vYbHZXgnogQavrvCBvOfuTIw41Y99JwjJ1_JmmQCDX57FLgKkicvz667KoBFN-gWZe0nqrLWDwfSy2sYiA0ZSxo0=s4800-w800-h800"",""https://lh3.googleusercontent.com/grass-cs/ACvplmPGY_Y8mkhudfiLlJOUZjEfegAs8zkM72qmZHceI_t9GODUDfkbBYsrXShteQ9z4jVvpuSAkmV67FMWW_GCkvp2LHKeXkIRoZbb3H02sYy7yFpxTocCQnoEdNSEt4pK49DCb_G6=s4800-w800-h800"",""https://lh3.googleusercontent.com/grass-cs/ACvplmO91PPzpANCwA6h2WP1rPbCY80ZAYIN5CMn3UHFuSAPtGjuq-lLI85zgver23bT847YuljQ6f9r60d3nOz77nNr0TejZ6kaVCPstOtPBenK45tJe1uwSxczOF0uctfEkQdYefOGZeXcTb4l=s4800-w800-h800""}","https://maps.google.com/?cid=14131890645790543905&g_mp=Cidnb29nbGUubWFwcy5wbGFjZXMudjEuUGxhY2VzLlNlYXJjaFRleHQQAhgEIAA","[[[660,1350]],[[660,1350]],[[660,1350]],[[660,1350]],[[660,1350]],[[660,1350]],[[660,1350]]]"
"八廚職人弁当-竹北光明店","竹北","24.830149","121.00887","{""麵食/小吃""}","$","4.8","竹北平價人氣麵食、小吃，Google評分4.8分、累積336則評論。","{""便當"",""職人手作"",""高評價""}","03-558-8776","unknown","","{""https://lh3.googleusercontent.com/place-photos/AG9NLjA-OroQF1c_WwvUV6ECu_lYMej74HhPLRPk5GFz0KrBTo1wWzapOSA9oTq1wlK3gIsdTp5zXm6KHoDNIFz2UI1moOiNTTI5kuFSt_HyEZqF6EWkoUHyMiWOu5Iq9a-EFz0N1c7l99twSw6yVygWrkPYuw=s4800-w800-h800"",""https://lh3.googleusercontent.com/place-photos/AG9NLjDdVMA9Uaf6cgQxGffXumSam41636yLOsvoCSghnrlQww5ZKQKCTudyl6j3PdOAkJ1cNbTwLnUW_wTFRDqVqzCZ0l-hWJ8HLTMCIdWEoj5UQOBIp36dIYeUW-RSzZre50Gf2umEeZ978-pW-J9ytC1Gbw=s4800-w800-h800"",""https://lh3.googleusercontent.com/place-photos/AG9NLjDInRZuZibocNI_j8lhNt21ZnwXfjAfBw4Kk9GsFrmK0aFkq_AFHPnCcwgzBoGhARl4LpeUSEVhjVS5zExjX8wQBW2c5voJslnqKskJgBRvyPiBIGj2hI-slukJ4brhD9nVKBTORpCLI3371jPfbEEwUw=s4800-w800-h800""}","https://maps.google.com/?cid=16115997309301367526&g_mp=Cidnb29nbGUubWFwcy5wbGFjZXMudjEuUGxhY2VzLlNlYXJjaFRleHQQAhgEIAA","[[[630,1320]],[[630,1320]],[[630,1320]],[[630,1320]],[[630,1320]],[[630,1320]],[[630,1320]]]"
"秘醬滷味 西大店","新竹市","24.803238","120.964759","{""麵食/小吃""}","$","4.5","新竹市平價人氣麵食、小吃，Google評分4.5分、累積339則評論。","{""滷味"",""平價"",""銅板美食""}","0958-455-133","unknown","","{""https://lh3.googleusercontent.com/place-photos/AG9NLjAfer4MVAZ_KJunTuam35b4kOmdZR6v5bUp4t8XB9rVWCAFMnDAlyS36ju85WJKidj-f3tD6vnFiTB8NB5Z7OQz__PflPxnvVcw8G3wCZTkRSFik7J3Prtpnvi_92-sE0ywlKOpafkIhuoYCOiiKwkfPQ=s4800-w800-h800"",""https://lh3.googleusercontent.com/place-photos/AG9NLjBrBwrvy0d4MKuYyuxoNjN1lP4YMbb-guKhi3e6xAVtyh3SmtI3v5UjbGOP1QQPdFW_R0zYEwqpvXjyjj1lncezf842EYailUMkJpyeY7ngY1XbieJhpen6Znegt_seNzOdeXuIlGgha4k=s4800-w800-h800"",""https://lh3.googleusercontent.com/place-photos/AG9NLjC4a217RGkv3w0MEv6TM_jr4q1_nHkUOovyp1Yfacm5eXKgTobyjBCkKIZam6xXv1pRAs6IgopQokei78gKNcxF2dSjHpHyJNBQGCPual1UgKhAyale-B1xxhyFDTnWNd1SlNqrt6l4eJMWwc6n3MMS7g=s4800-w800-h800""}","https://maps.google.com/?cid=8195687355167266249&g_mp=Cidnb29nbGUubWFwcy5wbGFjZXMudjEuUGxhY2VzLlNlYXJjaFRleHQQAhgEIAA","[[[1020,1440]],[[1020,1440]],[[1020,1440]],[[1020,1440]],[[1020,1440]],[[1020,1440]],[[1020,1440]]]"
"木木食堂","竹北","24.806389","121.03743","{""台式/客家合菜""}","$","4.2","竹北平價人氣台式、客家合菜，Google評分4.2分、累積1240則評論。","{""客家小吃"",""平價"",""家常""}","03-668-1877","lot","付費","{""https://lh3.googleusercontent.com/grass-cs/ACvplmOQhIxhtzT3rA2WLonD4rF5rtr_L4qJTgaaZ6uHQZrsIiz-5sDihHXVM_-iVBD2PhFKs2cIEbvxOCoKjUSKvwGmH5UGyTAcb34zN5lBVwax2TB-x5g9be_vULA14uRvZXp36wmH=s4800-w800-h800"",""https://lh3.googleusercontent.com/grass-cs/ACvplmPyXAN5RDgWOgcitl_WfTp_hwCkxxHkq87pk7yIEsGCx6D7FJMX3iais-xZVloHpzpQl_OTS4YzJF5dn2A-dE65sQuFJcJVLI9afEAGYZlitt3rCyW_qFjx_Ct-25HP2Zxewj8R=s4800-w800-h800"",""https://lh3.googleusercontent.com/grass-cs/ACvplmNjBYyvfOwguWdv0QSfkST-y0u-aWvmk_1ei5Itp3soY-CHFxU71W51ArekpWtj-ZttjHBUWsDGDu2w8utypj8CLB3EQj9wZHmlF4RyYh6RBt-3E2yoghs53ygAKDcgFy0CDXwwP_Ui1-sl=s4800-w800-h768""}","https://maps.google.com/?cid=5062611173123657369&g_mp=Cidnb29nbGUubWFwcy5wbGFjZXMudjEuUGxhY2VzLlNlYXJjaFRleHQQAhgEIAA","[[[660,840],[1020,1230]],[[660,840],[1020,1230]],[[660,840],[1020,1230]],[[660,840],[1020,1230]],[[660,840],[1020,1230]],[[660,840],[1020,1230]],[[660,840],[1020,1230]]]"
"有飯食光-三民店","竹北","24.83307","121.012556","{""麵食/小吃""}","$","4.2","竹北平價人氣麵食、小吃，Google評分4.2分、累積391則評論。","{""便當"",""平價"",""外帶""}","03-555-0012","street","免費","{""https://lh3.googleusercontent.com/place-photos/AG9NLjCSNwr5T7VbYuo626uDgkep2NvDSNctJ8zhd7GciZ0Nk5s_zSsNPglLaIImnnV52knzv_KTMPmk5qqwxc5Hd25UWdeMAOcewNFJpzAeOWdRfDiUxbUwjBVqwXSAB1P0Tpd1n_LpVahqIY8hc7GQ26GiQw=s4800-w800-h800"",""https://lh3.googleusercontent.com/place-photos/AG9NLjAqqDgCdmOd5B9EaxRAXy6LJp1_mnB_uiDGIeqPHxSCS0rh5C7gjT5hIAEZdPblqXzFGriBfPzVB0rSYeo6JwNiHanEcNlDF4eMLGzeDMjUCOLDRQGXUCN9N1IsOD4UXfgelL1C3UO2mG41LxQckKAVNg=s4800-w800-h800"",""https://lh3.googleusercontent.com/place-photos/AG9NLjCS--XuE-hwIMK6fg_e_elrqkuPwZ45dFGnRSHUmwIxKqhtH2PU1RKM2JOLI4kkFO0TnjXPilTBbdjDFBfK3p3n-caR__w248KES9CSCxDmy9suMvOVrrq4fU75Bdz-dKa6dlvIOL2_NRSD=s4800-w720-h720""}","https://maps.google.com/?cid=1834975162666419869&g_mp=Cidnb29nbGUubWFwcy5wbGFjZXMudjEuUGxhY2VzLlNlYXJjaFRleHQQAhgEIAA","[[[660,840],[990,1200]],[[660,840],[990,1200]],[[660,840],[990,1200]],[[660,840],[990,1200]],[[660,840],[990,1200]],[[660,840],[990,1200]],[[660,840],[990,1200]]]"
"COCA COFFEE 渴口手沖咖啡","竹北","24.805443","121.04133","{""咖啡廳""}","$","4.6","竹北平價人氣咖啡廳，Google評分4.6分、累積563則評論。","{""平價咖啡"",""手沖"",""銅板美食""}","0917-827-381","lot","免費","{""https://lh3.googleusercontent.com/grass-cs/ACvplmNTXa9TajkU2HcqIx_AgT-CPNLkDnl-95RfhCx_ETmKGyiZEYZAMxzjLFN0DOIF1-kKp33HjyKwQ29-rxJnR6AT38krkieFrQOGnCFP_-KdVt0rhpNp5lMgs9fuflflp7gW71UJ=s4800-w800-h800"",""https://lh3.googleusercontent.com/grass-cs/ACvplmM0XzzDAluN5EnibWWtWiGgFb4Aw5V_god5ggRzvyzSCTzvSNEyr9FzIyPZo6LncsXk2GN8g5C4HiIF3bumyVgeWKm6r_5iuzjMw6bgHnyUv2M0HksxeZpC3PHJN0ahSMyHU0sZcA=s4800-w800-h800"",""https://lh3.googleusercontent.com/grass-cs/ACvplmMetZOSAZ0Yk7HHjhsxIb2aa5xZByC0Es0-H54UfMi2QP6emelv50eJ175XBh68Tk8Rska2hfZFfjzd4fB5UeEL8Gf_rYQ83G3hvTFSk5o1IQbZO1ML0iqMO8reaF1jgSXDkiC4=s4800-w800-h657""}","https://maps.google.com/?cid=9420676951886438366&g_mp=Cidnb29nbGUubWFwcy5wbGFjZXMudjEuUGxhY2VzLlNlYXJjaFRleHQQAhgEIAA","[[[450,1080]],[[450,1080]],[],[[450,1080]],[[480,1140]],[[480,1140]],[[480,1140]]]"
"泰飽爺 泰式平價料理 竹北勝利店","竹北","24.823045","121.024821","{""泰式料理""}","$","4.3","竹北平價人氣泰式料理，Google評分4.3分、累積1019則評論。","{""平價泰式"",""高評價"",""人氣""}","03-668-2202","lot","免費","{""https://lh3.googleusercontent.com/grass-cs/ACvplmPdUqmYYS9JEd9PLQUBKxY7YDlgR118x4RHSVf0qO7p4A0pvv52LOCV7keFyyy0kq38Vf6WXBxRkQoDaRG2NSlHCy4x35sYqznwkUwP927b1thfut7IJl3C61vU62L53rULB_TiYA=s4800-w800-h800"",""https://lh3.googleusercontent.com/grass-cs/ACvplmP1t3jsrwvpW2FTcJaIlikFpO42pey5p2DOEjo3mZprTQjntUi9o0zV4h4Bd8aIs_GSe_-JeC6AuNuvWga3eMWmt1DCrlfWijgLIbmWHYuTP0QMSdJli6AEZNBC9Fv3-H_voB57DTRfIyow=s4800-w800-h800"",""https://lh3.googleusercontent.com/grass-cs/ACvplmMGVAUno_xdUT7bzOQY2j4E-8itwQXZDQvStYhkJcDWEImL5VDdRtK7VFZbXVODiUAzO_bkJqErVbvmT6jMoNszruvrnSwc59uADaJZvAAs7DcU-adEho_HPT0ryOxZIClGjpyL=s4800-w709-h800""}","https://maps.google.com/?cid=1176944687430470679&g_mp=Cidnb29nbGUubWFwcy5wbGFjZXMudjEuUGxhY2VzLlNlYXJjaFRleHQQAhgEIAA","[[[660,1260]],[[660,1260]],[[660,1260]],[[660,1260]],[[660,1260]],[[660,1290]],[[660,1290]]]"
"自由創炒","竹北","24.83378","121.011099","{""熱炒/居酒屋""}","$","4.3","竹北平價人氣熱炒、居酒屋，Google評分4.3分、累積435則評論。","{""平價快炒"",""高評價"",""家常""}","0906-857-305","unknown","","{""https://lh3.googleusercontent.com/grass-cs/ACvplmNubNxg-Y6BGfEN5kCIgTQA5HV2oi1llwn4qEggJhQ9h2yiHEGShFyRTGEcxvBZSZJaCSLj_TIY1kx3KUzxTkwBAmbmzWRswDH5kslkdrRopDeJiCCI24goyg2Ey2-NVfpwYxW2cGQkXsOG=s4800-w800-h800"",""https://lh3.googleusercontent.com/grass-cs/ACvplmNOrPrK7p_BYYELFpXXOl3r1waai4JZq21XUWFUzCQU74djVFsa5u6tGBGwPaQMTT8MTHD3IP0ODSA1x6TFPXOiz3twJukTxAOY0quFImI40mWVeTGSrW0wTD--wy3CL6m8BxXtzz5t3P0=s4800-w800-h800"",""https://lh3.googleusercontent.com/grass-cs/ACvplmMihsItl_YrCPVD1cS3yH2IJHs5a6pTyoDgfDTxJMXIEaS8YA00LtvWELGBcnBICI6pYFqncrTezUTOYXNsrjsyno1YNw-wTaW2cxlTah3DbOFQu1oto71LVZmeheRCoZPar7YL6hj5uGXA=s4800-w800-h800""}","https://maps.google.com/?cid=9398303668261187000&g_mp=Cidnb29nbGUubWFwcy5wbGFjZXMudjEuUGxhY2VzLlNlYXJjaFRleHQQAhgEIAA","[[[660,810],[960,1230]],[[660,810],[960,1230]],[[660,810],[960,1230]],[[660,810],[960,1230]],[[660,810],[960,1230]],[[660,810],[960,1230]],[[660,810],[960,1230]]]"
"CHENG ji如意大基隆花枝焿","新竹市","24.806806","120.963562","{""麵食/小吃""}","$","3.7","新竹市北大路在地魷魚羹小吃，招牌花枝焿/魷魚羹，銅板價位。","{""魷魚羹"",""北大路"",""在地小吃""}","03-525-7338","unknown","","{""https://lh3.googleusercontent.com/grass-cs/ACvplmP6DTKygReJGtdNM2j4gmNbLpBtQ_GPpry61cQAMXHTfb3f9iip6Egd4zDUmOR52EdWPc5_xOWJQtFli8HuOfFESr5yBtyLavSB0WAzBgc0CIIY9uoS24OuKJTKoM5OXMZMPQk=s4800-w800-h800"",""https://lh3.googleusercontent.com/grass-cs/ACvplmMNHVkWQ4JJitWQH-XVRQfn4DSN65P9i-DJIENGrdKxvLbxSShCgQyb6NfYA3LR5kQLyUJiv3lNDK6hN44N-UmLCy8NClvWstzN5gJ2ScMH5YTgy7STCnJngWCo88F38RamZgzq2w=s4800-w800-h800"",""https://lh3.googleusercontent.com/grass-cs/ACvplmPRVn4Lk8NUa3YIKbLQMvxWlkfSpNFTBHviKuvcFDTZFReYF00wi7gE6jjKRh3UE288rO3I3jVAbG9b733yysAr-GA6uWhs_2DpYQC5DjI9nW7_D4pmuWah-0RKcnU8xYPco3MFAW3YeQ0y=s4800-w800-h800""}","https://maps.google.com/?cid=5845800480716643165&g_mp=Cidnb29nbGUubWFwcy5wbGFjZXMudjEuUGxhY2VzLlNlYXJjaFRleHQQAhgEIAA","[[],[[960,1500]],[[960,1500]],[[960,1500]],[[960,1500]],[[960,1500]],[[960,1500]]]"
"堺坊 ShabuShabu 有機農場-竹北火鍋 餐廳","竹北","24.831742","121.00752","{""火鍋/鍋物""}","$$$","4.9","竹北高評價火鍋/鍋物，Google評分4.9分、累積7522則評論。","{""有機食材"",""精緻鍋物"",""高評價""}","03-553-6182","lot","付費","{""https://lh3.googleusercontent.com/place-photos/AG9NLjC7bLTCE4eIyS_csnzlxvQzgLH_jxeh3pKZTx7bplXIkcShGdFf_w4PLMKmgxh_Xd1PXha2pMWIOlSja58X9iBqA8hz24kbEuZgWncudNTU7KVrxbyNwAhlXGhnt_b8rW8G2Say0CrM1HH04Ls=s4800-w800-h800"",""https://lh3.googleusercontent.com/place-photos/AG9NLjBL05x0jTAysTE8b1mZR52PlfTKt2cUV416PqzcFtJVeosBworC6hl0hpdz2z6XBN5I05hs448OH4o9i8UpO36N0qYUk131pudXZ3I5t3bzBP-Jhkr_ivGD8LQ_yUYGdXRS0sa6hkoZVMjx=s4800-w800-h800"",""https://lh3.googleusercontent.com/place-photos/AG9NLjCg1mS2GeKwtX1H6YZNykzzOpUkzzNEcE9NMq6MBFuucI7k0auCgNuBUmNZMPOK61ojPIng0F_36LZ2QrIK6OtbEuTbw3c1oZRTuaK-pKHkFX9ZWxmNXisBEMZkutfHCvRNVeRAReuW-fi7IFxPfT_7mA=s4800-w800-h800""}","https://maps.google.com/?cid=5323392744447697786&g_mp=Cidnb29nbGUubWFwcy5wbGFjZXMudjEuUGxhY2VzLlNlYXJjaFRleHQQAhgEIAA","[[[720,840],[1080,1260]],[[720,840],[1080,1260]],[[720,840],[1080,1260]],[[720,840],[1080,1260]],[[720,840],[1080,1260]],[[720,840],[1080,1260]],[[720,840],[1080,1260]]]"
"真涮吃到飽火鍋","竹北","24.835091","121.012087","{""火鍋/鍋物"",""吃到飽""}","$$","4.9","竹北高評價火鍋/鍋物、吃到飽，Google評分4.9分、累積6675則評論。","{""吃到飽"",""高評價"",""人氣""}","03-656-2229","lot","免費","{""https://lh3.googleusercontent.com/place-photos/AG9NLjBCE9OpGZr5ArEYvoQmMXo4JbMCOXT8Mnk6OXIT17bREqJRGDaNjznSlqLddme5OeGKKYhe582ePKFGqsHyWBgdPASSdrJwNKAtPqK3m9qU2AhWDEB7-ikt3E38YtTm2f241Yn4KQ62gOT3jwFXM85ztA=s4800-w800-h800"",""https://lh3.googleusercontent.com/place-photos/AG9NLjD05QmOzXOYmmHicQjq4QwXwLcEUeOcqw-OgFvPr12IlPufHN_lnLnPzE9iUDKCFAlqWKRYE7Cwnr0SF2MvpXEQuEUiYDCIY-ZlU-R1bpHiklLd-ZAkXPtwQl5M7WjSBAzXK5H-pt0875FKDTg=s4800-w800-h800"",""https://lh3.googleusercontent.com/place-photos/AG9NLjC252M9Y3fN_JoRjwuqp7KrgZNEyF6jho6dxTXPObtUn3BFl_pQVhsVlUSwBpcHnvwGwHFcmmEH4Woj2wbTuz0f1alloG3jPJn7vh1gcWx44FX0s_L6ZmzGIFSh5dc7JtB6OpW9-OXgiP92a7lemB87Cw=s4800-w800-h800""}","https://maps.google.com/?cid=14162123901385287645&g_mp=Cidnb29nbGUubWFwcy5wbGFjZXMudjEuUGxhY2VzLlNlYXJjaFRleHQQAhgEIAA","[[[690,1290]],[[690,1290]],[[690,1290]],[[690,1290]],[[690,1290]],[[690,1290]],[[690,1290]]]"
"同樂食鍋竹北自強店","竹北","24.815894","121.025358","{""火鍋/鍋物""}","$$","4.8","竹北高評價火鍋/鍋物，Google評分4.8分、累積6134則評論。","{""爆炒鍋物"",""高評價"",""人氣""}","03-550-9530","lot","免費","{""https://lh3.googleusercontent.com/grass-cs/ACvplmO-d2IK4z5U0kqamAt7U39LLNFCJbLS3OcwScOcAxzKB6buxDC7fff5MbxZXLUJru_qVLPPg393-CUzSNUf0unl4kFgP_Cq0Cp5NDaCJDKlgQLvoNGXKkkGan0OmJfz0PNH9ncs=s4800-w800-h800"",""https://lh3.googleusercontent.com/grass-cs/ACvplmN7KN4ZLltGrQsoGlzeKPgxwkjLGlOrFHDci1H10I3Gp3Bp-Cfdv0oO2yG7JIL7MZqygQDCefOpHijnzjtPhBq2qAuJWrS7drpp6iMrl0-IHEhH7PevCeSBOHtoU-rwoaeI_UqK=s4800-w800-h607"",""https://lh3.googleusercontent.com/grass-cs/ACvplmNUQOtq1VXH4xt7vmJFDRreB6S-oJZsGLb-sM8obZtOEHIkQ3_mf1YrYhoqD6T5jllxMTwvzPPimcXGOv3uyH-mCCyeuMyuoa0IEEPW6ASR2ScV8J7bHCxRcS9sqscWy9KzSMu6mGlZha4=s4800-w800-h800""}","https://maps.google.com/?cid=7017785911193052920&g_mp=Cidnb29nbGUubWFwcy5wbGFjZXMudjEuUGxhY2VzLlNlYXJjaFRleHQQAhgEIAA","[[[690,900],[1050,1380]],[[690,900],[1050,1380]],[[690,900],[1050,1380]],[[690,900],[1050,1380]],[[690,900],[1050,1380]],[[690,1380]],[[690,1380]]]"
"敝姓鍋 新竹竹北店","竹北","24.835747","121.012035","{""火鍋/鍋物""}","$$","4.8","竹北高評價火鍋/鍋物，Google評分4.8分、累積2604則評論。","{""火鍋"",""高評價"",""聚餐""}","03-656-0985","lot","付費","{""https://lh3.googleusercontent.com/place-photos/AG9NLjAeoGWLE_OR3Ryfd7nWrbC2YhFxAPjIrxLfOLf0asdJCpl6Z9zo_oiC7fX-P1U7FUovrL-hQhTnWbvfkyCWLO9bWqFWS6w1wxmnN8Tp8zcQkVC4N7AfwxNtB6RrGt7e14jtS8pSGnL4lcnBcPUrSmZD=s4800-w800-h800"",""https://lh3.googleusercontent.com/place-photos/AG9NLjCw8Z2Buv7xtjoukleDWIjPIiIke2lYw9Dsc7haVOiwwWUIMu6h84nt7bfcC71xQZf1anyB0RMYPIFpT_8ZGPG9fO4LMcTf6dRpurv-7a_PXygrn4d3fvDmGzxo0IKY5kDVQeD4sO_96_8t0g=s4800-w800-h600"",""https://lh3.googleusercontent.com/place-photos/AG9NLjBVqxHG_5dK4x80kXugkZEQlgPW8ryWTjegMT-4tq0CxJqWIu2DZ1gqShKvOz_hqsQMP_RRqnqV05w5jGRqLZEQFKa1__0xi8GYefOatZeUeJ5T0gFpi5Y3AHrMfn_Fm3eBDQR9zZ8faJWIL_DrQNyb=s4800-w800-h800""}","https://maps.google.com/?cid=17320579978498158258&g_mp=Cidnb29nbGUubWFwcy5wbGFjZXMudjEuUGxhY2VzLlNlYXJjaFRleHQQAhgEIAA","[[[660,870],[1020,1290]],[[660,870],[1020,1290]],[[660,870],[1020,1290]],[[660,870],[1020,1290]],[[660,870],[1020,1290]],[[660,1290]],[[660,1290]]]"
"【李鐵柱麻辣茶鍋】台灣麻辣茶鍋創始品牌","竹北","24.830668","121.014495","{""火鍋/鍋物""}","$$","4.6","竹北高評價火鍋/鍋物，Google評分4.6分、累積2506則評論。","{""麻辣茶鍋"",""寵物友善"",""高評價""}","03-657-5005","lot","付費","{""https://lh3.googleusercontent.com/grass-cs/ACvplmPdjuosyQCxWQRQZX8S6BcfCaneAr98FkzRhZ6Un2kmvwqHgOosw5jbDy0fxPCpSfHC5xnlLOuCXid0-gT7IPqFAD7dGpUE1L862alH5t0wkAL6Px2x1Abu2DOD0KmSkxzGUIco=s4800-w800-h800"",""https://lh3.googleusercontent.com/grass-cs/ACvplmMAaVDvsqtWI8fF2KJfnTRxOdqvfykuEnTAgpsPdO7wV7KVG7aRqj7ay3Yna4S3TuDzxtk63zmDkZECnLvYro7z8CCXzS7Oct-QSdxUmhQ46_ooUVoCPPribFmOlHpjW3ocYeZjiC4Bnhda=s4800-w800-h800"",""https://lh3.googleusercontent.com/grass-cs/ACvplmMHNj8-widvbWTRQ2KKS55EbexMflzDdAURkfQpM2bJKLjHGBHX4GafgKKgv2nCcR4qFbpTY8Gki7XpQJ5vDu-KSPkU09afzHm7VHlFOxj0Xr0Ln-aQJz0XMUToz4bNU69KIeevxsXsf5A=s4800-w800-h800""}","https://maps.google.com/?cid=12576508010688861717&g_mp=Cidnb29nbGUubWFwcy5wbGFjZXMudjEuUGxhY2VzLlNlYXJjaFRleHQQAhgEIAA","[[[690,870],[1050,1350]],[[690,870],[1050,1350]],[[690,870],[1050,1350]],[[690,870],[1050,1350]],[[690,870],[1050,1380]],[[690,1380]],[[690,1350]]]"
"滾鍋啦 佰元精緻鍋","竹北","24.824498","121.014298","{""火鍋/鍋物""}","$$","4.7","竹北高評價火鍋/鍋物，Google評分4.7分、累積1846則評論。","{""平價火鍋"",""百元起"",""銅板美食""}","03-657-5095","lot","付費","{""https://lh3.googleusercontent.com/place-photos/AG9NLjDIHlHTUd9IfL-gsAWJPKRCyihR5vp5CvzW12hR-9h8WjoOSuS2x2pqRqihMJHGjdS-z37AOWYptKdwcPSWHbrrYezAUMsjYnSSdvYwVem0k2X2q30TxO3FqncUVEoaCRO0N2G-VFt16ZW44qg=s4800-w800-h800"",""https://lh3.googleusercontent.com/place-photos/AG9NLjAFiTRtQzf2D8bDFjlQ_tpSRZt47E2KrvFeA-PxO54LIhOpkSZGCG95oHZ4FQPcZfSj24s9vk3y6PLY_fCZO7lzFyXKuRki2vl1vV01aEFNiKRhyUmt21N1m_S8uAo_vC3P8TlQ_CFX74ynW_awv_7lbw=s4800-w800-h800"",""https://lh3.googleusercontent.com/place-photos/AG9NLjCGkyTpgbLH4m9ftxLzXY4JzZyOvHYmjzX5uvlzt5swgpYED1g8hZahvmefcy-F_0OorF5TOvuXx8w63olS-vAiiz8w9hiFXKOizmzC0Vb8lQmEQTnMBIic9N-mf2WQl-20vXY0QTxoqlJ-mVkBvUgRaQ=s4800-w800-h800""}","https://maps.google.com/?cid=1629716149219851203&g_mp=Cidnb29nbGUubWFwcy5wbGFjZXMudjEuUGxhY2VzLlNlYXJjaFRleHQQAhgEIAA","[[[660,1530]],[[660,1530]],[[660,1530]],[[660,1530]],[[660,1530]],[[660,1530]],[[660,1530]]]"
"老井極上燒肉-竹北店","竹北","24.812824","121.02447","{""燒烤""}","$$","4.9","竹北高評價燒烤，Google評分4.9分、累積24193則評論。","{""高級燒肉"",""高評價"",""聚餐""}","03-668-8238","lot","付費","{""https://lh3.googleusercontent.com/place-photos/AG9NLjDbp2n107VndczFIvWgCVZykEb8h2mg-hgzmqFW_5f-BpPhuPkdDNbxXoiI7sRxP_UXQQ3wjFwtCkqf8Ph8ga8tBWFLwQ9L1thDY0DSPD1M8KFxqi3LBUeOcBzuqTsl6w07mZf2vmXjqado0z18vJhE_w=s4800-w800-h800"",""https://lh3.googleusercontent.com/place-photos/AG9NLjAIXohwt3EXG5dcM0kbRtGqo0VVtZkFehPOPWzDo4ep77_BOJKEDSn6Py0hws-X24usFV238FohxnjUW8xHfP8Yfayrmm0I4e84ci1QCfj505mydGAFpAi4oFnzIgkP7ynJ72vqC6rpD5WVWw=s4800-w800-h800"",""https://lh3.googleusercontent.com/place-photos/AG9NLjBvEyCBCEK6H8eg4W5EHRnSwZI8kvi6jDiuwHd7qZHVdKvPCfWZVSQhRm_uwpMUcBW5LCI8LknMr4GP5qX-FhynfMYsdhIb24YFf5jOtvNkyVFfxq6MwRko3BLOepT76_BulrlWle3OKxgLEXtXEVpJsQ=s4800-w800-h800""}","https://maps.google.com/?cid=11415879246005944810&g_mp=Cidnb29nbGUubWFwcy5wbGFjZXMudjEuUGxhY2VzLlNlYXJjaFRleHQQAhgEIAA","[[[660,1500]],[[660,1500]],[[660,1500]],[[660,1500]],[[660,1500]],[[660,1500]],[[660,1500]]]"
"森森燒肉 竹北莊敬店","竹北","24.81926","121.02166","{""燒烤""}","$$$","4.9","竹北高評價燒烤，Google評分4.9分、累積23023則評論。","{""高級燒肉"",""高評價"",""人氣""}","03-667-3199","lot","免費","{""https://lh3.googleusercontent.com/grass-cs/ACvplmOIZvfzh3kxCO3enGbASUl4LAOgzo8RRsMK2_R1voSYGFg9VmTg5luuB3siciNwUqp9Q4GM5CwoyfycVmGEQIvMYv7X2DITFqK2GuuLIci2mW54elMS4_-xpA5FzJ9vzKHLz7uCnA=s4800-w800-h800"",""https://lh3.googleusercontent.com/grass-cs/ACvplmPp5AipVK5lLTmgyySc4Y9nDzph1ezCQdizW_dr4IG4WsjgV65V3Ao4Gguv7-311ogwC_h1FU-lpyhGXqYv86Hqu4gDTW5EycGwbNknhjfTcnhc_WXqYyd2TjGAljdCdKS5tgr_MbV3fVQS=s4800-w800-h800"",""https://lh3.googleusercontent.com/grass-cs/ACvplmOHNNJcd_WK2lwX7I-iJftoFB_RguDy_oaVzNO8SrO6IeXlIg7z-ghfAuteqihwuBN4WqZsCNQpq0LSX8xjy74u9ovQnSIEW6AyJZO3TQ8mp-mmYoMHJ7AXclt3aBKPW_h5EC9r=s4800-w800-h800""}","https://maps.google.com/?cid=13220805672829602706&g_mp=Cidnb29nbGUubWFwcy5wbGFjZXMudjEuUGxhY2VzLlNlYXJjaFRleHQQAhgEIAA","[[[660,1440]],[[660,1440]],[[660,1440]],[[660,1440]],[[660,1440]],[[660,1440]],[[660,1440]]]"
"柒伍無煙燒肉","新竹市","24.803181","120.969675","{""燒烤""}","$$","4.9","新竹市高評價燒烤，Google評分4.9分、累積15237則評論。","{""無煙燒肉"",""高評價"",""人氣""}","03-543-7575","lot","付費","{""https://lh3.googleusercontent.com/place-photos/AG9NLjAOGDpY7c_IdFMX6rytR2Y4EwJQJt-JErhK-dsx0eibJOZeEvDBd0B90tGsfmN6wGKdxuAV-nBwIUdV1noJEjyOWuMFQNXuTWlzVdIroPz_9Bx-o2SaYRvaln1Q8E4k7onIvIWje8a_ZKNBBABwbGKeeQ=s4800-w800-h800"",""https://lh3.googleusercontent.com/place-photos/AG9NLjBkjDZkjFKiUN1wQ5LSkG3Z52PifXVUovWvJQGSZU85RhqNWLnWIROVYaxHDluP-1uEnAVpC7Oqo6IZN6VRHHQrnJN2EXK_k7_hwvuiyTdCO0msySnQdjeCOKGVv6MRd5eIqFTVrtTaRE0knVIrRi7PbA=s4800-w800-h800"",""https://lh3.googleusercontent.com/place-photos/AG9NLjBYIsaxjqf02CKIo4yW-Pr-zqSqXMA44GVnDYwEi089tjvVN0qf0wLCIUSsvPze7zKuix5tf89C88PuBBrMid6bB7udTORqcYzGyTIi3jt95fatHdmSfCNbtg1NOiyPlzB8VgIN5QfNRvZbmDdn6tzhtQ=s4800-w800-h800""}","https://maps.google.com/?cid=11465087759839632055&g_mp=Cidnb29nbGUubWFwcy5wbGFjZXMudjEuUGxhY2VzLlNlYXJjaFRleHQQAhgEIAA","[[[660,900],[1020,1380]],[[660,900],[1020,1380]],[[660,900],[1020,1380]],[[660,900],[1020,1380]],[[660,900],[1020,1380]],[[660,930],[1020,1380]],[[660,930],[1020,1380]]]"
"焼肉スマイル","竹北","24.819017","121.026802","{""燒烤""}","$$","4.8","竹北高評價燒烤，Google評分4.8分、累積10705則評論。","{""日式燒肉"",""高評價"",""聚餐""}","03-658-3913","lot","付費","{""https://lh3.googleusercontent.com/place-photos/AG9NLjDWBWd-vD6aQassGa2981MQbyx6AxjU3lqkz9w3xi5lVY0b0aQDsNOu1po_6s2HU9mxkY0U7CAnnrQUeW5zFp4fpBrXpbF6mWxq3nS1EsqHIfKbElxGTjQ1AN4D-KdSbFPe59jn7yFGAdAK5A=s4800-w800-h800"",""https://lh3.googleusercontent.com/place-photos/AG9NLjD6x7xtAHUPdHorOcwd6ax7sH3ZRjNaLO8nnfedc1KM5f1zC00GHfbrX1GC6vHslLiyShf_cAANXLJ3Q-T5e4G7nP-UirneI45V6_Yjduin7_Fpn2Tv9Z3ef4byhDTwyZpM2LRVfIucRYdpT2K_BWlomQ=s4800-w800-h800"",""https://lh3.googleusercontent.com/place-photos/AG9NLjBxyBID0FB3MYsZfRL6XFtKXRpzMkiyMPtiOUMuxg3Jm4aUKnZ7Inqd6kXpKQH90ud5PitRrzY7NEYvD3cw5crwP2o4M1r8KRjrQUkIE9yOt7U2PFhKzdsvRmabeoQP2XVldV7JFIl14n0uWtLRTrPtDg=s4800-w800-h800""}","https://maps.google.com/?cid=17158848498287319426&g_mp=Cidnb29nbGUubWFwcy5wbGFjZXMudjEuUGxhY2VzLlNlYXJjaFRleHQQAhgEIAA","[[[660,1320]],[[660,1320]],[[660,1320]],[[660,1320]],[[660,1320]],[[660,1320]],[[660,1320]]]"
"原燒 日式燒肉 沙拉烤物放題 竹北光明店","竹北","24.830174","121.017409","{""燒烤"",""吃到飽""}","$$","4.8","竹北高評價燒烤、吃到飽，Google評分4.8分、累積8217則評論。","{""放題"",""沙拉烤物"",""連鎖品牌""}","03-558-6030","lot","付費","{""https://lh3.googleusercontent.com/grass-cs/ACvplmPs85pWhYiyck3-xLmEKq6voVqzku0ZAmUZ6BIC-gW2jZr9pG3wmWg6F2NIFkGnNZ21gzc0oWbrHhGZCw7O1bdK0VDaRBxB6HeTPSK124IpYuch3-99Qw-Zsm_YqjOvi5-8HTYN=s4800-w800-h800"",""https://lh3.googleusercontent.com/grass-cs/ACvplmNK2Apt8MVcUKlwmZgT3jLxGa1HNbxSL76FvaM5ZzOuv8vFytLuyUSuFqMmSfVAKjiB8TEcsnMe3m51W7afwAhA6yY6QGYe9alQgBjTd7rLVCcnLZ6q2zSfeQe8vchglStsTJNo0j8Z5Q5O=s4800-w800-h800"",""https://lh3.googleusercontent.com/grass-cs/ACvplmNgTr7QmgDz4umfluUTKKqSiyf2a8YwptrjCciP9xyPRHkDbMBoEkwbJiCjYnj0_WoFyGhVC_jQvccyrw7yw0fjZMR_YD7Bx3OKZfOqamsuDrNKlzIAaADxQkXx3RubYDzprVEx_Dm-uEOG=s4800-w800-h800""}","https://maps.google.com/?cid=1816419188342537203&g_mp=Cidnb29nbGUubWFwcy5wbGFjZXMudjEuUGxhY2VzLlNlYXJjaFRleHQQAhgEIAA","[[[660,1440]],[[660,1440]],[[660,1440]],[[660,1440]],[[660,1500]],[[660,1500]],[[660,1440]]]"
"火山岩燒肉-竹北旗艦店","竹北","24.82405","121.03206","{""燒烤""}","$$$","4.7","竹北高評價燒烤，Google評分4.7分、累積7611則評論。","{""燒肉"",""高評價"",""聚餐""}","03-668-8951","lot","免費","{""https://lh3.googleusercontent.com/place-photos/AG9NLjCfZnrD4YD1KtHBio1KR-B2696fLUyiDNbjRxpsY4oUbi6NF3jh60inpmzf8y2C1PBljjCKV80l_wZyw0CbSXaEvyEhK5kIws8po4DhdjS0KQLNLD_0Qk7LNqktbaqnKKlbyCi_BeDW7QSuQQ=s4800-w800-h800"",""https://lh3.googleusercontent.com/place-photos/AG9NLjCu083o1ijh11TyIxJAQXvSTTkTNv5NvqQPATX6UUyK-x9Z70_cllqk5GMeHBM9UYXN8_pFSMjEw0ZNNMmL4rXTwwL3RnveHHgxxGMTwxIdwJDujQ2MHlt1VbqoWHbumerM3w8nlucxl5K8EK0iKO22=s4800-w800-h800"",""https://lh3.googleusercontent.com/place-photos/AG9NLjBMfi9ySScoZDI51nucIhLxMtUzkZ6mPG7NNOxEl5oZNQT6aJNKLW8NTWd_09RWzbOq4Rqe5a9S7Cv3jMdgOAaR0knxDBUWG99RnFma_2yJuJuTA2SJClpRwt4ISgafeBBFlNDeAJKlkDpQeg=s4800-w800-h500""}","https://maps.google.com/?cid=12569702344993352177&g_mp=Cidnb29nbGUubWFwcy5wbGFjZXMudjEuUGxhY2VzLlNlYXJjaFRleHQQAhgEIAA","[[[660,1440]],[[660,1440]],[[660,1440]],[[660,1440]],[[660,1440]],[[660,1440]],[[660,1440]]]"
"食譜自助百匯餐廳","新竹市","24.807079","120.975231","{""吃到飽""}","$$$","4.7","新竹市高評價吃到飽，Google評分4.7分、累積11714則評論。","{""自助百匯"",""異國料理"",""高評價""}","03-623-8899","lot","免費","{""https://lh3.googleusercontent.com/grass-cs/ACvplmPhXM2xGja7c6SQ_WYGyLn1ZcmIeE8TPNff7zJZ3TRkFCJkzD8JhM3FhPHF7yoMb9GzFT9Tq5duFKapsvpM_WRxcgyANeiem7oxSpMwVj_IsSWpOzSxKeBDjSQpwhwVsZfZg3M3Sg=s4800-w800-h800"",""https://lh3.googleusercontent.com/grass-cs/ACvplmPQjG6xRW6shlGaN4abr5YyUsnb_ZbHkebKZtZhZjkA1TfUc-0OKj1J1P4oH2eM5sSHNRyTF0iB-NMf5wl1kyXzufu6OuXNhLgSXA4GAkYA3St3dSucnmOVkQU4NwSvWBv71YcHOA=s4800-w800-h800"",""https://lh3.googleusercontent.com/grass-cs/ACvplmMwkl2d1ud21z3aVAe0-EtBsrxpHXZ6JeNo6ElcOZjn93FoVl5agE5qRLZNy41XBJDSi2QvPKP71g66dV2k1ADMAdMWLLmnkussqtam3qXqGP86iZHX_NXChHufKhPgWZJm5ansAMaKe3ZE=s4800-w800-h800""}","https://maps.google.com/?cid=8156670472191249215&g_mp=Cidnb29nbGUubWFwcy5wbGFjZXMudjEuUGxhY2VzLlNlYXJjaFRleHQQAhgEIAA","[[[420,600],[720,840],[870,990],[1080,1260]],[[420,600],[720,840],[870,990],[1080,1260]],[[420,600],[720,840],[870,990],[1080,1260]],[[420,600],[720,840],[870,990],[1080,1260]],[[420,600],[720,840],[870,990],[1080,1260]],[[420,600],[720,840],[870,990],[1080,1260]],[[420,600],[720,840],[870,990],[1080,1260]]]"
"鬥牛士二鍋新竹SoGo店","新竹市","24.809728","120.976308","{""火鍋/鍋物"",""燒烤"",""吃到飽""}","$$","4.5","新竹市高評價火鍋/鍋物、燒烤、吃到飽，Google評分4.5分、累積4815則評論。","{""火鍋燒肉雙享"",""吃到飽"",""連鎖品牌""}","03-515-3686","lot","免費","{""https://lh3.googleusercontent.com/place-photos/AG9NLjBYHsRnJGqLFdiZ8Sqw5P_ZuFJo6IDyTPeFyzc4OmSc3qJciJhd0Ief2uQdNrdNElwMBdG1g-wmOskWKFFaqmH8VX3Dq-7SEzvcckPna3jGTgT3PwglSjMiMfRakRnEU4-xgF7k9ha6MzRsp94=s4800-w800-h800"",""https://lh3.googleusercontent.com/place-photos/AG9NLjDppWWtBxc6hJo-vMwfqUr7QVjZD2A93taMKQDllcfYshDEzButrYxd3KeOZC_n6nIzleQIb6dhJTVBgtP4nAgHlAkRI1LZsqzfUZgrFaYZiSfQmedsickkd267GMNEHIVyuTksdLOeunC_twEq0YM3PA=s4800-w800-h800"",""https://lh3.googleusercontent.com/place-photos/AG9NLjAfwMfcIBQUtJNPjzQAwwmKDtGAkg83Fnnwz1aD3_SvGJmujCmi04j-dNz6_pAxUS1BV0kUCQG_kDjGbijW-Vfp8-n8hWRlvmy26owUymp5X9YdyRhRvl1v9-kZ9w2Nd-oxt_IjRxTMrYvCR-0V5bEsJA=s4800-w800-h800""}","https://maps.google.com/?cid=3207859943055500066&g_mp=Cidnb29nbGUubWFwcy5wbGFjZXMudjEuUGxhY2VzLlNlYXJjaFRleHQQAhgEIAA","[[[660,1290]],[[660,1290]],[[660,1290]],[[660,1290]],[[660,1320]],[[660,1320]],[[660,1290]]]"
"旭集 和食集錦 竹北遠百店","竹北","24.822675","121.02355","{""日式料理"",""吃到飽"",""室內商場美食""}","$$$","4.1","竹北高評價日式料理、吃到飽，Google評分4.1分、累積3749則評論。","{""日式自助百匯"",""竹北遠百"",""精緻""}","03-550-8191","lot","付費","{""https://lh3.googleusercontent.com/place-photos/AG9NLjAei7tC_5bf-HIk_PZUabTW4v8MJT7Gqv-Qg-yDzF4FPQusqoeFWhXadjvLwCfBLLvc1qa53Edbm7BMBNALorukNN1XFCDOm-NdCNrv_Qp8imISw1G9px23sqWMVxAfM8FOXTHogDmbOKvR5w=s4800-w800-h800"",""https://lh3.googleusercontent.com/place-photos/AG9NLjAhpE-QlbPHSiKfTlVuO96JrF6gt6ErApOGMX_PaXqAUPNJt-LwoBK14M4ypb3NbTh6fJN81NwOcFCvu4QpwlKlstb8ZeMGHA4W0MaORYEXChd7ArkdeH6cMw6BstQo7cL7gaplcd5EwkN1KlBOEqmc=s4800-w800-h800"",""https://lh3.googleusercontent.com/place-photos/AG9NLjDjxVQjo5WMjvdJ_IOtXpUgdJSFl7bhPtSojU7RdX6CYHsARkzQcwfWYB8yP9ORWOfEH84GNxm0BZsqRf3nvNN2nNJwXNJosfFEbrfaJktPHd-AFVP5tmZqNz8j1K8XhZY2is-9m-FqGj56YpK_5LHeYA=s4800-w800-h800""}","https://maps.google.com/?cid=6756690054476206395&g_mp=Cidnb29nbGUubWFwcy5wbGFjZXMudjEuUGxhY2VzLlNlYXJjaFRleHQQAhgEIAA","[[[690,840],[870,990],[1050,1260]],[[690,840],[870,990],[1050,1260]],[[690,840],[870,990],[1050,1260]],[[690,840],[870,990],[1050,1260]],[[690,840],[870,990],[1050,1260]],[[690,840],[870,990],[1050,1290]],[[690,840],[870,990],[1050,1290]]]"
"鍋潤發","竹北","24.817635","121.02408","{""火鍋/鍋物"",""吃到飽""}","$$","4.5","竹北高評價火鍋/鍋物、吃到飽，Google評分4.5分、累積3677則評論。","{""火鍋吃到飽"",""高評價"",""人氣""}","03-668-3222","lot","免費","{""https://lh3.googleusercontent.com/grass-cs/ACvplmMtFMGEwMW05fPSn2EqC8AHjmOWO8Lfta_3YUMC4llUNTwNvSemOQsua2w2g0a7wAdDbvm32E-spCLn4U5tG2UX3_Xu02BluUTUDqHqNHDnWSRyHagviZLymPccdyZ4azweeHDX=s4800-w800-h800"",""https://lh3.googleusercontent.com/grass-cs/ACvplmOHYcZH-D_NDyv7hjgGV5QlJWdNe6JWCst6kbwuPjPpLgNeBV856bylsOVXQTQFmjH6s_DEtNeuv2NQwnKoqesmYGk3r9WhbJQcCCAtQRrVckfkLCziFoSbivxowvW4apqibAePb75_Icch=s4800-w800-h800"",""https://lh3.googleusercontent.com/grass-cs/ACvplmPusRbH7o0o9VTcOf9ZOCNcH4yWJe5TgEO2RPuPWzcZmkauMCN32cJ_b8qYmwSXFBDn3-rp-TZgn2VJyaZ56-TThpFGGZQeiQqhK-h-EM9j4AZWdyR7RdsuudfRub9SS9afI2F8ZANCaJQb=s4800-w800-h800""}","https://maps.google.com/?cid=4417713863931033853&g_mp=Cidnb29nbGUubWFwcy5wbGFjZXMudjEuUGxhY2VzLlNlYXJjaFRleHQQAhgEIAA","[[[660,1425]],[[660,1425]],[[660,1395]],[[660,1425]],[[660,1425]],[[660,1425]],[[660,1410]]]"
"新竹市城隍廟夜市","新竹市","24.804381","120.965605","{""夜市""}","$","4.3","新竹市人氣夜市，攤商雲集、小吃選擇多元，Google評分4.3分、累積14863則評論。","{""百年夜市"",""小吃聚集"",""觀光人氣""}","03-522-3666","unknown","","{""https://lh3.googleusercontent.com/grass-cs/ACvplmNWjQMLDW2ACp76_lXqt_ar4Lg_XjGD320JjteD1HA1nwjQFWG5hbwurFzlyQ-__4A3rtohZ3hc8h_0tsZYRhPf9qOXqSLsxBBSpfwX79blE5ED70-M_BY2a6zp5ZbHwuJWTyPE3g=s4800-w800-h800"",""https://lh3.googleusercontent.com/grass-cs/ACvplmMDR_KN0BJedjT_Jg4Vwi8hYr0j85Y65nncmawlJrCBKegl-pifTPaKD409GrREWfQpYnRfVTzKm8bOwbHFEDu6UYs3MEPLRVsKCPFnUQGgwj6VUuAK8wUsyFQuVq5ML4i4rb7Ofw=s4800-w800-h800"",""https://lh3.googleusercontent.com/grass-cs/ACvplmMjhft3Mv0Hi1qBV7cwGApPyAfaHB7ew0_dW-Wo6ShGhRnOhVOZzPks8_IO8Nj-fu44-0XfxyiKNZSmeRj8xjXU-118gztWBrilOeFV4bE_KK9_tll8WCpNRYEO8z9HixXpD2WJEQ=s4800-w800-h800""}","https://maps.google.com/?cid=866562965463297741&g_mp=Cidnb29nbGUubWFwcy5wbGFjZXMudjEuUGxhY2VzLlNlYXJjaFRleHQQAhgEIAA","[[[660,1260]],[[660,1260]],[[660,1260]],[[660,1260]],[[660,1260]],[[660,1260]],[[660,1260]]]"
"竹北夜市","竹北","24.839631","120.99449","{""夜市""}","$","3.9","竹北人氣夜市，攤商雲集、小吃選擇多元，Google評分3.9分、累積8146則評論。","{""在地夜市"",""小吃聚集"",""銅板美食""}","","lot","免費","{""https://lh3.googleusercontent.com/grass-cs/ACvplmOZiaDjRYM5NK_15n-yR0rfDSJ7XkKmL39liJj48pypBCguGOJqEYYY7xSIjyEvQZyzL2ICxvnPbB1mg89PmcfFIuhFAlihXUBKNkPs3299_-lgVpGMRXkWpgcZUyyt0qUhZutz=s4800-w800-h800"",""https://lh3.googleusercontent.com/grass-cs/ACvplmPIBb4iazjhHuUf6zGuvS10IcJd_JoCIXWNL269GiRGoiKEt-jN7jnX8MVQIDWQBXmfTQWNwGzVIJr13UMGP1aynN5pcOAJ84pTbwWaX5BgZYUT_oo0ySjxSia9WUvjWY0x8okp=s4800-w800-h800"",""https://lh3.googleusercontent.com/grass-cs/ACvplmNg-nRCpU4gSPwnNSVvkWw9bG1c9q7zUvPcAbfUTWSzFjjD6wcgAGG1afszr81O_QucG0lprvr6CZYvaGeW2dFwcWg04sYtiXXLRxfgOonkl9nVHDoRHLeAGgg_RZ94D_rHorJE=s4800-w800-h800""}","https://maps.google.com/?cid=1287161150593518114&g_mp=Cidnb29nbGUubWFwcy5wbGFjZXMudjEuUGxhY2VzLlNlYXJjaFRleHQQAhgEIAA","[[],[],[],[],[[1020,1440]],[[1020,1380]],[[1020,1380]]]"
"新竹後站夜市","新竹市","24.80096","120.974223","{""夜市""}","$","4.3","新竹市人氣夜市，攤商雲集、小吃選擇多元，Google評分4.3分、累積1213則評論。","{""在地夜市"",""小吃聚集"",""銅板美食""}","0909-005-599","unknown","","{""https://lh3.googleusercontent.com/place-photos/AG9NLjAsl-f8gmn_O_D4OJRB45BpB2lf-S8uIQGR8siSuxo6EYmkUcoLN9CpcknNecamH3NUvyJBVijUCVasMyh-mRb5_FGrKnGfp7HkaZOuVdya_ICX5BcPdro3yMhEQcKEY7n0ibNHeNSV2PKf934=s4800-w800-h800"",""https://lh3.googleusercontent.com/place-photos/AG9NLjBqG3l_EA8pxsHH01XOsfNx1YWqqT8mI2kM0BneJgwmftkRFaF9drDQ-pDjiptgHGDPeIyCI7-50BH62k9CdKM_AL9BhCDf_rVKdEOsnzFom8_erxpobJ-Iu3eGdeUenkSvyloLwJ0itfF1s6rm9f7MBA=s4800-w800-h800"",""https://lh3.googleusercontent.com/place-photos/AG9NLjAmVK7r9nmTWgWtVczn8KMLHjAgJBP0r8qEzwksO6i_55JN0EebDDwS_rF4c8PPNTZY_DXJJm6brXRoarouQ7BPmg9-m5YXS9FvL_2xGtqQ-9mk0QK3SoDNSPrkY-TYiYwDOuEal8uX9Sy35GQ=s4800-w800-h800""}","https://maps.google.com/?cid=14738182103599959014&g_mp=Cidnb29nbGUubWFwcy5wbGFjZXMudjEuUGxhY2VzLlNlYXJjaFRleHQQAhgEIAA","[[],[[1020,1380]],[],[],[[1020,1380]],[],[]]"
"青草湖夜市","新竹市","24.769214","120.977336","{""夜市""}","$","3.9","新竹市人氣夜市，攤商雲集、小吃選擇多元，Google評分3.9分、累積1126則評論。","{""在地夜市"",""小吃聚集"",""銅板美食""}","","unknown","","{""https://lh3.googleusercontent.com/place-photos/AG9NLjAAdBGm8zfl-wueK9ApgXpFHp3p3odmHJ8HPr25sKfae_V7uEvtcRa2GGApy_anp9LZdy78bQP-CZEJay3uB-zY1OZfFffjRTiUr_tU6uUb1nL4waINsTiHnX8dNkHJN4Kpn9gbd8ciceVBCos=s4800-w800-h800"",""https://lh3.googleusercontent.com/place-photos/AG9NLjBmqQeik3ARa04NQcZGQvbJRsf9EH4rN3rxlT2VaCwqKzX5CFfeMOlr5Bfd77wqUbfpV34PPjtfu-roc7g0tosHsBItm1njzUKZTbt3rUw5vENtnDGE_n844mHhhnX_dLtVDBBBVi3naujhKyI=s4800-w800-h800"",""https://lh3.googleusercontent.com/place-photos/AG9NLjCiP1e6hfNtRPuO97_IjnMF4ZDTnYmnir4i9-2EZkB5AXo92-B0LuRA0wNRAAMXgCAWdZYIPTeZE12nehuw8yNCGRC_CqzHXWDUzKnhnOyELtl-bUzs__ZRIcfeUQ8t6T4_7Atesv0IhQrvRYg=s4800-w800-h800""}","https://maps.google.com/?cid=14739955334966240488&g_mp=Cidnb29nbGUubWFwcy5wbGFjZXMudjEuUGxhY2VzLlNlYXJjaFRleHQQAhgEIAA","[[],[],[[1080,1380]],[],[],[],[]]"
"慈雲夜市（迪卡儂前）","新竹市","24.791708","121.012434","{""夜市""}","$","3.6","新竹市慈雲路週五限定小型夜市，Google商家登記名稱為「迪卡儂前夜市」，攤商規模較小、評論數不多（8則），建議出發前先確認擺攤狀況。","{""在地夜市"",""週五限定"",""小吃聚集""}","","unknown","","{""https://lh3.googleusercontent.com/grass-cs/ACvplmMDANPyTEoMuYYZo6sHmaCL-dBLCaSbl25-l4ZHJiPOrT2fJ68ndCC-u8t04WarlQ2H-iS5ac-U9H3yCg49u2AJqYdGyxpYxtzniMe8JVnX29g4Uj6Vn5U8ket2I4hvAJ3pTOg8kQ_vkp_A=s4800-w800-h800"",""https://lh3.googleusercontent.com/grass-cs/ACvplmNhaDK6YdH70EV_-Hn14HRAIcT40iLU3Cp6krTFwocR4r2-oTfAXqTa6K5m8Ij3Boo7Tc-8iVHzvqocIUGfH5D8p8ohv368bsqb6W-0CGmD2F_VpCQ-OvVMgamfqeI7O9A3AOQuFpJNKBI=s4800-w800-h800"",""https://lh3.googleusercontent.com/grass-cs/ACvplmPWddgmAMQEaOINEHTFLdrZP-QSN91MwuzTaR7NaMhuWX_zBy8fV-SI-dzU9eSWKdUbUtxY_V-yBh7UYgh6Q8PiSgfWvUnwSuM7QtJYztR50k5SANdKcGcLMSgzcsnTPXVC1af61r2i-Q79=s4800-w800-h800""}","https://maps.google.com/?cid=7251974002943250853&g_mp=Cidnb29nbGUubWFwcy5wbGFjZXMudjEuUGxhY2VzLlNlYXJjaFRleHQQAhgEIAA","[[],[],[],[],[[960,1260]],[],[]]"
"晨光早餐","竹北","24.822193","121.032732","{""早餐店""}","$","4.1","竹北高評價早餐店，Google評分4.1分、累積866則評論。","{""中式早餐"",""平價"",""銅板美食""}","03-550-3500","lot","付費","{""https://lh3.googleusercontent.com/grass-cs/ACvplmPazNiQdOiSEU9gFGmoojMe7yBRSBL_d-MvEyknrnCO9R6wyFvn3rLXin7nM7idroVBAbT3Hf890N2Kb-JXLwXdMEw1mEHrAj8YrjcGE2yCd97g4q5_xWwnpDHiimiQ7bnCx_KXxA=s4800-w800-h800"",""https://lh3.googleusercontent.com/grass-cs/ACvplmOTn5L5s-8at5AFJxm8ZdcwYXGRiLN6B4i6UD-tWigFPucpuqouVdPP__KxoyPsrwzlMJf0Esp96BLEbf0CNUsJMYHTFpHUio4xBfpWMAVPman_sE6J-LUEPfxCKk-5cbc4RXKW3A=s4800-w800-h800"",""https://lh3.googleusercontent.com/grass-cs/ACvplmMIDE2KFzCzc1_35wCFB2-8QzNb_TwCsPYIhlQldp9EzcILFUlhCbpfEGMciXWdgIMycNZCYOU_XUo9jXyzO_xBNex9NctUMmAPCNATfuNEMUl861YnvH-6_7uuS9NyaY_sJQqExg1DXz7M=s4800-w800-h800""}","https://maps.google.com/?cid=490836399535813579&g_mp=Cidnb29nbGUubWFwcy5wbGFjZXMudjEuUGxhY2VzLlNlYXJjaFRleHQQAhgEIAA","[[[360,780]],[[360,780]],[[360,780]],[[360,780]],[[360,780]],[[360,810]],[]]"
"歐爹 竹北民權店","竹北","24.832947","121.012202","{""早餐店""}","$","4.3","竹北高評價早餐店，Google評分4.3分、累積715則評論。","{""中式早餐"",""平價"",""高評價""}","03-558-7888","street","付費","{""https://lh3.googleusercontent.com/grass-cs/ACvplmNzqym10V9YmUDL3sgAI-3pJ4iPPDJiR9AgAdlLfpmMET9eoyooNkNQWNzAMCpfjMCeE4IOugcDzJ9mpt04kxz78PxR12KKyzK_LKLW_4kmLTUpPLpxwFcWNYjNojnIWGbmCoJ3Eg=s4800-w800-h800"",""https://lh3.googleusercontent.com/grass-cs/ACvplmOtHrr9GibKHqgC1i20J0OYF0lxxHffha25CWoSBOvgMGI1Vh2zMh9HRJ8jLQtZinkQnNUKurKNcfJa2aNG8FRqYeU95LAcT3Q2rKz0ooGV1mdHkVWKuuwgZ9aSq8Pe-Gl4dzFQ2w=s4800-w800-h800"",""https://lh3.googleusercontent.com/grass-cs/ACvplmN37-hacbhH9SKEP02xUFUoAFjz6i8iiUVAwKaqI9vokMWue4LcqKTJSGNG2Ew4QYUZlfFpnUVQit4uSUsbUDhYzpq9v1BGkjl3ZO87fMQnJdmW5Pk8Rs9FYJ7nk4TiK2hf0p73BDTt-WI=s4800-w800-h800""}","https://maps.google.com/?cid=754441556317232342&g_mp=Cidnb29nbGUubWFwcy5wbGFjZXMudjEuUGxhY2VzLlNlYXJjaFRleHQQAhgEIAA","[[],[],[],[],[],[],[]]"
"竹北皇膳湯包---","竹北","24.815397","121.020897","{""早餐店""}","$","4.5","竹北高評價早餐店，Google評分4.5分、累積634則評論。","{""湯包"",""高評價"",""周日公休""}","0905-230-416","lot","付費","{""https://lh3.googleusercontent.com/grass-cs/ACvplmMrQi3zMSzPijIyvLIm6Pf4S0KISNGuebFUciXbWNnfBje8upQ4gloBda-jM0fWHRQrZRskVxXKcIEpDTInKKPgKjIDCpVhGkZzhrlU0f769ualePCDOvoeeF7TQgmHDNActSzjgQ=s4800-w800-h800"",""https://lh3.googleusercontent.com/grass-cs/ACvplmMizlKjpOTEV5SwhNIDjqKTQFHlAsqij3eIWMG39hCVeifMcBCgnEQotIH_Yt6GWMBemDiZRvjbmcUajRcfjgXA6wCEA_4XFKIdvt2t9NvT3YRVqHzVgFfDxKrn1Egjx58kMJY=s4800-w800-h800"",""https://lh3.googleusercontent.com/grass-cs/ACvplmNIe5eMyV0zjilsE-zuYwOPlGhM6GAvk4rArk9ps_iGVmN51FYJVCQETQw0EuipGKqI4m7z32yBombdnqDQK8f55JdrlT55v2rHsWWEd68UaQ_m42_RO0NA1fqCje5mbKCnooaDww=s4800-w800-h800""}","https://maps.google.com/?cid=16869793219471354889&g_mp=Cidnb29nbGUubWFwcy5wbGFjZXMudjEuUGxhY2VzLlNlYXJjaFRleHQQAhgEIAA","[[[360,690]],[[360,690]],[[360,690]],[[360,690]],[[360,690]],[[360,660]],[]]"
"Coffee&Egg 竹北分舖","竹北","24.821416","121.031847","{""早餐店""}","$","4.3","竹北高評價早餐店，Google評分4.3分、累積547則評論。","{""中西式早餐"",""高評價"",""咖啡""}","0972-218-518","street","付費","{""https://lh3.googleusercontent.com/grass-cs/ACvplmOV41zVIuE0M6TmOkmpH6OaA-c3E_WpEbj0dZMjjB2tYVoqpXxgD7GFP0M-3oQcBqlp9rM5gx0HrAP51XHzqo3EWGO9dmq41dLru--LAnbRgZfwNIg3yWKrZ7V-NZDIcT_KjMnm9w=s4800-w800-h800"",""https://lh3.googleusercontent.com/grass-cs/ACvplmN0tQOK_sMCvhoOZQCp0TSgUSe9s6TkglKMu9PuXvzTOaAeEcJy1biuSbW5tUjTyG8q86joyPFq8XoFel7oPfSBT40miHxxJk3exSuuh0bXjdumXpa4N2DtY838FXcvwB3ZIPzh=s4800-w800-h800"",""https://lh3.googleusercontent.com/grass-cs/ACvplmN-9PTzxoKIfN06VWtLO38OKammjvbDUjV-kKQ02KvIx5JxxL2C7vTBU7IBcwM_q_U_yAmvoz22XvmmTEsD4IvJvK5yWM3PZVLfQdGuObIqzzDDLWkQDgjDbhuox_sQpPCtb2wAd5MpT2j8=s4800-w800-h800""}","https://maps.google.com/?cid=4029351219705391064&g_mp=Cidnb29nbGUubWFwcy5wbGFjZXMudjEuUGxhY2VzLlNlYXJjaFRleHQQAhgEIAA","[[[390,825]],[[390,825]],[],[[390,825]],[[390,825]],[[390,825]],[[390,825]]]"
"Kurashi","竹北","24.819113","121.030037","{""早餐店""}","$","4.4","竹北高評價早餐店，Google評分4.4分、累積1033則評論。","{""日式早餐"",""高評價"",""人氣""}","03-668-3239","unknown","","{""https://lh3.googleusercontent.com/place-photos/AG9NLjDCnbJpHqJioa3AJKbtpdjAJwxZ1AUdlX9lAuecVayRU6Bz7yw5UhQEnFIiEFQpDXMS6-Ow3f6teICjyv8zZUT7aVCLlHu11DcXlUDQ4Nj3RTr6MEJo-w39jhTlVdLbqocMjA6-jpq4ehu85w=s4800-w800-h800"",""https://lh3.googleusercontent.com/place-photos/AG9NLjDq8GYosNjnkC-tvm-yUxK4R3YLOh6shZW5BsNcN2xhiI3wwbByI4oLGHRBBRL7tz1NCObGqb6p69kXFKNt6SHF6rQgbPQu_YATjo9jF2Qj_JR3dP7peJNR-LiwGeMlf8sQrta8y8q5jiPTB1Uwco1J=s4800-w800-h800"",""https://lh3.googleusercontent.com/place-photos/AG9NLjCYsvpKYBFAqcbIE7jJyyTZoioPt_MGpdrtSjbcxUHaRQFzDn0BuRolg5-pUnqzehY123u5ttjByCi3IR5UX4G2ZUz_eRy8tlmzeyB4OHxkDPsZvM2doaBdB-iiztTJ5pc0Ye_4dUrY_c7q67AbIOg7PQ=s4800-w800-h800""}","https://maps.google.com/?cid=3971279902514466003&g_mp=Cidnb29nbGUubWFwcy5wbGFjZXMudjEuUGxhY2VzLlNlYXJjaFRleHQQAhgEIAA","[[],[[390,720]],[[390,720]],[[390,720]],[[390,720]],[],[]]"
"車庫鹽酥雞（西門店）","新竹市","24.803296","120.96642","{""炸雞/鹹酥雞""}","$","4.6","新竹市高評價炸雞/鹹酥雞，Google評分4.6分、累積1433則評論。","{""鹽酥雞"",""高評價"",""宵夜""}","0975-807-102","street","免費","{""https://lh3.googleusercontent.com/place-photos/AG9NLjD6yfOPiSHRH6JF3xlwi3F3yFpg5f96LdiuWVKbM2kV19cQZm9imMiSSuPvXSNjGJoB7CmoRguWIGJ-RwdL5oKulpaeFkLgP0RvddLISw4ZKkylb9CWInHpTVCX58cLkWFquGjJHMYKutPpvQ=s4800-w800-h800"",""https://lh3.googleusercontent.com/place-photos/AG9NLjDHhtc_KO9XthlkmsNzwM-5X4lZpSapISzOrxUZmLhU_Rl6tPdVQg0x8dv4_LjWchufqrhgyrzTjRk9kakJHYk443LkybWeE59Ukq2EHxL8W0ze1mQKYvlQLgvRyFfcu5wl2dxX5xA5pTRq9j-Bupq4tw=s4800-w800-h800"",""https://lh3.googleusercontent.com/place-photos/AG9NLjDut00p31k-5hYD6kjEFTh3SWwmOEa6C2v3UpOpXhOqYe9iRLTgoPfHzSzA8NvJXuYhhfZLRpqWyp2QFRCqpdNvLv_HEvVusB9nKzoCzdNEtnPrBPCXRicFNdzZF1t1B3QAuoqZ0leDlvU12TQLJ3t9eA=s4800-w800-h800""}","https://maps.google.com/?cid=16289530818943277272&g_mp=Cidnb29nbGUubWFwcy5wbGFjZXMudjEuUGxhY2VzLlNlYXJjaFRleHQQAhgEIAA","[[[1020,1440]],[[1020,1440]],[[1020,1440]],[[1020,1440]],[[1020,1440]],[[1020,1440]],[[1020,1440]]]"
"嵐町雞排 新竹光華總店","新竹市","24.821181","120.977347","{""炸雞/鹹酥雞""}","$","4.9","新竹市高評價炸雞/鹹酥雞，Google評分4.9分、累積721則評論。","{""雞排"",""高評價"",""人氣""}","0903-863-634","unknown","","{""https://lh3.googleusercontent.com/grass-cs/ACvplmPVx9ryWt94cU8KcX8d_WTZmG1xV8wAABn9cssltDABs-bA6c80zn2MSZK2SzbxZoHylmx541CEtcNIBoqm9TfAORWgwwrbzGgxwGFOURrieNqb-AuWSjFws9nDiD5rfVUIDqgf5w=s4800-w800-h800"",""https://lh3.googleusercontent.com/grass-cs/ACvplmM75FZN-jFabbbU6iWKzmReIoz9jMFySwuWQfJ8m3zqVVkp7JDGyLxOrEzhuJvGa3GUOGxO2GKIabv8IUVKed_1fk4Egv8V6plGcx-cd5FOinBIBJ_5yj_d29s3ZvV8DfCuPeBh=s4800-w800-h800"",""https://lh3.googleusercontent.com/grass-cs/ACvplmM_H59TPJl2AU5V66qjLi1n9LpJ5cjK_52vVQ8aTVq_ACu7MifhMj1A2k65fDy3-3lzv5ZJQDDr5mVBv-crnNzkEU2DcvXzszROTwpeH-2vpBqzfKAZSwEaCc6EV1j9ea59iOPDRQ=s4800-w800-h598""}","https://maps.google.com/?cid=3919879818010643342&g_mp=Cidnb29nbGUubWFwcy5wbGFjZXMudjEuUGxhY2VzLlNlYXJjaFRleHQQAhgEIAA","[[],[[780,1350]],[[780,1350]],[[780,1350]],[[780,1350]],[[930,1350]],[[930,1350]]]"
"三味鹽酥雞","新竹市","24.803834","120.969129","{""炸雞/鹹酥雞""}","$","4","新竹市高評價炸雞/鹹酥雞，Google評分4分、累積1115則評論。","{""鹽酥雞"",""平價"",""宵夜""}","03-526-3939","lot","付費","{""https://lh3.googleusercontent.com/place-photos/AG9NLjB7raXxS2IHTKDc6WADF-sr9E7aNkWiU4MZXKA530kssGMZzi8F1rBQcBieL5PXc2VGR--qEihFl2l1smJWxZCXlP1Y3EplF1qLnZaeOPhv6_sY_AldWefsH7vpxoOkeiXJp660uQCOQRyEQQ3BSE2H=s4800-w800-h800"",""https://lh3.googleusercontent.com/place-photos/AG9NLjAjzodMR0D9AtlXr05RAEYzivb1tfPtp_J3TtagHDhqrdY2Dro2djLMBkFQBU6V0XTGVPis7kOgeSO22b84HB0MK6g7v3LZJn8m3NxhgDmgNxew-WdlCfoWMAdViECi4dwalq6xKEMOaFSXT0VzRmAZog=s4800-w800-h800"",""https://lh3.googleusercontent.com/place-photos/AG9NLjBpbiPO0h_RwWaXT2RGhsVEfPVIRoqriTqwCJtkKPGHeQSmAz2FTwzxZD_26ozd-t8Ab0VLX7f8P2ZuhfcfYXlWQ3HpBvrlVkpowAKKutEXObPSezFuRiVGcARu3P0b9GqctBpeZvG-NIhSfeWxXd4LsQ=s4800-w800-h800""}","https://maps.google.com/?cid=1638782884950631268&g_mp=Cidnb29nbGUubWFwcy5wbGFjZXMudjEuUGxhY2VzLlNlYXJjaFRleHQQAhgEIAA","[[[840,1260]],[[840,1260]],[[840,1260]],[[840,1260]],[[840,1260]],[[840,1260]],[[840,1260]]]"
"我家鹽酥雞","新竹市","24.805178","120.949519","{""炸雞/鹹酥雞""}","$","4.3","新竹市高評價炸雞/鹹酥雞，Google評分4.3分、累積622則評論。","{""鹽酥雞"",""平價"",""銅板美食""}","","unknown","","{""https://lh3.googleusercontent.com/place-photos/AG9NLjCRGMNMHHChDoWgDufqW-iRXO3FcUcdHbDhSNB13HQURehTIlChFFy1CQgxBCTu9jDIjjDqE2XX_rmP4SC7W1yJClGriIgUSr-d5DNEg0ej8iSmxuMsBVzezl90bQxCXWic3wfWYQ_bIEpGTg=s4800-w800-h800"",""https://lh3.googleusercontent.com/place-photos/AG9NLjAZDXmM92ECVL1GxCKItm0nLUV1X4ftaDwU6jBjlFFK_Cht2FGtJRqt2DoQ2u-xY2wz0zhRUeImV7gnESOmw_VsH9hx_AmfPxZ5yOcII8Wl-atqRRiPEwiInK3h3stJiwVoRZnMkXFrdBfKMacLmRBAgQ=s4800-w800-h720"",""https://lh3.googleusercontent.com/place-photos/AG9NLjAkOSAymc3cKTbMHCgjlMf6VG3bgntsWIyxRICtzYGgFXfMtsWKX1430YCw541F3Tc3tf9HyWWepO4jihN5glrYT0lsV2YLlDWfR7ql2t85cLBo0Pp0Ox9p6x0RXURLhb6UNRt0MlI1LxGI2pfGsv2wIQ=s4800-w800-h800""}","https://maps.google.com/?cid=14574131486349855272&g_mp=Cidnb29nbGUubWFwcy5wbGFjZXMudjEuUGxhY2VzLlNlYXJjaFRleHQQAhgEIAA","[[[1050,1260]],[[1050,1260]],[[1050,1260]],[[1050,1260]],[[1050,1260]],[],[]]"
"阿樹伯鹽酥雞 竹北店","竹北","24.840554","121.001529","{""炸雞/鹹酥雞""}","$","4.1","竹北高評價炸雞/鹹酥雞，Google評分4.1分、累積450則評論。","{""鹽酥雞"",""平價"",""宵夜""}","0932-289-938","street","免費","{""https://lh3.googleusercontent.com/place-photos/AG9NLjCuloOpqZB1RKPcZM5tZIT2O0vkYYvvs81u7sXzX0vvzPI2z6O3UtMn6vJZvuXK4pWkyd4tQ_i3GawrdD-puEY4rVdppxcuX3bjvb6VT20wnvhezglSUvKFHdq4BqXQnLV8ULHwEC-y6WZ3uw=s4800-w800-h800"",""https://lh3.googleusercontent.com/place-photos/AG9NLjDn2ot-Tu6GGUdFAsiBRqMj-_mjBkH6ePwWkUx5SAUuWs730-OLGm-mbrcmdMG_Gi2CnugKpor66T46ycQB5wUVjHlFzqn-nmQowHnqOdJ2cKfv2olebG5sNtE5uFwKrAK15xxNF4Clo0vQ959kXenDqA=s4800-w800-h800"",""https://lh3.googleusercontent.com/place-photos/AG9NLjCu2MgZ4y-vj-6FIwz6I_5QQr45LWFUbvU2M_QchUoroh59iZPQ2c5Qy-FC68NoEQ4gQN9tz3VaiQGDgQ_TPdzdsy1mQm4r0kK03h96DpIBDLEXSP7JGw4gfPugBtIu87p6XgrBdb8aQYfG0MrsvVmrIw=s4800-w800-h800""}","https://maps.google.com/?cid=16978205899634862746&g_mp=Cidnb29nbGUubWFwcy5wbGFjZXMudjEuUGxhY2VzLlNlYXJjaFRleHQQAhgEIAA","[[[1050,1380]],[[1050,1380]],[[1050,1380]],[[1050,1380]],[[1050,1380]],[[1050,1380]],[]]"
"Tender Cocktail Bar","新竹市","24.81464","120.976091","{""酒吧/Bar""}","$$","4.9","新竹市高評價酒吧/Bar，Google評分4.9分、累積2157則評論。","{""調酒"",""高評價"",""約會""}","03-533-5003","unknown","","{""https://lh3.googleusercontent.com/grass-cs/ACvplmParGYc9sebMgUahDONfTrW6WCbdmR37qbGSupOWvoNh78iC7NKSRi6lFkYoiTteVoEn8aa-BNniWdshUAfkmNVrZxaJhNlgwODjQjBe2uOtuhlOfDop6WcerA_pCX0OA4wz9ZVcKC3UcjN=s4800-w800-h720"",""https://lh3.googleusercontent.com/grass-cs/ACvplmPyurgjJ6qmZ4B1SSRC5DJaGCxMUKa1SfAzgNa3zUvLLqcIMBUC3wsQpjWCg9dXKOj1WoNCiLDQs6WO8UGr2CUZ0KPCSKme3W_OeAaBZzOaaydPCAVWMgkKtOpvZ76gbr6i4zd3yA=s4800-w800-h800"",""https://lh3.googleusercontent.com/grass-cs/ACvplmPl4jyeuXbZOA1XOQgxVBw67Tq725U87L_fmgDB012eHZLqC6dX5PnLpb9eHFsqtfxcqzcmtJEOi_8Eexld4rJ7h1qC564mhuDVFfGZNhX8-3VCP0GVRoz1gVjzBE82y4oV-NgNMhUU0vOg=s4800-w800-h800""}","https://maps.google.com/?cid=7255925597001998629&g_mp=Cidnb29nbGUubWFwcy5wbGFjZXMudjEuUGxhY2VzLlNlYXJjaFRleHQQAhgEIAA","[[[1140,1560]],[[1140,1560]],[[1140,1560]],[[1140,1560]],[[1140,1560]],[[1140,1560]],[]]"
"ROOM8","新竹市","24.813778","120.973309","{""酒吧/Bar""}","$$","5","新竹市高評價酒吧/Bar，Google評分5分、累積1429則評論。","{""調酒"",""高評價"",""高分酒吧""}","03-531-1377","unknown","","{""https://lh3.googleusercontent.com/place-photos/AG9NLjDyp2m_dIXRVCA2yR3HAo1Vjme3tat60dCmrresGNKEdzi7VNyQ2poIOuHUc0Cc6DxgZdPyT6-xeF7LwhxeH1Yeb0IizTPnnSGjayxo8tLzfQ05kiA2Sh7l1ytjOgIIT4N7F9liIMuccABfcYw=s4800-w800-h800"",""https://lh3.googleusercontent.com/place-photos/AG9NLjAjbT0Ct8TzPb_KNJH_IZkOuXxdNgDL6wXSVgK4I3AtFRWVN9UTJya00TpvEMxoGOMYmVZy3c92reZ2lsNt2ho8iTXtJVCO8Ac4ujMjdrdBmStKPQMXpe_kr4zYH4f4u4EI2JNHt-g3Fzz4rPY=s4800-w800-h800"",""https://lh3.googleusercontent.com/place-photos/AG9NLjA8wLwBFsXr3OREd55ymo4Lt39oNl82dwJQldDWpWvBGDLxkT16Jzs3w4vU8ob572qWe-wUHh6Gy58OEx0YvQn-jlQ7eXFGlbQyMEHbZag7Rk4YCFxkMAfw8tKpRQJHpWvR-jqoO2tkmDjg4Q=s4800-w800-h800""}","https://maps.google.com/?cid=16247211592386239625&g_mp=Cidnb29nbGUubWFwcy5wbGFjZXMudjEuUGxhY2VzLlNlYXJjaFRleHQQAhgEIAA","[[[1260,1560]],[[1260,1560]],[[1260,1560]],[[1260,1560]],[[1260,1560]],[[1260,1560]],[[1260,1560]]]"
"Bar Back Cafe 新竹甜點酒吧","新竹市","24.807724","120.975011","{""酒吧/Bar""}","$$","4.9","新竹市高評價酒吧/Bar，Google評分4.9分、累積1154則評論。","{""調酒"",""甜點酒吧"",""深夜""}","03-535-0226","unknown","","{""https://lh3.googleusercontent.com/place-photos/AG9NLjBfWQKFUlnOkDDbha4g8MJzE3sJSDtKDCcTvfZ7G5Gqt5jJH1zOM0ZWLRPniov-Q5p9INYVpjrKBJJpFQGVVjpOUsmRaUhvAMjbhbGM--VoSH3zzTk3cAGn-7guT7of2kqsGU0Vv7UTak7s=s4800-w800-h539"",""https://lh3.googleusercontent.com/place-photos/AG9NLjB3FONRoyJAQgZZIqZGfYW4xqGQMQ8KSgvmS1RRHPBbS4HVRBfji0si4_N6LEZvSERM2iXkuD55GP053UPBoTOWk4MVyw78P3FhcOTMeFVcqZU_mysaFRcuG3oxBJIPlh_D0M_FCikncs3_yEsL7EcG=s4800-w800-h800"",""https://lh3.googleusercontent.com/place-photos/AG9NLjAiQKdInXDZIlUw6iSOfKzFltd5AW7HCfZkY7zISjx8cxUWtX58gey57bhy3bUmtxS-G3XlUNlCZVnf1gMmTegh4OA9kWE1CuNAE6laBb_wUCMBRrWkAQdrEoG4QztGZOg0KLe832I2GwXedQ=s4800-w800-h800""}","https://maps.google.com/?cid=14063202795407229301&g_mp=Cidnb29nbGUubWFwcy5wbGFjZXMudjEuUGxhY2VzLlNlYXJjaFRleHQQAhgEIAA","[[[1050,1470]],[[1050,1470]],[[1050,1470]],[[1050,1470]],[[1050,1470]],[[1050,1470]],[[1050,1470]]]"
"Bar Neat","竹北","24.824622","121.030145","{""酒吧/Bar""}","$$","4.5","竹北高評價酒吧/Bar，Google評分4.5分、累積695則評論。","{""調酒"",""高評價"",""小酌""}","03-668-8997","street","付費","{""https://lh3.googleusercontent.com/grass-cs/ACvplmNQ_sv8VrhLJsFL1bqvJTOf9NFU-mWc-UHAljoHF8hSh_AIA0fKtK5Ntr6Hz19nGDTulB6HgJXrYnvUJ_0oxGOrrh9nCSlPjeCq_fvkthePE1sKv3vhv5G11nkT1LgZKxabR_Hw=s4800-w800-h800"",""https://lh3.googleusercontent.com/grass-cs/ACvplmN3ROJJ02GcbvDJrVZYyFsRxQLjZ-U2Yi8Pvb5f5ZYX5vsUJ8SjReZcK6I2uT68nCtlvQdXKUH36hHSlQuJcNnxDsUmXj4JArD7z-p4JPJ_AEhLAW1bEcfcI1NCUeGL-7Zdgf8mLhAZUFc=s4800-w800-h800"",""https://lh3.googleusercontent.com/grass-cs/ACvplmNziEdqy1lEWdEUz9RiZS2S3ssrGBL2Q733HZWvosvpC-z0SXOIwiqZ9qQhgf8fypkZw-ZADj03_zZYmojRTFjzP08ZACZXbBp9B4SLaVtK9nPANjxPVO0D55GzLOiWpQ_vc9I=s4800-w800-h800""}","https://maps.google.com/?cid=13665667876253845091&g_mp=Cidnb29nbGUubWFwcy5wbGFjZXMudjEuUGxhY2VzLlNlYXJjaFRleHQQAhgEIAA","[[[1080,1500]],[[1080,1500]],[[1080,1500]],[[1080,1500]],[[1080,1500]],[[1080,1500]],[]]"
"BAR SPEAKEASY","新竹市","24.803155","120.955279","{""酒吧/Bar""}","$$","4.7","新竹市高評價酒吧/Bar，Google評分4.7分、累積435則評論。","{""調酒"",""高評價"",""隱密風格""}","03-526-8520","unknown","","{""https://lh3.googleusercontent.com/grass-cs/ACvplmMoMU0qpqBEslxIiSZHVwtrwuDMjc6YLVDvdw8K6bMWI_zRVa3jHsubfqW_5o635_iZz5ci8n6j32OyzuqnNxyXL9alqj960NCrs2XR7czzEXiKos3ty2DUTHpuniBkNc3V8Ljm=s4800-w800-h800"",""https://lh3.googleusercontent.com/grass-cs/ACvplmMZmVgmBXz-CbVuA6e5xGS_jbgJV_M1tDKZ7doVRM_5g830TP_jdDV2BmZmKcm3rQqEjmIvbvehb-we7xibySe-Wrq7n8b762ss5FoOksV6oT3Y4D-5p83Xiavc3ZSnbYMXIxitz2-91-Vj=s4800-w800-h800"",""https://lh3.googleusercontent.com/grass-cs/ACvplmOXQngkd2IMM5CSRzbjLtdbqSs2Ar49eWWTGHBPYwjeSEibZXZBcR4-TQAekpS6ubGWF0fr4Kr6CGcZZ9PAvSal3FXIPx1ofmDwdYTIa2_sU11tiA0G0IQPJvLQIqQPDlpTDS02lELlu_My=s4800-w800-h800""}","https://maps.google.com/?cid=6111185276455865031&g_mp=Cidnb29nbGUubWFwcy5wbGFjZXMudjEuUGxhY2VzLlNlYXJjaFRleHQQAhgEIAA","[[],[],[[1200,1680]],[[1200,1680]],[[1200,1680]],[[1200,1680]],[[1200,1680]]]"
"Seed Bakery 麵包籽 文興店","竹北","24.815696","121.01857","{""甜點/烘焙""}","$$","4.6","竹北高評價甜點/烘焙，Google評分4.6分、累積2235則評論。","{""麵包"",""高評價"",""人氣""}","03-668-8289","street","付費","{""https://lh3.googleusercontent.com/place-photos/AG9NLjDVCgJ4wiX_lNsNiCdvSu8NYCjblHWkAotIt_PDM81mQWNYkPWpRgyGSx5mcu1qmIaFd-qlbiuTIIiA4NNglQ4IJ3NHvorK-veXM_3O-uOQClyICCk3-lEmDNeMXTwEjK2PqGUYdbgL4n3TdA=s4800-w800-h800"",""https://lh3.googleusercontent.com/place-photos/AG9NLjAc-8evf2Nbr6Sqe2nXOyqS4t_bDjP9owUeCQxz5BGQNcNM7-W-u0gxiSIV9pmB0A99T4DdbRJUfsciuLdMHoYGbt0LAeW8ZYM19hpdeUfF3BkxkePdWr3Z-AJlbZgYCpid6ZTcw9_ZRXhHFw=s4800-w800-h800"",""https://lh3.googleusercontent.com/place-photos/AG9NLjCou9fS080OLdzK204q_bjgnUSVgVMykrbyeflD8I6DzroPwwGrjXEQxxtBCBwjnJelu_V5AK-ZSY2tLAqJefrPsHUyp6uXz870gxY4H1e3a7lApb3gb3mJ1IlNwb6Ruats6xPB7XjrdQd_SvbyrfZhZw=s4800-w800-h800""}","https://maps.google.com/?cid=14079559252961961483&g_mp=Cidnb29nbGUubWFwcy5wbGFjZXMudjEuUGxhY2VzLlNlYXJjaFRleHQQAhgEIAA","[[[780,1200]],[[780,1200]],[[780,1200]],[[780,1200]],[[780,1200]],[[780,1200]],[[780,1200]]]"
"水豚麥胖竹北總店麵包烘焙葡式蛋撻/竹北麵包餐盒/竹北烘培坊","竹北","24.830464","121.01647","{""甜點/烘焙""}","$","4.8","竹北高評價甜點/烘焙，Google評分4.8分、累積987則評論。","{""葡式蛋塔"",""平價"",""烘焙""}","03-558-6233","unknown","","{""https://lh3.googleusercontent.com/grass-cs/ACvplmOVCB7LKGW9cwY2H8LEpn1SmBnHqzhhuMJ58tIz4jPJUX-zmAbqe_UCAw53Z0yUH7qEovZ6P8QJ89f8fv5HumXtp0JQIdbgdIBcLGCRvFA1WKf9kTeu6OoRQQoYzpJbiWdIxEYsZQ=s4800-w800-h800"",""https://lh3.googleusercontent.com/grass-cs/ACvplmOY_bjPQBosnqqwf3AqaIyagsTvxmgira4HB4bhnDk62aYN_EZQqeEhZvayvpB-b1PwWouzfvwY22c2htERRxzXDMb07NX5cc3OPQJuMScLQtL1yQn3O4PEEY-f8zQ1af0sVBlurQ=s4800-w800-h800"",""https://lh3.googleusercontent.com/grass-cs/ACvplmPnkPs9Eli9cPmm-jYAJzYWhI7c0ImsAuPbaq0rQzmdbkA9KImUaK-4ceKIoNjoIKiENiUO5TzIKQkmcRvvuDtiWfxs1ggcopDp8PL060IQa2PL6d2NlQ93dAVawA7H41yPlt5S3InFGbQ=s4800-w800-h800""}","https://maps.google.com/?cid=8564765319602152745&g_mp=Cidnb29nbGUubWFwcy5wbGFjZXMudjEuUGxhY2VzLlNlYXJjaFRleHQQAhgEIAA","[[[720,1260]],[[720,1260]],[[720,1260]],[[720,1260]],[[720,1260]],[[720,1260]],[[720,1260]]]"
"拾良貳館SHILIANG BAKERY","竹北","24.812759","121.031447","{""甜點/烘焙""}","$$","4.8","竹北高評價甜點/烘焙，Google評分4.8分、累積520則評論。","{""烘焙坊"",""高評價"",""人氣""}","03-668-2065","lot","付費","{""https://lh3.googleusercontent.com/place-photos/AG9NLjDSZMu6_CH4mDNYHpnpijRlT2P3XTdwGP0-8wSTPM3hl0m5P0LEPmkSzUTMROB8xOeUJZe4XNqsULprwuehai50qKTuIo9DN3cbdCfmpnBjCSM4cn0cQZXlfbso4zG2L9AWJgqzE15CgX2JGSX8eH5htA=s4800-w800-h800"",""https://lh3.googleusercontent.com/place-photos/AG9NLjDDoU9LSKRSHlZ3stq1IIdy-iZy-_aCrzlZ86EPenxPlP-OlQ2Q7OF01uOXzZFqvUhg2FPIEUeJ0J9emM1SUGjGVakCiE0PkHscB4ePKWzpcrSl_Dzrhcjzr37z6avbXEb9f3J12ZDcKFZJN8-LKDd4aA=s4800-w800-h800"",""https://lh3.googleusercontent.com/place-photos/AG9NLjD14xYtGLTWyx01o54FH0VcXuMkuohkanIo9ym6bIa80Elu_6QVDtPLvuK31_1C-XjuaPRJmh9weGuPv8QNE7bzGQDjF80SFK7pQm-SWpY98jA1_0uGGqltZA_Qm_udyrGHmAbfqnu22OQJbryfUZss=s4800-w800-h800""}","https://maps.google.com/?cid=12491302196617839081&g_mp=Cidnb29nbGUubWFwcy5wbGFjZXMudjEuUGxhY2VzLlNlYXJjaFRleHQQAhgEIAA","[[[600,1080]],[],[[600,1080]],[],[[600,1080]],[[600,1080]],[[600,1080]]]"
"私嚐の吃飯","新竹市","24.805654","120.970123","{""日式料理""}","$$","4.8","新竹市高評價日式料理，Google評分4.8分、累積12284則評論。","{""日式料理"",""高評價"",""人氣""}","03-525-2006","lot","付費","{""https://lh3.googleusercontent.com/grass-cs/ACvplmPZLyXSKM1_Mg_pnPa4UZRGFA5mGuf1srKWJgZDwCzer98Qln-1wT9Z2Ur1q0aNlklqN5nCHZrNTms9FKiSG21EOXKLMzeOXwL2NIJEXA8J4HhDtnzYx5zEAPINOyyHykuDdgp8GO1uOjvz=s4800-w800-h800"",""https://lh3.googleusercontent.com/grass-cs/ACvplmPNhlOJdlc5yOzYpSQ44tf9HPYbA-NXjfWr2b2h50-sz4SL4EBZu_VGcyjJ0lrCa-3alcniNJbxIF2I5KzqxVmQZ_nU1I8MpOlktcGjNKUnDpS61yFPxccOSrdzEY85dqquPi9qtHHJeDhW=s4800-w800-h800"",""https://lh3.googleusercontent.com/grass-cs/ACvplmP8DiFSw1FFGLGOAL8b7XypGIvIhrfuly60FjOOWQYMVavWXJusc9xL-rGGzmSeJiIx4gd0K_zjXm3M9w-fNrbKKXsHsHzn3jBnAIKcx5WSg6NR887Ra1oyD0fOLH7HRzR_tj1V=s4800-w800-h541""}","https://maps.google.com/?cid=4045289571598577033&g_mp=Cidnb29nbGUubWFwcy5wbGFjZXMudjEuUGxhY2VzLlNlYXJjaFRleHQQAhgEIAA","[[[690,855],[960,1230]],[[690,855],[960,1230]],[[690,855],[960,1230]],[[690,855],[960,1230]],[[690,855],[960,1230]],[[690,1230]],[[690,1230]]]"
"山上走走 日式無菜單燒肉專門店","新竹市","24.805752","120.970356","{""日式料理"",""燒烤""}","$$$","4.7","新竹市高評價日式料理、燒烤，Google評分4.7分、累積14253則評論。","{""日式料理"",""高評價"",""人氣""}","03-610-9639","lot","付費","{""https://lh3.googleusercontent.com/place-photos/AG9NLjDLFDf1Zh4hqvNRDtGsTfDoBq0kuhySP4ATjI6RDhEFdaVSwVxvUOEkChtZR1CeJTamwvwwNBGHLtDqdVOtR6orldTYsvZGHUxd3DoabsAsiHSu79mg81upBV5m7AT-hmpIehI_T7k6ITUqjw=s4800-w800-h800"",""https://lh3.googleusercontent.com/place-photos/AG9NLjAx0l__5-kuLHtt1x8aEtRJu7s9JKZGxQQkmNosqs-1mPX1Fbh8Nd7i3XFvk8JZoi2lpwCtLwTFx7Ez6-wACoh2MBZZ6DR4MrUf0_36tA9qDWyi71LoU0e18ZFuyJ5S7yWG_VBgoqXRdf7M=s4800-w800-h800"",""https://lh3.googleusercontent.com/place-photos/AG9NLjDARnzxlZzv32Y9R5rqrVsnWPafvlL0KdIzxbbOa6QefFwqsg2Ia_2iGs4MwIpO16oVbrk77Xp9QPkBFu1h_NDl1l-1kiFxu8QMl43MU9IDpQf7rRaCjSadhTKiMefx3W1rLqqLUEGpaZK3Btl3rCXvMg=s4800-w800-h800""}","https://maps.google.com/?cid=3173724927692202575&g_mp=Cidnb29nbGUubWFwcy5wbGFjZXMudjEuUGxhY2VzLlNlYXJjaFRleHQQAhgEIAA","[[[690,930],[1050,1290]],[[690,930],[1050,1290]],[[690,930],[1050,1290]],[[690,930],[1050,1290]],[[690,930],[1050,1290]],[[690,930],[1050,1290]],[[690,930],[1050,1290]]]"
"八二親食 三民店","新竹市","24.808815","120.975561","{""日式料理"",""素食/蔬食""}","$$","4.7","新竹市高評價日式料理、素食/蔬食，Google評分4.7分、累積4264則評論。","{""日式料理"",""高評價"",""人氣""}","03-532-2880","street","付費","{""https://lh3.googleusercontent.com/place-photos/AG9NLjDhA8deTO-sd4r1hIa_2OwrhuQHzhSHWNpZJ4ijIAIexqdBMW7oLDcr2-yMh0-cxFaI6_KeOMdnYE3DgTgTvs1jemuQdM7mOlN7VO5AF_el5nmBmBdsM1ZiaTgQ29i85MRYIgsL-Fwvcp8O-2t0huhD=s4800-w800-h800"",""https://lh3.googleusercontent.com/place-photos/AG9NLjD7ZAasU5g3HWUthIXGVh7pKCGR5uhja2E_eboJEOhUJxCc9yuapXMv_72Sx1aanitF75GYj11l1D-CCoPGgaBr1g-hSgrAva_HPvKNjY5gr0PmhaeVqbSL6qSgXi_33o4FO3xsuKeOiCmr=s4800-w800-h800"",""https://lh3.googleusercontent.com/place-photos/AG9NLjA45RmWzCrp_bHO6b3f5Ut_gVQmc-bqCCkVv8TSi4_eEy1gcesygHNVq3Q46VsGs3c3uSae_YnYg9oBZdFibgaLqKOkJcW54g7jVhUFCgzj56xzKZnsLB_JdacnRS-RQo6XfvY6KLBcAyoufBtU6R-3fQ=s4800-w800-h800""}","https://maps.google.com/?cid=8053947178983628070&g_mp=Cidnb29nbGUubWFwcy5wbGFjZXMudjEuUGxhY2VzLlNlYXJjaFRleHQQAhgEIAA","[[[660,870],[1020,1260]],[],[[660,870],[1020,1260]],[[660,870],[1020,1260]],[[660,870],[1020,1260]],[[660,870],[1020,1260]],[[660,870],[1020,1260]]]"
"天吉屋 竹北遠百店","竹北","24.822712","121.023344","{""日式料理"",""泰式料理"",""港式料理"",""室內商場美食""}","$$","4.8","竹北高評價日式料理、泰式料理、港式料理，Google評分4.8分、累積2681則評論。","{""日式料理"",""高評價"",""人氣""}","03-550-6499","lot","付費","{""https://lh3.googleusercontent.com/grass-cs/ACvplmMBr_35Z5SjiOo5PM3hA-dl4SppoDMIrMOrMmLfaguhLTO4bzWHVIJrGVWP-PuBSZNFiveueCu1PStmQLgIe7O1XhbD_U1QkAeqGPlJwdAooQt4zJ0OXy_p5O5-YX8heCUoaNlTtr2BSloU=s4800-w800-h800"",""https://lh3.googleusercontent.com/grass-cs/ACvplmNp9VEy8nt-5v0Y_LojzNS2mLnf7lLCIYIY4TpocjK_RPcecestmurI6QBFuDuyHGn7jx5a_anK9L9koffRTk84b8WvlDQYQTMfhMLeEbnUwh9OtNUPzlL_XHAJKghLLWSZH4EjXjukIPs=s4800-w800-h800"",""https://lh3.googleusercontent.com/grass-cs/ACvplmORm26NAXHwVZTGYVmTYh0_btcTf9sETnFI7sffdKQHXtCXp_3vmtZ7UGI4s4YH8NkOBMkWuYGdfiY4NDnxfL6YRMIkRENScNjy86LZdnSZDxBBay0mwa26MvANz5e0x3mgCiJboQLCz5g=s4800-w800-h800""}","https://maps.google.com/?cid=18291820200906167063&g_mp=Cidnb29nbGUubWFwcy5wbGFjZXMudjEuUGxhY2VzLlNlYXJjaFRleHQQAhgEIAA","[[[660,1290]],[[660,1290]],[[660,1290]],[[660,1290]],[[660,1320]],[[660,1320]],[[660,1290]]]"
"今日魚市 竹北光明店","竹北","24.830346","121.014848","{""日式料理""}","$$","4.8","竹北高評價日式料理，Google評分4.8分、累積2588則評論。","{""日式料理"",""高評價"",""人氣""}","03-657-0608","lot","付費","{""https://lh3.googleusercontent.com/place-photos/AG9NLjCuz5TOdE6r1DdjsXHv3Wvd72pZmtpLdF3-tY9-CkL7_7eE-9PaU1B0P0AOIwaS0DCkY7o0FdT6rTp-ALzdc0vpAVxu2PL0BpAiZH7C8GxdilZP3l0Ory-atyy9Z51oP-8M9Fd6JD5twHjyZEy0kM5ZwA=s4800-w800-h800"",""https://lh3.googleusercontent.com/place-photos/AG9NLjAE9iJlR6vX66bHw7-c7o3FA1oxvCdI2YZqNollf2MIoZKzlCSRkUPgEr4co_SDXkeMvHdERQ---0TNgw3UITkXGWJ20JK2XjQAfuyx-3VgEYTrayJEO7CZoC0zVGv2i1orWO2zzStMrDPH9uEX9hkR1Q=s4800-w800-h800"",""https://lh3.googleusercontent.com/place-photos/AG9NLjAN-j_08TiM2SGksKi9oL1iuqllvCQx_SjL3Jb0nRL2pfBNr8ErhcnIhAMv87fUUBqUBOQyI9uZCyDqvGsXOAoweqVfo2dB_hPaCWC-l5C2-1C0hvsx516QUozVLS314mpyQqWvw3RIL2Sn7-QUbgDm=s4800-w800-h800""}","https://maps.google.com/?cid=8709414760056289519&g_mp=Cidnb29nbGUubWFwcy5wbGFjZXMudjEuUGxhY2VzLlNlYXJjaFRleHQQAhgEIAA","[[[690,870],[1050,1290]],[[690,870],[1050,1290]],[[690,870],[1050,1290]],[[690,870],[1050,1290]],[[690,870],[1050,1290]],[[690,870],[1050,1290]],[[690,870],[1050,1290]]]"
"東街日本料理-民生店","新竹市","24.813152","120.974873","{""日式料理""}","$$","4.6","新竹市高評價日式料理，Google評分4.6分、累積3641則評論。","{""日式料理"",""高評價"",""人氣""}","03-532-8381","lot","付費","{""https://lh3.googleusercontent.com/place-photos/AG9NLjDMkp0OE7gP5_2lFN5f7IthiaAMvK7maQTPoPYMxfaohgcWIOF_0kPKpjFhjWJxE4lZhkR48yQBQQucR2F8etwXLRf8B6P5y8W8r0PFyHuxjOo8CoS7zvHZckks5tb96l8yQCFueZg8VtAITA=s4800-w800-h800"",""https://lh3.googleusercontent.com/place-photos/AG9NLjDuRTz3OMAGrZAy-gD5m8Fe1FTPTqkPj1Pj0ei13ZmjILu8NbFLfNdE-UP-kcRThCmGk_R_M1mpUivnYQpf0F7dbcWdO6zET8W0thNemCtQsY3COXXTpTvoHwE-FgBEwvWrc9WAM7jP_V30enatdlBX=s4800-w800-h800"",""https://lh3.googleusercontent.com/place-photos/AG9NLjCK-f49w_KDuiteX1TFG9pr_e5kjfX-k388gbbZpM0b1GRg4ZKIfRp4h47XiQ-jl6jqUMFzREP-cDvcVtmtkD2pA5pkaQU6qgxJtEii767PSfsSBpM6MdKe9KnYyCw2hT3rveaOdqUy--XeMU6B4C9JnQ=s4800-w800-h800""}","https://maps.google.com/?cid=14894076981194046663&g_mp=Cidnb29nbGUubWFwcy5wbGFjZXMudjEuUGxhY2VzLlNlYXJjaFRleHQQAhgEIAA","[[[660,840],[1020,1260]],[[660,840],[1020,1260]],[[660,840],[1020,1260]],[[660,840],[1020,1260]],[[660,840],[1020,1260]],[[660,840],[1020,1260]],[[660,840],[1020,1260]]]"
"馬的深夜食堂","新竹市","24.812502","120.975016","{""日式料理""}","$$","4.7","新竹市高評價日式料理，Google評分4.7分、累積3043則評論。","{""日式料理"",""高評價"",""人氣""}","0933-320-596","lot","免費","{""https://lh3.googleusercontent.com/grass-cs/ACvplmN_JkFQO6FGEtV3D7HJqfyrI9kSl7fgkrSD_P3ze61ku_gJjcUpkn9VGzPMwwjNaBlrtTY29PZWvY_qiULmTLHq_-aAC2Dfo2kWpMBgmnvD9IOY9SZ3_aSbJuvrek7omsfmP1I91Q=s4800-w800-h800"",""https://lh3.googleusercontent.com/grass-cs/ACvplmO7R0LuzlksjAhmrR4LQKo4g_GJXaCF18Fg6-Ym75oJIokRoJcYElXruK5zbXygnl7aIQ6LAmupYXckhT006mbOYbn-UnXHfh5DwT1fL-i3PA3wlr3eZCoPukUSgJkNObzojgjm=s4800-w800-h800"",""https://lh3.googleusercontent.com/grass-cs/ACvplmMP_7Z2wVHANbqmw2jaSiCAYXUWgY-DXocoYcEt1pi4GB1sHpB0pyKzovhSvR-ZWRRjr7YdA6tyKsz7m1B3SRmPBauBW3dWrJOGFkAq20LiHAXHF01jyHQQeSKeBpvfy_0cU6gu059dHRL_=s4800-w800-h800""}","https://maps.google.com/?cid=8460939779053281772&g_mp=Cidnb29nbGUubWFwcy5wbGFjZXMudjEuUGxhY2VzLlNlYXJjaFRleHQQAhgEIAA","[[[1080,1530]],[[1080,1530]],[[1080,1530]],[[1080,1530]],[[1080,1530]],[[1080,1530]],[[1080,1530]]]"
"ABV Bar & Kitchen 日式居酒館 新竹關新店","新竹市","24.787233","121.01934","{""日式料理"",""熱炒/居酒屋""}","$$","4.8","新竹市高評價日式料理、熱炒/居酒屋，Google評分4.8分、累積2415則評論。","{""日式料理"",""高評價"",""人氣""}","03-579-7760","lot","付費","{""https://lh3.googleusercontent.com/grass-cs/ACvplmM_yfJ2dVHHJRluwBbsZFND8BhE0Vkk1cD0xsnILyoZQVms2A_6MUeDs0fyduV8LaZhYj5xWdulHFKvCJ-iOj_6nesBV3I1CESFPcpt3vzCSFkOHpjk8DZvKsjuF047gFYMVlybKL4XTbiB=s4800-w800-h800"",""https://lh3.googleusercontent.com/grass-cs/ACvplmOoee0mcvy8XQGgYXCMC6bwYAPB3leYfXQPLTgW7Mz3tiUAKcZs93es6XeeqKmyG65iUTQed01xAr1R86jtks-tiE1H_3CI15kMSV4NKdQXRhx0IrXHpdXfv5WHtWGcauUBEPKmzA=s4800-w800-h683"",""https://lh3.googleusercontent.com/grass-cs/ACvplmNJikrLu1FQccRqqNsNTMlpM9kf8oJC8A8vnVhNIrJU5cDAxEWp798s2-oymUFHSLRk7_vu6kYEIeNFA4RfagGmz_ltR2yr-g2btzQGbHEhQJLlaeEWzA8HU4VuLa3QRlWBnqfrduL6pdfF=s4800-w800-h800""}","https://maps.google.com/?cid=8003449436618994509&g_mp=Cidnb29nbGUubWFwcy5wbGFjZXMudjEuUGxhY2VzLlNlYXJjaFRleHQQAhgEIAA","[[[960,1560]],[[960,1560]],[[960,1560]],[[960,1560]],[[960,1560]],[[960,1560]],[[960,1560]]]"
"名古屋料亭日本料理中正店","新竹市","24.805494","120.969869","{""日式料理""}","$$","4.4","新竹市高評價日式料理，Google評分4.4分、累積4639則評論。","{""日式料理"",""高評價"",""人氣""}","03-527-7155","lot","付費","{""https://lh3.googleusercontent.com/grass-cs/ACvplmM7QW2JLHcq1wQteF-pCF6QyNFBlnSTQvoz424PgQCavvVWwqmXcGvvt43Bhug05pE9VIvRT2AasNtk6Mmio-GvGYBnwHLpjVPpC9i842RkSxpzG1884bG-B-EWcIWC4PuhV25oUQ=s4800-w780-h520"",""https://lh3.googleusercontent.com/grass-cs/ACvplmNq5SAHrd4nb4NmZqTQmJ2YfiLLVMlz3KhpKhh9TifZy2v0pwPgoDstgakglghP8wt7vThPoVTMbSDTchoxv-GZ6JYT1QQIBSmNzsB-VMC4na9sFtHVajRCe7ST-soqqeesErMD=s4800-w800-h608"",""https://lh3.googleusercontent.com/grass-cs/ACvplmPzzGRxY58AW_KsN28GZw4DaTnf3SsJi5FSYT39iwjEyUNIfkq4aoewt82gF0EvQQI6cyB2x5GVeV1pAPet82g4e-RrWcFf9xva1uVUO1n2q7QmSjSxQFelzzEOeH17Yx5K1Y82xFcYNyUh=s4800-w800-h800""}","https://maps.google.com/?cid=9435622941001563304&g_mp=Cidnb29nbGUubWFwcy5wbGFjZXMudjEuUGxhY2VzLlNlYXJjaFRleHQQAhgEIAA","[[[1050,1560]],[[1050,1560]],[[1050,1560]],[[1050,1560]],[[1050,1560]],[[660,840],[1050,1560]],[[660,840],[1050,1560]]]"
"鵝子","竹北","24.817462","121.018567","{""日式料理""}","$$","4.8","竹北高評價日式料理，Google評分4.8分、累積2281則評論。","{""日式料理"",""高評價"",""人氣""}","03-657-1178","lot","付費","{""https://lh3.googleusercontent.com/place-photos/AG9NLjDblV6syqdtNB7Va7Z_H2cWNdvr951oURV8k7ONjVPe_045GBXbmerafFsll_lTvaRTLSrWF4DoQwwX9i9oRvasbSplO7wBuWOitPqU6B5KdkWchmFpCSwi8Ayuy_v3KLjJUglpWUdoLAjigg=s4800-w800-h800"",""https://lh3.googleusercontent.com/place-photos/AG9NLjCZetmGXGC7ylLxYEcJJqbv5NgkYtwrLNMOSsluoM34JsRjCnlmZ7DuwJDVhhUS9nwygqe-9O79KWXgysJKEMCOzJoTBzMc6k72OJVENTlGbIESQOdtTFZlSilN-t-i6K1V6Xm0vIz9RcDjxrZ4s4A5jQ=s4800-w800-h800"",""https://lh3.googleusercontent.com/place-photos/AG9NLjBXN6LakZh6PqUlo6vPIO6qWZq3YOZPnDttQjOA_js-8Oi8xykzoeAzK2Ai7CrNUIqiHdb8h17RHp6tS5-uNVyf31f674birbQH8EH33G_xuGRqclhdBNuapbVGY5nzZL2iW-xXlm2e-U9PPA=s4800-w800-h800""}","https://maps.google.com/?cid=12295135475525952325&g_mp=Cidnb29nbGUubWFwcy5wbGFjZXMudjEuUGxhY2VzLlNlYXJjaFRleHQQAhgEIAA","[[],[[690,855],[1035,1245]],[[690,855],[1035,1245]],[[690,855],[1035,1245]],[[690,855],[1035,1245]],[[690,855],[1035,1245]],[[690,855],[1035,1245]]]"
"阿本家 竹北文和店","竹北","24.829969","121.014533","{""台式/客家合菜"",""熱炒/居酒屋"",""韓式料理""}","$$","4.8","竹北高評價台式/客家合菜、熱炒/居酒屋、韓式料理，Google評分4.8分、累積6733則評論。","{""台式/客家合菜"",""高評價"",""人氣""}","03-558-7557","lot","付費","{""https://lh3.googleusercontent.com/grass-cs/ACvplmMCTGjNL4EstNtFn2XTDkqumka0SKl1Sp6iIN8Gj56MCFo_wkIjq9tPRdLgkw_fMYKlhJOfUz-d_IRkU6DKFHx9GNaNAIktHf3W--6oB_TaqfYZrlVUXI7HJ6Yte4CSw3EDEOE=s4800-w800-h800"",""https://lh3.googleusercontent.com/grass-cs/ACvplmOVoMQANDa0R6aQHpx-DrABoGNDaVo-9V1VMtXKg4agHBOp_bufHU3DWVYzlZEfAWuCwPmfWCyDt0CZjPy-LMi2jB7mJzo6bSRReXZ_lN_RHeZ5YXvor4b6i-s7mxaIc8LehSBgiA=s4800-w800-h683"",""https://lh3.googleusercontent.com/grass-cs/ACvplmMv7_W2U4mJGRFJRrdeMd9y3tMYdTzFv84jm_UguTjp_OhnQ4ICjgs3NwdVGFJZWX5xiP_f7kyniNMTyTxfh89oXZQEr7b61IbwhtJUnHSjTrpZtD30ZRE8YxerLqvfmB__IWMrHMtNsP2D=s4800-w800-h800""}","https://maps.google.com/?cid=16440746369176436359&g_mp=Cidnb29nbGUubWFwcy5wbGFjZXMudjEuUGxhY2VzLlNlYXJjaFRleHQQAhgEIAA","[[[690,900],[1050,1290]],[[690,900],[1050,1290]],[[690,900],[1050,1290]],[[690,900],[1050,1290]],[[690,900],[1050,1320]],[[690,900],[1050,1320]],[[690,900],[1050,1260]]]"
"真珠-台灣佳味 竹北店","竹北","24.818937","121.026873","{""台式/客家合菜"",""泰式料理""}","$$","4.8","竹北高評價台式/客家合菜、泰式料理，Google評分4.8分、累積2071則評論。","{""台式/客家合菜"",""高評價"",""人氣""}","03-622-3077","lot","付費","{""https://lh3.googleusercontent.com/place-photos/AG9NLjDh-FNZvqjUjCM-KJ_IkjOT9G1yW70npcv3E6hMAjiNbvCOyiAIHNb3wnZriW82tRknsjNNVlXcrvd_fLCiXljtaDPZQCkpQeia_Nye1QlPMfTZXGzLXZHvspDiII4VVNBla1E9KYkEPCjf7g=s4800-w800-h800"",""https://lh3.googleusercontent.com/place-photos/AG9NLjBjutpNA6NXjnJ4vFhbdkyAQP1ZViGjSraOqS4-hLsWkuX_bGun1FCq7Cfk_SaNYiLvJjX9cnXi2ftbkz1lBujNIB7frrNM3QTIZquyjqQH8XeOkTcNLE9er1p8_Z20sb_J9-C1M3_kLMuQYRnX6L2h=s4800-w800-h800"",""https://lh3.googleusercontent.com/place-photos/AG9NLjAnGW4eXHcsYUSb-cWreQAyD3cS7YHLwKR_HL_3aiPUWqPRIFbNf9r_hY_-oGFk1qaB-YqGCRpiGHpn45M1EoaekPYMoRvO_VegUJzSNmAmDXCbrKN2iVH1wjOqh3Z98NWzDDOyqUc15z25gtPilvXB=s4800-w800-h800""}","https://maps.google.com/?cid=9604877795694650747&g_mp=Cidnb29nbGUubWFwcy5wbGFjZXMudjEuUGxhY2VzLlNlYXJjaFRleHQQAhgEIAA","[[[690,900],[1050,1290]],[[690,900],[1050,1290]],[[690,900],[1050,1290]],[[690,900],[1050,1290]],[[690,900],[1050,1290]],[[660,960],[1020,1290]],[[660,960],[1020,1290]]]"
"呷奔來坐 懷舊食客","竹北","24.809582","121.02548","{""台式/客家合菜"",""熱炒/居酒屋""}","$$","4.9","竹北高評價台式/客家合菜、熱炒/居酒屋，Google評分4.9分、累積1745則評論。","{""台式/客家合菜"",""高評價"",""人氣""}","0911-892-512","lot","付費","{""https://lh3.googleusercontent.com/grass-cs/ACvplmPQkvj9W1-OZZZwFDUA_A4MwhM-pEpUemksmdk-u9YEsXIB7jJd5RPc-2RF6CWCvGzZ6zogMkJUYSrWNebxiWue3Ku0RWPUj0pOOAsb3LzEmQJM4GKd4Br9NO2quQaIt1dpmSCEwQ=s4800-w800-h800"",""https://lh3.googleusercontent.com/grass-cs/ACvplmM-JXPFdGLR3XO1h3txPQmVbpWEmZhTAZZr3T5hBHWDW58GYYPL5p_7P7HChnyfT7L9Xo8AYbTZO_yv5LPaobKeTvMVwpmEf-URNh1AXZP1ZT622W9OesMOodZnyreKUK0_srhsBg=s4800-w800-h800"",""https://lh3.googleusercontent.com/grass-cs/ACvplmM7iyTAboCn-SMLBlPEvJ0hDSrIgm3AWBpR2pL5JkQX5C4qy6nBC3ooofj3eZIvydovyaQhZArkbSHwcIXI7O_Wn8slGSuY1p7w07TYnJwydiQkyzFXRXe_LA6FBTfavd3Xlvsi=s4800-w800-h800""}","https://maps.google.com/?cid=9290283519961092933&g_mp=Cidnb29nbGUubWFwcy5wbGFjZXMudjEuUGxhY2VzLlNlYXJjaFRleHQQAhgEIAA","[[],[],[[690,810],[1020,1260]],[[690,810],[1020,1260]],[[690,810],[1020,1260]],[[660,840],[1020,1260]],[[660,840],[1020,1260]]]"
"海海客家菜-柚子花花","竹北","24.819084","121.026917","{""台式/客家合菜""}","$$","4.7","竹北高評價台式/客家合菜，Google評分4.7分、累積1707則評論。","{""台式/客家合菜"",""高評價"",""人氣""}","03-668-5591","lot","付費","{""https://lh3.googleusercontent.com/place-photos/AG9NLjARYrZn0t4nVNpoXBWGzhFhvGn8ah9mAPf1UvkdAw_8UowLN3jUuwt0W247rVZnIPD4cTTz59zJec06Z8OjXg38ERAoqeGnCeR_oCMdb6fz-EOJyLL-ra1IsvHAPOGcSPHTgQXAF81UTQxy-A=s4800-w800-h800"",""https://lh3.googleusercontent.com/place-photos/AG9NLjDGCdeJ-ZcyTIxZpx1S3xPAzclXgGmvhDN-pW2PQupIko6GbA9lnwBf9dS727I1IaNr9lIOBemGGDTZMCNnZ6xHzKJFHdyEkK62N6Ti_5ti2AdXVDuRvNMWBM_nt11NcqH3Yi758jNw9eDCzSyTWL3y4w=s4800-w800-h800"",""https://lh3.googleusercontent.com/place-photos/AG9NLjC7uYtLxcY_lnn7M53CWY6R0z_nr0wNJMB8S3cBFOUjQikp5vMvt80Lswlbi9pKC2ZP3qMxFRuyxzElaiy6BX3mmP-sp_doq3lAEwDlvFokJYogFR_obYmsnvBl1ZTJAeHD1x6zAiuAviODIe6YYWCZQA=s4800-w800-h800""}","https://maps.google.com/?cid=6210220500874293764&g_mp=Cidnb29nbGUubWFwcy5wbGFjZXMudjEuUGxhY2VzLlNlYXJjaFRleHQQAhgEIAA","[[[660,870],[1020,1260]],[[660,870],[1020,1260]],[[660,870],[1020,1260]],[[660,870],[1020,1260]],[[660,870],[1020,1260]],[[660,870],[1020,1260]],[[660,870],[1020,1260]]]"
"全家福客家菜館","竹北","24.828153","121.008103","{""台式/客家合菜""}","$$","4.4","竹北高評價台式/客家合菜，Google評分4.4分、累積2409則評論。","{""台式/客家合菜"",""高評價"",""人氣""}","03-656-2619","lot","免費","{""https://lh3.googleusercontent.com/place-photos/AG9NLjBuuM__bfyiPA0xjOCD0JorzgxwRnPy5c3uO7EwnkTlvtYJ_Mz7FMEaENqOHtqDwQX_o6H_SD61XW0Nxncc_BseNPe5oSuarSWe-VUq50xuz2L0VVRVfoeFw56blTPpV4yjPwJn8ajzwTI4xU90BIMQLA=s4800-w800-h800"",""https://lh3.googleusercontent.com/place-photos/AG9NLjDgZxn8m632eyPa7rMwj13XyxcUR3MMm8Gn4H2A4-bLmrE_f5KdjMgdpPk0F-bn29DBM9SvDy3eWCEcH7k97upce5nDCop99iacW1v6V0s85Mc-sgTXzvgPgrsLC5mcfT8KxYzoLedJlzfUH1rUKDjy_A=s4800-w800-h800"",""https://lh3.googleusercontent.com/place-photos/AG9NLjAlrFTxt3gux-4RPVfjjadld1g7KWpUQn61PxVkjQzR1iHnBkeATxJvYdgnHdATZTjTd42kwuCTkm67q6Yn8a8tENM5IAoZUd9m0ZBPRe8q7G6n63sV0LVH9ejfTScnRxcNqmGtKgF9GlAVPms=s4800-w800-h800""}","https://maps.google.com/?cid=14993692886463860008&g_mp=Cidnb29nbGUubWFwcy5wbGFjZXMudjEuUGxhY2VzLlNlYXJjaFRleHQQAhgEIAA","[[[690,840],[1020,1260]],[[690,840],[1020,1260]],[[690,840],[1020,1260]],[[690,840],[1020,1260]],[[690,840],[1020,1260]],[[690,840],[1020,1260]],[[690,840],[1020,1260]]]"
"風城之月懷舊餐廳","竹北","24.818444","121.02241","{""台式/客家合菜""}","$$","4.1","竹北高評價台式/客家合菜，Google評分4.1分、累積3054則評論。","{""台式/客家合菜"",""高評價"",""人氣""}","03-550-0011","lot","免費","{""https://lh3.googleusercontent.com/place-photos/AG9NLjDGMPm-xWHKfQ5SgMVjBoari7VUjdI3C0_VkJICSoZ1yL1GHc-D4kqym7C3bsrgtI9nl-CMOztlWNr-0TEKWYJ6ymytJ4pp75Imt7EZrwmyuKzWoCdmWOf37BgDkGeuQdmUm-dM9n4V9KuOVm4Blndy=s4800-w800-h800"",""https://lh3.googleusercontent.com/place-photos/AG9NLjAdZmsyZHllGrWoYpAvio8Apz4KRi-1h9thrbWzs49R6HyDUfkDdT_O3q0Puu4L9UnIYTf5ec2OFnT0JHXfzbTII4YOCpdRNJPR90D5VehY35-oo8kURFPMIZZbfGXUT29DD1QYSsQOoY_-0p1gqgDgWw=s4800-w800-h800"",""https://lh3.googleusercontent.com/place-photos/AG9NLjB--XxkQExFKw_TLFFaPknZEH4YK2f2Ha0D423smKDe3-a-QreaBmlkUsGUMTWLOyKTajTQ1gsyj5LMQNDOwxZphS-ahwe8CPpeEZA_N4DGU2Zuii1H00hAHfpfHwLbWeS5Gig5KY1j39zAFed7yPyUOw=s4800-w800-h800""}","https://maps.google.com/?cid=10398761343702061490&g_mp=Cidnb29nbGUubWFwcy5wbGFjZXMudjEuUGxhY2VzLlNlYXJjaFRleHQQAhgEIAA","[[[660,810],[1020,1230]],[[660,810],[1020,1230]],[[660,810],[1020,1230]],[[660,810],[1020,1230]],[[660,810],[1020,1230]],[[660,810],[1020,1230]],[[660,810],[1020,1230]]]"
"傳家生活小館","新竹市","24.782858","121.019111","{""台式/客家合菜""}","$$","4.3","新竹市高評價台式/客家合菜，Google評分4.3分、累積1619則評論。","{""台式/客家合菜"",""高評價"",""人氣""}","03-579-5987","none","","{""https://lh3.googleusercontent.com/grass-cs/ACvplmPy2T68D3YZ5zEgbF6vD4CJS1408DHqvAtCKiOq3aC-7f8SBQo6MQ0SpPTukP7jz1EsYBQrTerBikgWiOU5SrTwHYBHfApI9KUJJiehLHkQ8bwbMtLRiqmD1FYrZRALlGWCSOc=s4800-w800-h800"",""https://lh3.googleusercontent.com/grass-cs/ACvplmMoK3yh7v9zZ0s_sORGAOF2EPfZSOd350Yy9Ty_V-_4muUYPqEM0AAsGmnWY83qSwgRFrqp9zdFldzgKbdKLYaRh0GizTZjvq1ZwVTXV06OapDYT2j-qWE3SMHNfndBdXG6_jgYOKeDdvY5=s4800-w800-h800"",""https://lh3.googleusercontent.com/grass-cs/ACvplmNttPSO939_WD2ViYjpQLVW7XDGR_0KlE5SPeZDBtBC8MWsXN1UMTmGTACzoxSll4u-kDeXYBBfU_lM-SUFsJIwKunS_yvvPewvxhYmTdzDVd8BHqvTXwdeOox4_4ruehApUZYlw66AXjRg=s4800-w800-h800""}","https://maps.google.com/?cid=6353367479038012702&g_mp=Cidnb29nbGUubWFwcy5wbGFjZXMudjEuUGxhY2VzLlNlYXJjaFRleHQQAhgEIAA","[[],[[660,840],[1020,1260]],[[660,840],[1020,1260]],[[660,840],[1020,1260]],[[660,840],[1020,1260]],[[660,840],[1020,1260]],[[660,840],[1020,1260]]]"
"jam kitchen 新竹北大站","新竹市","24.808623","120.966413","{""早午餐""}","$","4.8","新竹市高評價早午餐，Google評分4.8分、累積6455則評論。","{""早午餐"",""高評價"",""人氣""}","0916-836-183","lot","付費","{""https://lh3.googleusercontent.com/place-photos/AG9NLjCDLyzJkqtHjYLU1X8_psG1B3wj2PUiflZA9YZ-dFmvM1EzSzzh1FpFm-Hq6RHt1eXE6JFAkQqTNG5CxvLBmAwJxTrvsD4SYnkLRQDr0LYtZffxlDoLiS72G-5W-Md4i1focL2ELXVGGInGMM4=s4800-w800-h800"",""https://lh3.googleusercontent.com/place-photos/AG9NLjCdf59MgZ2ys2XNxQEx-NeMKjLiERlale6eugE3z8Uva0s2HrcjXXYowvNJCri96_ZEnONsCURUyK_drW7S3NZ6j-WtNlyl4KHtfJlct61Jm2MKrl7BU4rCWmkrS1nKluLa-coGPcY9SAeEKbdo-r09sw=s4800-w800-h800"",""https://lh3.googleusercontent.com/place-photos/AG9NLjCZsEmlnB_NIoxR6ox5KQrxKEL7tzPneYXjx-t0hTUJ7F6-8JiTGWeAxItOVlnyNrDkZgy5Svnlg6PeArzAaLRMuQyM_4k2brV1OWYRsv7yCIJgWF2a58kHhuWKRaFYyLG1c4QjG7rQ7fZF=s4800-w800-h800""}","https://maps.google.com/?cid=193529546456767166&g_mp=Cidnb29nbGUubWFwcy5wbGFjZXMudjEuUGxhY2VzLlNlYXJjaFRleHQQAhgEIAA","[[[630,1200]],[[630,1200]],[[630,1200]],[[630,1200]],[[630,1200]],[[630,1200]],[[630,1200]]]"
"ABV加勒比海餐酒館 竹北旗艦店","竹北","24.820705","121.026713","{""早午餐"",""港式料理"",""熱炒/居酒屋""}","$$","4.8","竹北高評價早午餐、港式料理、熱炒/居酒屋，Google評分4.8分、累積3630則評論。","{""早午餐"",""高評價"",""人氣""}","03-667-5770","lot","付費","{""https://lh3.googleusercontent.com/grass-cs/ACvplmNPWoYSJA7nviJmRSk6scxrvxPi0OHUC2Unu2V1GlZJX5Ot5Hh5Tda5vyblg5L9fSnfkZn5IvRISCjZ0Z1wLAnXqwG1QlFQBcpHorZMThJZqN0zypD53ziKZNC6wIgKEHYCoBo3=s4800-w800-h800"",""https://lh3.googleusercontent.com/grass-cs/ACvplmMsz8q6tho0NSJn21xZYA0pMxkXquKMhFMbiqTu47GtmcLa7zCoHl2IYw6l6PXk-0OHQ3sqRHHK48rp-h8HLbk_AWdRB5KOCEfZm2UOUt8JZBpEqMirpDC3jAAYGg9viiRIkl4OVmSpPHEt=s4800-w800-h800"",""https://lh3.googleusercontent.com/grass-cs/ACvplmNQEnZz2UhOCwWyvi7bY0Wus0cLdMGbL9kobNRUjuPGRiDfg9-qkygSSyfnnNm3tUDhEkzeSTrvXOeBe7oOkp97ihh0BnSjeIoILHTlpC1Yqh7wLcDM6GUdQIeviCsMkU0_FDCxqJ-JE7u6=s4800-w800-h800""}","https://maps.google.com/?cid=7712888559868693001&g_mp=Cidnb29nbGUubWFwcy5wbGFjZXMudjEuUGxhY2VzLlNlYXJjaFRleHQQAhgEIAA","[[[720,1530]],[[720,1530]],[[720,1530]],[[720,1530]],[[720,1530]],[[720,1530]],[[720,1530]]]"
"歐浮找餐-新竹振興路總店","新竹市","24.794877","120.961308","{""早午餐"",""早餐店""}","$","4.6","新竹市高評價早午餐、早餐店，Google評分4.6分、累積3177則評論。","{""早午餐"",""高評價"",""人氣""}","03-561-7373","lot","付費","{""https://lh3.googleusercontent.com/place-photos/AG9NLjDwFOIJH1VFZstfyQiaL57-egBuaJDY7aJoZKqEOBzkJTWBH0qUTBxpSVoKI_FqtNK3X2bHwCTk7-7kjDGjRua6zrv_DR0eivOD7AP_BDZcj6po1TgbtkEIKq4BQAjUP2nkZzlEu87EzMEM2JQ=s4800-w800-h800"",""https://lh3.googleusercontent.com/place-photos/AG9NLjC7mFDwrQEScZdvzpLCdXl9iCm-X3yJrqmCWXB32aPFb6-L3zo_YQrb1oaNMlv_06X44xeoHZDsw3-R1tk6v3ekvOlQkDBYiCQDTop-wlX1nV3FUI5hGkGkXF6rWUJogxphRCXTVdrbrv0DDw=s4800-w800-h800"",""https://lh3.googleusercontent.com/place-photos/AG9NLjC6bgaRCtVRhHiIAGr0RcyC3PAJnZbw_FuNRz92u26TwLQaWxS1Gr43boiJXIjG25PGTDE_CSnddip7Fc58Tl4QuJ5VDezBodAMBu0vZUEz1cxU8KzabeoTB_2XFiAL6aMjeEbfEeQbrQvZFS9QWPQM9g=s4800-w800-h800""}","https://maps.google.com/?cid=6432969431364547494&g_mp=Cidnb29nbGUubWFwcy5wbGFjZXMudjEuUGxhY2VzLlNlYXJjaFRleHQQAhgEIAA","[[[390,900]],[[390,900]],[[390,900]],[[390,900]],[[390,900]],[[390,900]],[[390,900]]]"
"找餐店brunch-新竹店","新竹市","24.810594","120.962764","{""早午餐"",""早餐店""}","$","4.7","新竹市高評價早午餐、早餐店，Google評分4.7分、累積1736則評論。","{""早午餐"",""高評價"",""人氣""}","03-535-5002","lot","免費","{""https://lh3.googleusercontent.com/place-photos/AG9NLjCLWc-hpecm-2woV9pvtdlJYC71V3N76b7cxXSVh5h2NgzriPigMW2ErzYXNLBPYQhWxS_4NzNif8_CzeCbWj7Vb-gdx05M-QPUADlIAODA-QCb7CWz3yYh4HXhXcsXZkt4AJUyee11_QMk1nQ=s4800-w800-h800"",""https://lh3.googleusercontent.com/place-photos/AG9NLjD54-RMcAqBO--bRSs4PQCNM-ooodavNQ4y24dMhdkRClxdMBV0ImAyELUJNI_h6_zZxdT8xAyGhGWxgkxgVIwYc6mHKtH8Lo6rJ4Wt812eZENVOjsd9lT_V1FqB-O0KnNwruuUg7eMXzYbRQ=s4800-w800-h800"",""https://lh3.googleusercontent.com/place-photos/AG9NLjD51dYq0zuZME9WsAmdTt-JS_NPYvcCh2oo3B_1HrAOZIWj8CXEdJ67tmHPqv4ELFEOiqwgR8lrQLw7OqFjqIhWD_eoALDL0auSJEcOhlqdFdqquU3LkVXPzEcoF1WKYAYD45GDghqweE5C1Q=s4800-w800-h800""}","https://maps.google.com/?cid=9754017143703145658&g_mp=Cidnb29nbGUubWFwcy5wbGFjZXMudjEuUGxhY2VzLlNlYXJjaFRleHQQAhgEIAA","[[[390,810],[1110,1530]],[[390,810],[1110,1530]],[[390,810],[1110,1530]],[[390,810],[1110,1530]],[[390,810],[1110,1530]],[[420,840],[1110,1530]],[[420,840],[1110,1530]]]"
"窯屋洋煨","新竹市","24.813033","120.973885","{""早午餐""}","$$","4.9","新竹市高評價早午餐，Google評分4.9分、累積1248則評論。","{""早午餐"",""高評價"",""人氣""}","03-535-3880","lot","付費","{""https://lh3.googleusercontent.com/place-photos/AG9NLjCM7vkhWqboIK7HBN6xprOIkPZrLxDny8CD9OuYlX_BrK4HtuXj6coIQ_Z7LwC5IjLG50UGd0HaRL48dR-rRrNPHspoeSOnWab76IuEXH_jbUV1SjtCiElFbW1ISDF52QwXQKWB8Mx8pOPLMWmGUlFVLQ=s4800-w800-h800"",""https://lh3.googleusercontent.com/place-photos/AG9NLjAiQ2ZFNXkV1AfSX8_nISkx2aPoM3PjZG4L3gR82Jux44wBSnGEFfpFxWyCFU4vJk-NPx3w8lldKPw0e9pEjPIeuTDs_FjUnJbjoV9erlWX4wIvmaI5PVm1Zy_iHzOLMFoBmSm36wXOVYX9N01WVqMlHA=s4800-w800-h800"",""https://lh3.googleusercontent.com/place-photos/AG9NLjBz8a0F499RZP1bMR5CXcb0hxvjOwNBJzhi5prxZ-FiHBRfX3NSfXHJWSAWatlQkWRlskNrQZj7uCvnJUXuR4UUNkcnX34f7CsFGPcpjUSpBcF1fE5nSP1rfbkAa1l1WXL0PhuTtAtV7jNdJOSMp6uHog=s4800-w800-h800""}","https://maps.google.com/?cid=16368059568123589086&g_mp=Cidnb29nbGUubWFwcy5wbGFjZXMudjEuUGxhY2VzLlNlYXJjaFRleHQQAhgEIAA","[[[600,1200]],[],[[600,1200]],[[600,1200]],[[600,1200]],[[600,1200]],[[600,1200]]]"
"佬法室早午餐 Old Brunch新竹店","新竹市","24.784774","121.010584","{""早午餐"",""早餐店""}","$$","4.6","新竹市高評價早午餐、早餐店，Google評分4.6分、累積1584則評論。","{""早午餐"",""高評價"",""人氣""}","03-577-1363","street","免費","{""https://lh3.googleusercontent.com/grass-cs/ACvplmPODj-1-UVzJn5dQxrS5bAyAZz97VVzjrIg8d_gGEyZfPZ_FyFtnx11ZoswGQmBEUSeCv7Q0tJ1n_zff4LGnmFHWci9cpgtebGGZK-JBMQNP1SzjjheKj9s-gAIQcUBH_RlQdcnsg=s4800-w800-h800"",""https://lh3.googleusercontent.com/grass-cs/ACvplmPLUw2zaX_lxN0zCRT5ZNQnvxHQKvMDlnDE-aahKxiPTZlo5G_V2UdQqEdHdcA01Zj9-RsxpUZx7CwyL6HbBXgVkDUA6WsQ6uXk8pWpZFoIfnFFEdnhoRrU-FOKvT2dbdQM3-KVkA=s4800-w800-h800"",""https://lh3.googleusercontent.com/grass-cs/ACvplmPAwMYkejd0mt7r8VgITFvxXQLuQUMsj9ZAAN8q6IY3311CNO3uGxY0tc94zgStUkZvIqP-UpRsa9fJQz4nssCVcOUsLTHTy4ts5wtt6Vf4ao7Avbo8zj_F2aLyNBb7f_aj23b4l0b4EZs=s4800-w800-h800""}","https://maps.google.com/?cid=12876541649231249317&g_mp=Cidnb29nbGUubWFwcy5wbGFjZXMudjEuUGxhY2VzLlNlYXJjaFRleHQQAhgEIAA","[[],[],[[540,840],[1050,1260]],[[540,840],[1050,1260]],[[540,840],[1050,1260]],[[540,930]],[[540,930]]]"
"JerryBrunch & Night｜Fine Brunch 奢華早午餐","新竹市","24.81017","120.97761","{""早午餐""}","$$","4.9","新竹市高評價早午餐，Google評分4.9分、累積923則評論。","{""早午餐"",""高評價"",""人氣""}","03-535-2557","street","付費","{""https://lh3.googleusercontent.com/place-photos/AG9NLjBPnaW-d1nKQfsLXdNyLPdWRRtPfSmIO5Q4nSpKOo7q6_qlE7DWDIsyxFhR_IK2_wq47AutC1HjqE4HFtqh215MU4uuXG4xu1pTBcqXIGduos0o67S-aB4LgngnSomApwQ6F78qefM3QbMyc4_6oNMHJw=s4800-w800-h800"",""https://lh3.googleusercontent.com/place-photos/AG9NLjBsVHc5VNb4btxZuehL5sUFZfSoc02AIFFIFPQjSVlS6NnDPlyZGPZmvzm5I1uuKy28pMgzWIhpMHP5MF5nDV_x4uE65jvRTuaiygoWEGxy_APadLVICxcOHBi8VgnBHslZ5Hag0WiNsodzJTc=s4800-w800-h800"",""https://lh3.googleusercontent.com/place-photos/AG9NLjDY54XScy_EhYwNA5IWlgU6Cuns1V0AqRokjLoRqEX4ZOo5dJFQAwBt8nZ_CzQ56kdMZn96_aCh1LuGTfr1kCLUmO_XqTcKoKWLOL_mq4CSUP2FaCiF2M24aWFJKkv8-5IRhCXoHSXnBLqz22pN9Guglg=s4800-w800-h800""}","https://maps.google.com/?cid=12424124561245241489&g_mp=Cidnb29nbGUubWFwcy5wbGFjZXMudjEuUGxhY2VzLlNlYXJjaFRleHQQAhgEIAA","[[[600,1230]],[[600,1230]],[[600,1230]],[[600,1230]],[[600,1230]],[[600,1230]],[[600,1230]]]"
"二十四分之一早午餐 手作麵包","竹北","24.81753","121.015726","{""早午餐"",""早餐店""}","$$","4.3","竹北高評價早午餐、早餐店，Google評分4.3分、累積1769則評論。","{""早午餐"",""高評價"",""人氣""}","03-667-3168","street","付費","{""https://lh3.googleusercontent.com/grass-cs/ACvplmMIR8Rs0FvOxrzLcuMoXwUOltnTYEbnj49K3wjBD6v61sM06d9uAvrh7LqEDrOMujQShp9Ug3cTqTlFkehxNyw-RBxfQIyHmC4PqUpjxWT4OlaabIDIjfEuDpsWW_Rv_6yXS6FH=s4800-w800-h800"",""https://lh3.googleusercontent.com/grass-cs/ACvplmMYaHJqNFdm3kwlv8i-gJOhnkdD7vAQsb4bBDi6yUnwkOtwd9SOObfehWigGJAKLknr81t01JpwULuK11xBmC-A0YWjQXo5YP6RiKD1Ogw_TlE83kom4pxpMzXWPOYuIO7tapmd=s4800-w800-h800"",""https://lh3.googleusercontent.com/grass-cs/ACvplmOxVWzDS8q3-AHklcMQ7r_evEDyylnTvJpoI7MGa9lxJmyoGLwApRrYukYg09AcqwFiRviQ9m7dCD9OfwdL4C-P1b8y9A2UubaEo3HuxaD21SynMAGRmlJKjIXlAaIXnbyr9A7Jpp06fNU=s4800-w800-h800""}","https://maps.google.com/?cid=2916471127879884947&g_mp=Cidnb29nbGUubWFwcy5wbGFjZXMudjEuUGxhY2VzLlNlYXJjaFRleHQQAhgEIAA","[[[540,1050]],[[540,1050]],[[540,1050]],[[540,1050]],[[540,1050]],[[540,1050]],[[540,1050]]]"
"在樹上早午餐專賣店","新竹市","24.804107","120.969654","{""早午餐""}","$$","4.4","新竹市高評價早午餐，Google評分4.4分、累積1401則評論。","{""早午餐"",""高評價"",""人氣""}","03-525-8656","none","","{""https://lh3.googleusercontent.com/grass-cs/ACvplmNjPmt6VX4HRrMEq7fqo6SgSIkMYh5_rM2Ao8wdVnwAWlXh9xc_fubPq8-oYVfqyfoY3yC3kH6eN14xYTCkM6HPRJp-z1NXMkn-sn-uFXBnaQ-z-NEeCfFVvS2BcuOc5ILgvmzY=s4800-w800-h800"",""https://lh3.googleusercontent.com/grass-cs/ACvplmOdcdElfuWpXCi8JpbtW-XI70vor-aSPmD1psIAKaC2zJy2CPMaAuv13beiEhull2Bg4DvBCXPTQtpLT-sUIjnaeZ1grnusObyfzqjTUby5xbYIpnCVGbaZ7vUyOw9orAsT2XqaMNN_FJJR=s4800-w800-h800"",""https://lh3.googleusercontent.com/grass-cs/ACvplmOWGmRz7SjdYgLcMc6jbRMA2x5MkOr-GZHWPRo92pbXAvX1ao9kjJheYOvJeIf0cG4t1Mk6VYmu256Em8WuLpm1UV4MuAmF_B-tZz4kylRYuzk48MB_lRHwZOEIu_EVzjXVunnUguqu8TZL=s4800-w800-h800""}","https://maps.google.com/?cid=7422402291727548580&g_mp=Cidnb29nbGUubWFwcy5wbGFjZXMudjEuUGxhY2VzLlNlYXJjaFRleHQQAhgEIAA","[[[510,900]],[[510,900]],[],[[510,900]],[[510,900]],[[510,960]],[[510,960]]]"
"NU PASTA 竹北文信店","竹北","24.832783","121.010303","{""義式料理""}","$$","4.8","竹北高評價義式料理，Google評分4.8分、累積4869則評論。","{""義式料理"",""高評價"",""人氣""}","03-558-6215","lot","付費","{""https://lh3.googleusercontent.com/grass-cs/ACvplmP-AGwjsuSpvGO-Y5ya9VnRd41-w7TYlGuFuoSrT20tnIJqCgoHx7dEhuAFu88Ga3EXwIX0GdtYZI016zVA-9flN1NFfyeQzIkPWFjCglyLUzK78IdZHRwQ1p85aiFWmK1NV30DAg=s4800-w800-h800"",""https://lh3.googleusercontent.com/grass-cs/ACvplmMZQoWh1rip_wEnFBZc8hJ5Vy59YZ3TnWEsEIBRNhgLQsSo03-RJP-H4FYG-gprc-lYB9cqKW3jD3X2qAW-0CMpYDdB1iVsdgZgm7dHxNajZsemPEYqDXGl8BEnWRe0fmwPKYfW=s4800-w591-h333"",""https://lh3.googleusercontent.com/grass-cs/ACvplmP3ZyTh5gv5-C1SsEfQmsToqufNACsJ7kfgVfiIUSn8vyd8CjjyQxOaUY5B5RkZ4SfhlEdHmtqbUpzkwZM_xZkJoDWG5RyzMpihl6b8iV483CFLmYD45SCgWn1ln3RP0FZgwAdg21wc0-is=s4800-w800-h800""}","https://maps.google.com/?cid=15461738256106350352&g_mp=Cidnb29nbGUubWFwcy5wbGFjZXMudjEuUGxhY2VzLlNlYXJjaFRleHQQAhgEIAA","[[[660,1260]],[[660,1260]],[[660,1260]],[[660,1260]],[[660,1260]],[[660,1260]],[[660,1260]]]"
"JAI宅 義大利麵 新竹巨城","新竹市","24.809944","120.973223","{""義式料理"",""室內商場美食""}","$$","4.5","新竹市高評價義式料理，Google評分4.5分、累積2953則評論。","{""義式料理"",""高評價"",""人氣""}","03-543-9988","lot","免費","{""https://lh3.googleusercontent.com/grass-cs/ACvplmPsmvRmzpkJ0xTjiPFlPEG4_keShOrjdujj4esY5AZGNAOkSVppj2RedFZH_R_T2ga78echUbAG5pEfrzilUf4rp7SYHba-jvAq5yS-D2ASHbB3RQqf5tGlGzsB9fOssxNbdAJK=s4800-w800-h800"",""https://lh3.googleusercontent.com/grass-cs/ACvplmMRRNRm8X1BNiNCR0QE_qtewauRinmat1LiLigoaKK8DKER4vktXX4Hx5vEJ0Povay_fDmYH0xgBi4nP0-kUGU1qB2W4VilOvh2bNcQFTJ29-budwjS2Mr08jyn2FJniHhgLBhFiRcgwCab=s4800-w800-h800"",""https://lh3.googleusercontent.com/grass-cs/ACvplmNUkXO799Ha1FAO7Xv32D4-IkwVNGT8QRdal3CzOtFackcVi3n6bt9WjWHfyq5mJRCJiMxbekccB-jJa9fvx9DGkkfRCIpOMo-bSvpq8vI2MGRZ5BlreKR5o0RY_ZeApGoJ4bLp3AbmMAOn=s4800-w800-h800""}","https://maps.google.com/?cid=201877967393703110&g_mp=Cidnb29nbGUubWFwcy5wbGFjZXMudjEuUGxhY2VzLlNlYXJjaFRleHQQAhgEIAA","[[[660,1260]],[[660,1260]],[[660,1260]],[[660,1260]],[[660,1260]],[[660,1260]],[[660,1260]]]"
"BELLINI Pasta Pasta 竹北遠百店","竹北","24.8232","121.023925","{""義式料理"",""室內商場美食""}","$$","4.6","竹北高評價義式料理，Google評分4.6分、累積2072則評論。","{""義式料理"",""高評價"",""人氣""}","03-550-6489","lot","付費","{""https://lh3.googleusercontent.com/grass-cs/ACvplmMrIjvP__HFXJ7jBQeJVfWPDciDBuiN0QDoar9Tk2Hd7SrEDDyKsQ43Fax13vNqEqnGYWduNy1M4Bn3_3KuMn63_OzaPQN8x3oLmek21XbSQRJjjw6MPRu9jn6XuIILhL-h0pBKSQ=s4800-w800-h768"",""https://lh3.googleusercontent.com/grass-cs/ACvplmMYmsz5uzTefHuAaVQ81bdQVLI9K6dkJyPAT7-tN6N0YITlM-x6NGux7Xabcu8C78GBMRNAHTgK0YpSzQiLf-OnKG5sYNiqVor3SvR1BY4htu1l6YsJV_VEEeeyvFpgXwbqpjjWXar22B-n=s4800-w800-h800"",""https://lh3.googleusercontent.com/grass-cs/ACvplmM73PJhxv0KXvh_JOQR5Lc0zqyzh-upVKaxiLGpBMJ0yAbqlbmO7fW1ARcTSLHjL0lMnKi1V2-uT2tLTGo99vvc7xMwXQb11617ILsuS0Vt2rXK-MYQIvmxiDiBc4VJK-QCQ8PVbX1PbnAH=s4800-w800-h800""}","https://maps.google.com/?cid=729343942705353808&g_mp=Cidnb29nbGUubWFwcy5wbGFjZXMudjEuUGxhY2VzLlNlYXJjaFRleHQQAhgEIAA","[[[660,1290]],[[660,1290]],[[660,1290]],[[660,1290]],[[660,1320]],[[660,1320]],[[660,1290]]]"
"Muxito 沐熙朵洋食坊義大利麵餐廳","竹北","24.818743","121.026475","{""義式料理""}","$$","4.7","竹北高評價義式料理，Google評分4.7分、累積1719則評論。","{""義式料理"",""高評價"",""人氣""}","03-667-3658","lot","付費","{""https://lh3.googleusercontent.com/grass-cs/ACvplmO8rOR11kc0DdPDWq0xMu0laB6JOws1QnC0zkUtloW05rmRl9WyaNae8HUC-lFdA77ZZxbDW3HIHmy4-BFSfCJGAOAqG9oiNIT4f6zgwhmA4KMBmfciWZhmg9UOPH3nOg=s4800-w800-h800"",""https://lh3.googleusercontent.com/grass-cs/ACvplmO4Xt7_BA6BLQfA_waIpEXVQ1WLfhh0MLae8Mw2f4acwpA_C6YRxD8qSRSK264rowrS-NDykq6KBM2idQZsh2ZYhuirogyGkW1X0UQR9MoWAnQhbC9iUhS5KTf_X38-lao6pM9tMw=s4800-w800-h800"",""https://lh3.googleusercontent.com/grass-cs/ACvplmOtSG5Avs9fMtkx7W61jNNkrC00YOP5sgfOeq5ex99xu5LM5fJf4bxBvuUE302IOauMDqqqTHCK95htL3vfgNx_6J1pv9siMWbQiqoAe6K8QLzZNJuF5AOmZxbD0GK0A6Mh3us4wVGJ4FM7=s4800-w800-h800""}","https://maps.google.com/?cid=6751938318256268972&g_mp=Cidnb29nbGUubWFwcy5wbGFjZXMudjEuUGxhY2VzLlNlYXJjaFRleHQQAhgEIAA","[[],[[690,840],[1050,1260]],[[690,840],[1050,1260]],[[690,840],[1050,1260]],[[690,840],[1050,1260]],[[690,840],[1050,1260]],[[690,840],[1050,1260]]]"
"Sunnylulu陽光露露義式料理","竹北","24.810455","121.029038","{""義式料理""}","$$","4.3","竹北高評價義式料理，Google評分4.3分、累積3402則評論。","{""義式料理"",""高評價"",""人氣""}","03-668-3689","lot","免費","{""https://lh3.googleusercontent.com/place-photos/AG9NLjAjCqHuXb3cq6ZSVWFZgDK5QW98h388sqcu0Bz6scDLG41cvIro3ltdEyQtfJ0W_YUDhc30uiA9__eTsw0lI9R9VXaGi0xoS08kuZWRZVi2yAyuYo-bJZyx6-nc-PgGimZkUgUmLIozLIEYVg=s4800-w800-h800"",""https://lh3.googleusercontent.com/place-photos/AG9NLjDqak75wK0IMj4yV_4GGVGMKzI2494z73jmK_vujYmH9O0ZfrdJ4hBq2H4Ln8U_flgTpHHNuDh-RuddDYytb7xghO8Oh2CRQwIiA2F2YWAqe05jyricQ2xsHoM6tS_-dgizXuc_m2Ap05RznW4RNglSzQ=s4800-w800-h800"",""https://lh3.googleusercontent.com/place-photos/AG9NLjC2QqVqzFxY7N9s9i9vZqsstaAOVTPug0tdloA-AhRcXtTkXuCrzHF_HXsnhEVqKLDL2h3f-hi3BywEaeoSgwTEvbuqPKtejHLbPENgguxWWOjDND_ZndaJt77xeO4cn3ZBoH0hrx9G0zw-n6Q=s4800-w800-h800""}","https://maps.google.com/?cid=13207174233369244130&g_mp=Cidnb29nbGUubWFwcy5wbGFjZXMudjEuUGxhY2VzLlNlYXJjaFRleHQQAhgEIAA","[[],[[690,1260]],[[690,1260]],[[690,1260]],[[690,1260]],[[690,1260]],[[690,1260]]]"
"有籽義麵-竹北文信店","竹北","24.832566","121.009956","{""義式料理""}","$$","4.8","竹北高評價義式料理，Google評分4.8分、累積1196則評論。","{""義式料理"",""高評價"",""人氣""}","03-558-5385","lot","付費","{""https://lh3.googleusercontent.com/grass-cs/ACvplmPKtzF0fiPmJq3nxAK9-endqEY5yznVPa_5f6p3ckv20oMTbhOirYEGIirNgbb-EHFX1SpNBmHQE0UhIeNPK9VvCM_dovQZle-RT2SeR-FMV_CLn86f_CBQd1m_f_vizeg-FWiR3haqDcof=s4800-w800-h800"",""https://lh3.googleusercontent.com/grass-cs/ACvplmNiXaesbWGHg-AGKZ1CHkierN_CreFWBMPnrmZ-0gTnXDeoU82fCUY5OZTiLIqOf8AewBlrLdlmrErg6ztDlLogbYUO1Bt-tDp25D6wBdY2Wuv3eZDv8oiVABIfNyyiq95XtUhH3A=s4800-w800-h800"",""https://lh3.googleusercontent.com/grass-cs/ACvplmOzrijJ4GTFd6mqxnw_6RnindzMJ4htU1gAFP8pU5t253LHmQZZ3C3kdjLI4ZM0djVYtEpzbUYDeE2hySFovufMqW7I1c2KMJ9F1_J4_eaESzXRClpl-wnp3vwnkQjnkiZNTDdEGqGCBk3D=s4800-w800-h800""}","https://maps.google.com/?cid=9002397384005261308&g_mp=Cidnb29nbGUubWFwcy5wbGFjZXMudjEuUGxhY2VzLlNlYXJjaFRleHQQAhgEIAA","[[[660,840],[1020,1230]],[[660,840],[1020,1230]],[[660,840],[1020,1230]],[[660,840],[1020,1230]],[[660,840],[1020,1230]],[[660,1230]],[[660,1230]]]"
"喜歡你餐坊 竹北勝利店","竹北","24.822384","121.024603","{""義式料理""}","$$","4.8","竹北高評價義式料理，Google評分4.8分、累積1133則評論。","{""義式料理"",""高評價"",""人氣""}","03-668-2742","lot","付費","{""https://lh3.googleusercontent.com/place-photos/AG9NLjBWSUQ01Qg3G5Y4f7S5KB3ZdeTBFLRP2Ygb7Fp9veKhyMCKSiGJ8mKgzmcfOG67Z_2329Hh49z6QRbXkrZysW5cnlZTeBTKg1WwEKuKQb7CWxW2zsVwdel51ZfwcOIJ-boLxqieyljTirep0g=s4800-w800-h800"",""https://lh3.googleusercontent.com/place-photos/AG9NLjDhbcDNyiHM975Gdtr-Z4Tai5s2BjfhPD1VBcSKYHYRJCYpE7rf0azssO0w72yCsXE-G9A34XvGjd3IsHUIUheHA0kXC4CHFjtfzmi_CZax8CIJ7oFLfIDNNAQVSJWvH6quc0g0zOFyTf0y_vDVxg5B=s4800-w800-h800"",""https://lh3.googleusercontent.com/place-photos/AG9NLjDAMjkR2FCXD_a0CJ2qdiyYb2kX7raGPWgJCRoby94GWbl3xEqDlXS7dqnpxisM9A1ruuNEWGkqor3qOFqxWCV6mYIZ88Z5_BjZiFfJE0M2-PIOQ4yT3McGtVkd8C-Xx5SBa9hdGHYJ2cmUXt4=s4800-w800-h800""}","https://maps.google.com/?cid=9231112083015132832&g_mp=Cidnb29nbGUubWFwcy5wbGFjZXMudjEuUGxhY2VzLlNlYXJjaFRleHQQAhgEIAA","[[],[[660,1260]],[[660,1260]],[[660,1260]],[[660,1260]],[[660,1260]],[[660,1260]]]"
"喚味私烤","新竹市","24.823012","120.969742","{""熱炒/居酒屋"",""義式料理""}","$$","4.5","新竹市高評價熱炒/居酒屋、義式料理，Google評分4.5分、累積1683則評論。","{""熱炒/居酒屋"",""高評價"",""人氣""}","0970-803-088","lot","免費","{""https://lh3.googleusercontent.com/grass-cs/ACvplmN_NRYc0NgeKo476LwDGpHtoNC7yu9pjAtTRgW7nDrRrF8QF0yU3Yr9tCvSq7F8VRisvYZ4xP8o4G0y8t23vczCKsDuCH3ExHQNIiBIdSsyMmW0OCzOrEpT7SnbPMU_oQ9LtYl0aRNYkF8=s4800-w800-h800"",""https://lh3.googleusercontent.com/grass-cs/ACvplmOcW9HZtLxkUmyGdfTukpa-qBPpa5qg8Wt_oCYtSdqvZBljREAO3b8W566e6IzVeDSUZEyVfSDDoymj-s7PNuy7md4IeBgieLhyVBXvFEs5Rq23gr3yyXBRP91rGQUJo79AXklAhQ=s4800-w800-h800"",""https://lh3.googleusercontent.com/grass-cs/ACvplmNY96GFXFFFEC_vecuxCNvKzZSM_qMCdqJXmOhB1BfbJ33QoErawaJR8Pj7BmKwFI34uQpOiucayIv3blszm0944o7p3nSMQvL1Rnbz5LWzzy6jxu0R-nOxZV7MdT1wGQ7fRyMvkDoYwN0J=s4800-w800-h800""}","https://maps.google.com/?cid=17966168059708162430&g_mp=Cidnb29nbGUubWFwcy5wbGFjZXMudjEuUGxhY2VzLlNlYXJjaFRleHQQAhgEIAA","[[[1050,1560]],[[1050,1560]],[[1050,1560]],[[1050,1560]],[[1050,1560]],[[1050,1560]],[[1050,1560]]]"
"Piccola Enoteca 彼刻義式餐酒館","竹北","24.819476","121.024536","{""義式料理""}","$$$","4.2","竹北高評價義式料理，Google評分4.2分、累積2401則評論。","{""義式料理"",""高評價"",""人氣""}","03-668-8313","lot","付費","{""https://lh3.googleusercontent.com/place-photos/AG9NLjAu9BC0kvnVCr52kCFMD02Dj1_tdv6AtkqHc_cg6PlIXgI1sciAeJRl8TlJT86x8bRD6w4D29aFH2FO8itqHQjpUic5Bs5ysh00ox2F-D6kbthyhfvUDZk7QbyKelZU07DSSKFup2OBddlT=s4800-w800-h800"",""https://lh3.googleusercontent.com/place-photos/AG9NLjBeOBRHGSObhWMDxGEjZojYnMQT-JbSs_aeqHS_h05MUsb-vgmEWAtJw4l6Vv3fHjWTtrWUmN7S6mUU3Tb30no3r6h5f_Yz8qXoiK80R4fGyDIwqf4pJmOuwuJ8A6U_ryi9H2WIXAygBWverDqOMdPPLQ=s4800-w800-h800"",""https://lh3.googleusercontent.com/place-photos/AG9NLjA04uVw2mljQds1EhhJ9uKH8xt1Ua5vwWcDCcEZb1Ieeu6R1Ar5p8erycaVGuk1uKlm-bjaiP3Wm11kA8ZNCKlKDcfMDMkF39KwUS6hV3kW05ATSwL4mcp9fgeOnTK0639raHUFs8Dg_otR=s4800-w800-h541""}","https://maps.google.com/?cid=7592090929697055046&g_mp=Cidnb29nbGUubWFwcy5wbGFjZXMudjEuUGxhY2VzLlNlYXJjaFRleHQQAhgEIAA","[[[690,840],[1080,1320]],[[690,840],[1080,1320]],[[690,840],[1080,1320]],[[690,840],[1080,1320]],[[690,840],[1080,1320]],[[690,840],[1080,1320]],[[690,840],[1080,1320]]]"
"小島廚房","竹北","24.827888","121.027795","{""義式料理""}","$$","4.4","竹北高評價義式料理，Google評分4.4分、累積1572則評論。","{""義式料理"",""高評價"",""人氣""}","03-550-1971","lot","付費","{""https://lh3.googleusercontent.com/place-photos/AG9NLjDU5QgjB4gzvzxj62dT7IGwfzhRu7po7_DxUhsX-rD30wbZiidloGGeBr3A-MG5FROCe_Ch8Zvl5E8agv7PuraXLBQD4c6y_LSyLcRIEsU34wEpWVMja5IQLCNVfIWDZ5Vz4KwD5kYu4pBm0A=s4800-w800-h800"",""https://lh3.googleusercontent.com/place-photos/AG9NLjCAfyjP1elUTwUZuF9BCEYtrzqTkSLUxNQjBk5hlNAKmhD8RsK4pA1admZ69jukkM_v9qv_s2zPV83w5jEUWmVoGRshjHznt7_AaX0pgBJqrK3rkzJ_RBw9eB4A3zigDnw32tRgVpcB88a94WQ=s4800-w800-h800"",""https://lh3.googleusercontent.com/place-photos/AG9NLjBcel1DnGLdqWWJagqbtbA9DdjP0tz3UYNpSbwmqRG45bVQRNtaBFGBc6oaOaS2TgpUxefy7ZqKN1l-JhCtd-OVCaxtmxCvdOjRBe5ebIZWao_j42InV0irLHSYwu41sTzvLz5st1ZZI0E6bWxatcMmNQ=s4800-w800-h800""}","https://maps.google.com/?cid=16395851630485124173&g_mp=Cidnb29nbGUubWFwcy5wbGFjZXMudjEuUGxhY2VzLlNlYXJjaFRleHQQAhgEIAA","[[[660,840],[1050,1260]],[],[[660,840],[1050,1260]],[[660,840],[1050,1260]],[[660,840],[1050,1260]],[[660,840],[1050,1260]],[[660,840],[1050,1260]]]"
"竹美私房料理 關新店","新竹市","24.786773","121.019457","{""港式料理""}","$$","4.3","新竹市高評價港式料理，Google評分4.3分、累積2806則評論。","{""港式料理"",""高評價"",""人氣""}","03-666-1157","lot","付費","{""https://lh3.googleusercontent.com/place-photos/AG9NLjB9V9QtOB50YxZoCGC_I-3TrqcCHWmPae0KXnqAgOsvlrDKZj5lGLC7bldHtB6qrXas7zulrYc4cjfTmPvW4wseY7BXAZgfqRKNmd9r0qBrC1mhYvzsP3NzQMOO5lbwOyk6p0wsw2P1yKYQiw=s4800-w800-h800"",""https://lh3.googleusercontent.com/place-photos/AG9NLjA6zO38VIxtP251Z_1b_E9tUcsfhOF3_GA6PjuWVZX23n5p3qtWqUc1wk8HdWxvInq7xZnW_k_vAh5AJHBG898bKfH6PxkALYokyFezuxZZhrOUQ0uMeLU3UPPQLWixHCax6fn7VuwId0eI=s4800-w540-h359"",""https://lh3.googleusercontent.com/place-photos/AG9NLjCKqz6UND6eJk-AjJS-4gODgbcTeXXRZvgb752DzWsob7gZbETy5VjIWs9CtI1tJWAEoteBAd1i1egi6TDpKxn5L0rfUltCv0ji9oIlgi-bn6kWbS7RJ07h8ggzZJeF_K_lQEdyyTcmcIEzAyLbgcFgbw=s4800-w800-h800""}","https://maps.google.com/?cid=12592135672715397842&g_mp=Cidnb29nbGUubWFwcy5wbGFjZXMudjEuUGxhY2VzLlNlYXJjaFRleHQQAhgEIAA","[[[660,810],[1020,1260]],[[660,810],[1020,1260]],[[660,810],[1020,1260]],[[660,810],[1020,1260]],[[660,810],[1020,1260]],[[660,810],[1020,1260]],[[660,810],[1020,1260]]]"
"點點心台灣 新竹巨城店","新竹市","24.809486","120.974721","{""港式料理"",""室內商場美食""}","$$","4.2","新竹市高評價港式料理，Google評分4.2分、累積2839則評論。","{""港式料理"",""高評價"",""人氣""}","03-542-6980","lot","付費","{""https://lh3.googleusercontent.com/grass-cs/ACvplmOWL85rKwwLtcPB09Xte2kK8cEJ16BC1OfkTmI5jI3nfkU5J6Lgde6iGZ8WdJCUf--iT8DfsPOB6bk_rtRuhzLoHpFkU4hXwmEJnsNuYiM1xZCor1qhBkqjNiwI-10hGwmv10R2=s4800-w800-h800"",""https://lh3.googleusercontent.com/grass-cs/ACvplmM0c5oTzg_LrppeZ--sTVJhbwea2fe1ZIBJ1629tpdrIb0FybYEJnpVdUcpo8FkJB2x8StbkX4jRsx4pearAWBuZJBLPEwx47zcLTX6woQE3nV2nIT4PVeVWGYo_IOcnBN2N5GA3g=s4800-w800-h800"",""https://lh3.googleusercontent.com/grass-cs/ACvplmPZi4r0MLxkKJHddFylndDUI5mA8W189XnN0sHwF96-KapKERosaLbAmhMFc-R4q641bLl4IH8NF2-J_lo0tiE8lObOotZluq8MVGdKoBKc5m-fWPOJfMmdbntG-CWgeSOG1zdJZEfSi0V4=s4800-w800-h800""}","https://maps.google.com/?cid=1411568839484366981&g_mp=Cidnb29nbGUubWFwcy5wbGFjZXMudjEuUGxhY2VzLlNlYXJjaFRleHQQAhgEIAA","[[[660,1290]],[[660,1290]],[[660,1290]],[[660,1290]],[[660,1320]],[[660,1320]],[[660,1290]]]"
"鹿森林","新竹市","24.799624","120.964647","{""港式料理""}","$$","4.8","新竹市高評價港式料理，Google評分4.8分、累積830則評論。","{""港式料理"",""高評價"",""人氣""}","03-523-6565","lot","付費","{""https://lh3.googleusercontent.com/place-photos/AG9NLjAvDG8ItMTRnPnrqRNrCLqI11goG2n2_RkUuSpBSVbo6OoMjFbfB4fLEq3Vixzsh72VL28dCWmWaoFzx3APZ0pD598qHXlW2yyjvFLAgyMwkweOTUu2Q7mtazPx_nr_uMFoKTIb9jC589Gxl-k=s4800-w800-h800"",""https://lh3.googleusercontent.com/place-photos/AG9NLjCdiKGcPfxhaUp1trbOpVsJViJy32AWZfVP0PwnU74z-tvKo8zHfOLk5IEEMQKI17z43z1iqb3-6sHsGHkZtJCxSse5UrS8L_tEKb2f4Tr6tBTkdkC31nmCAtgAS3zK04y1eHvMyPoW_NwQXw=s4800-w800-h800"",""https://lh3.googleusercontent.com/place-photos/AG9NLjATapPt17nfG-owCMpvdtd9eiRNWbiHBet-ObJZ6J01h9q-Qtedi4lTtNJiKPc7ttuyllA3TzIJwy7KvX_sYbdK3vVPLHAKdUNMmK9ZBJ-rzvhg1x2yiwNU9utWICzKKQJeo-XfZ0Bp_ZLJyeheXnEK=s4800-w800-h800""}","https://maps.google.com/?cid=18050525155348324839&g_mp=Cidnb29nbGUubWFwcy5wbGFjZXMudjEuUGxhY2VzLlNlYXJjaFRleHQQAhgEIAA","[[[660,870],[960,1200]],[],[],[[660,870],[960,1200]],[[660,870],[960,1200]],[[660,870],[960,1200]],[[660,870],[960,1200]]]"
"ㄚ水哥港式點心坊","新竹市","24.818717","120.976432","{""港式料理""}","$$","4.7","新竹市高評價港式料理，Google評分4.7分、累積766則評論。","{""港式料理"",""高評價"",""人氣""}","03-542-0676","lot","免費","{""https://lh3.googleusercontent.com/place-photos/AG9NLjCuYV_xdouzJ-VbWvPLBrStLuxiUcwTvhS1ruFgm31bwPWMrVjliRZ4INe08vf6QL0NxAoIlvpCbugWJcWmavEAkpfD71NLUzi35WJO2STAPXoOFhwY7Rl3k64MVD_HQl2dH5NOyeKeQqYpmQ=s4800-w800-h800"",""https://lh3.googleusercontent.com/place-photos/AG9NLjA8znO4e08GW642oTQIXxcykJzfJ_avKC5AWZFnoA4_y9wDFk3oMt2JNItmYc7UNfcRCrfUPQhFpAI81_-cHUFeCjXdv9LrtRpVt4kOZk6_Clz5t5VfcEfJZYtnnnneTN7uEOQiyErCrPzaqW8=s4800-w800-h800"",""https://lh3.googleusercontent.com/place-photos/AG9NLjBICYYmxZGV1JEQHRBII5eswmVrSi76bSiceOnbmC3q5ZrBrLPoPt5A56OvE6AzjTbw-zG2pZuBFNFky-oNO2ItQ4DGKcA14CFKrs4ex7qHFjITe1VC9yqfg2vZXiPXmiIUdTWBJJmZTzug6KXJXQkftg=s4800-w800-h800""}","https://maps.google.com/?cid=9787383051048303122&g_mp=Cidnb29nbGUubWFwcy5wbGFjZXMudjEuUGxhY2VzLlNlYXJjaFRleHQQAhgEIAA","[[],[[660,840],[1020,1230]],[[660,840],[1020,1230]],[[660,840],[1020,1230]],[[660,840],[1020,1230]],[[660,840],[1020,1230]],[]]"
"和選旅-硯宴軒","新竹市","24.789335","121.002553","{""港式料理""}","$$","4.4","新竹市高評價港式料理，Google評分4.4分、累積1016則評論。","{""港式料理"",""高評價"",""人氣""}","03-571-5888","lot","免費","{""https://lh3.googleusercontent.com/grass-cs/ACvplmO0dnmtU1sehNRS6wSljJu4B-7p57d48-Cmc9FQzvybnXUYeYsnWFOfGwyrALj3BHU-lQeJeZqjJW5Rz5dOHB1vMzRheLEQNRsswEyc-e5jyhDhtPXnXC4lrTOns6SjyLFcObs=s4800-w800-h800"",""https://lh3.googleusercontent.com/grass-cs/ACvplmPf6PIEO-jxkQHpZqZkAA6RqnQnhN2lVF4FSvSyFqvJdnTb0rJuders5vBSkrGsIT9QE7gBym0JTMGHQDCp6m1htA6J-QZjtT4JrxcQD7cAJwTyAyUm65HB4HtJ3zWjTigZ5p-c=s4800-w800-h800"",""https://lh3.googleusercontent.com/grass-cs/ACvplmN91ZNl4Y9u0CbsBLo99Q72AiVSsGMCMfmLfuJkORLt7UFN1KpZw4vhtKtCnqgruzexHNsJtjmo7EQ-5EPypGXqxZOz-UbynWWw9Rbk6LcsTzYrLlWs1M0ioecCr3Ty-IE7jm4K2A=s4800-w800-h800""}","https://maps.google.com/?cid=458250886929140456&g_mp=Cidnb29nbGUubWFwcy5wbGFjZXMudjEuUGxhY2VzLlNlYXJjaFRleHQQAhgEIAA","[[[690,840],[1050,1260]],[[690,840],[1050,1260]],[[690,840],[1050,1260]],[[690,840],[1050,1260]],[[690,840],[1050,1260]],[[690,840],[1050,1260]],[[690,840],[1050,1260]]]"
"老港陳","新竹市","24.801554","120.966997","{""港式料理""}","$","4","新竹市高評價港式料理，Google評分4分、累積1964則評論。","{""港式料理"",""高評價"",""人氣""}","03-527-8186","lot","付費","{""https://lh3.googleusercontent.com/grass-cs/ACvplmMUooNyAyfE5AEcinl4AWeqDzxtIbTCsSW7iSsw6T5Qh2UxzHviQxrVaMEeWFiXvy5cu3vc3LfPXxqfKOEoqLWHPNx0Pe7dXYolzTo5cnWWlUDkT9mcbWrM_PmAuIQQtsoKBEVt=s4800-w800-h800"",""https://lh3.googleusercontent.com/grass-cs/ACvplmP8MMHNbTvI61MgcrefvOaS45RMf7DSuaY1IsQyvrDsGnjtMj1L6ZYyDVSWFD4gOPC59HQVtzONBIXPpD-Mmwr5vYUTMikS8YnVscMsK5SDj6zG8-D1EwuN2zVU6MBzUMDqJiosql3ehmUZ=s4800-w800-h800"",""https://lh3.googleusercontent.com/grass-cs/ACvplmNzxQAht9e44zhHE0qCBQ7ZlxGq7kVyrmZoZA2dJeiSnRSHfocjLsiS-sd-HIzr1SC-clhS6kS-i34elK_MV49CVp2NhPtHCI2pYzdpLeJ2JJM28ntJ9K7Usv1-5mwhj6xV_jUFeVrwb9OA=s4800-w800-h800""}","https://maps.google.com/?cid=13385590771362291935&g_mp=Cidnb29nbGUubWFwcy5wbGFjZXMudjEuUGxhY2VzLlNlYXJjaFRleHQQAhgEIAA","[[[960,1440]],[[960,1440]],[[960,1440]],[[960,1440]],[[960,1440]],[[960,1440]],[]]"
"Sit Back Cafe 寵物友善餐廳｜早午餐｜港式","竹北","24.826332","121.028001","{""港式料理""}","$$","4.8","竹北高評價港式料理，Google評分4.8分、累積423則評論。","{""港式料理"",""高評價"",""人氣""}","","lot","付費","{""https://lh3.googleusercontent.com/grass-cs/ACvplmPz5qvdWCNW02azmw447y4kC0cuTpTiiYEfn6kH6HVSf5LiJ4gWmP0H_QhaJHXj3wsDXG-_nDeEitO5TNsAuQZdgLBL55iIUBAcrLAubt6qKhR2KKJ4lPEhRf9UpCGJmlIor4YCIA=s4800-w800-h800"",""https://lh3.googleusercontent.com/grass-cs/ACvplmNVZNWyruxFYop-czQ_mzXJIoEAEKVX85B3d7Wtc9Z9Y4NOhTYeg8qdgTrm15mfx-nCnj7Pp147fQ41jZZcE9PcSiFdu5z4hDQNXORF5joZRxLa93PphMzF3qBaHbrYIfyiTuWWyw=s4800-w800-h800"",""https://lh3.googleusercontent.com/grass-cs/ACvplmOXv3rHQTtwM8qZxshb7IYhHDN2xbjQS7aIOk_R4rQrXaZ--fFQugIiQJqF9A-8Uz5DpE8S8mKIasjrEc-zc2G7Ra7QTnvWuy20mnklZYber8crKUFPVxziOakvgc0T6xxu4gpy3lcMZRO8=s4800-w800-h800""}","https://maps.google.com/?cid=8030571337884524445&g_mp=Cidnb29nbGUubWFwcy5wbGFjZXMudjEuUGxhY2VzLlNlYXJjaFRleHQQAhgEIAA","[[[540,1020]],[[540,1020]],[],[],[[540,1020]],[[540,1020]],[[705,1020]]]"
"港點大師 新竹店","新竹市","24.819253","120.970011","{""港式料理""}","$$","4.2","新竹市高評價港式料理，Google評分4.2分、累積940則評論。","{""港式料理"",""高評價"",""人氣""}","03-533-5253","lot","免費","{""https://lh3.googleusercontent.com/grass-cs/ACvplmN6BB55aqqPiUsTGjCx8J_ATVbj6qpPu82y3eU2mvCJPprsI0H4dtJkuOBwYra6MBDnHnTbBYtZWOnNMPjCYS2Zsn1BcLTcgF_pb61KQA9ooQ1a6nb-5WkxJMkZfnCNZ9kyok6tng=s4800-w800-h800"",""https://lh3.googleusercontent.com/grass-cs/ACvplmOTQLIAU8d-R-B-AR3wCzkpWllBlmsJrJaA23XsNCF5Tt0tHL3u-6iZQDV4B9n3gujr8x-x5fwTO1yhUN2PIa6x-TKJt8LobF6gd76zN_e9RjWfmLGOFcX1lnmUWkLMzE2XCMOrvDMgVA6v=s4800-w800-h800"",""https://lh3.googleusercontent.com/grass-cs/ACvplmO-u5za9G7sXjnDTXH6moGJIJCKnhJLUmzvhIQn9lFBmiY9qg6pcQIct5INMoXnD2wyOzkFaCrXydzpcO2-UJWqNVlYQ1znHnm4QrY_xKt4nYdOn0jlLZ2a-SsfltGtSvnifjhDwbWuB4DO=s4800-w800-h800""}","https://maps.google.com/?cid=7708100834356233341&g_mp=Cidnb29nbGUubWFwcy5wbGFjZXMudjEuUGxhY2VzLlNlYXJjaFRleHQQAhgEIAA","[[[660,870],[1020,1260]],[[660,870],[1020,1260]],[[660,870],[1020,1260]],[[660,870],[1020,1260]],[[660,870],[1020,1260]],[[630,1260]],[[630,1260]]]"
"森森燒肉 新竹清大店","新竹市","24.798051","120.994442","{""燒烤""}","$$","4.9","新竹市高評價燒烤，Google評分4.9分、累積11009則評論。","{""燒烤"",""高評價"",""人氣""}","03-574-5338","lot","免費","{""https://lh3.googleusercontent.com/place-photos/AG9NLjDAES1JWpbwz6P4bLoOpZrQW476YXL5u4JutwvgaD0zbbfsrC72u-njKcSBH1hgTVmoO7INJOjUb9aPkBwZWRxXg9ra3M6TsebBcwOU_2uERUk_Y9UsO36U5b6c0JFYKm3TLGUcS3r_1US3wJenbo-gOw=s4800-w800-h800"",""https://lh3.googleusercontent.com/place-photos/AG9NLjD-C-EdAi9ESW6Z3ATNqO4L5uQcq5TAvJ2pCjRPMUYwfk2sHq7rfbsltu79WLcJ8z4ivCeJpIADQ_HOTNk_vVJz5b1N8EvgMbty7iacgXnP4JCWXUELQlTMwowEtGiHM82AyViBBFmoyd40ILEhDru1uA=s4800-w800-h800"",""https://lh3.googleusercontent.com/place-photos/AG9NLjBcCELR2rHFxM4bhFLyXUee6XnQbHulXQWzGFAbMxMgGy6aoM3lvOtuH4t_tkcIT6L5IIEU-EC5nKiZ-HqT7UETAJk02efI5AOtxV7nhw0GvC808IWS2Byq49_H1AcTrV-6FSWOoOyFbs-JWBQ=s4800-w800-h800""}","https://maps.google.com/?cid=243277241773566649&g_mp=Cidnb29nbGUubWFwcy5wbGFjZXMudjEuUGxhY2VzLlNlYXJjaFRleHQQAhgEIAA","[[[660,1260]],[[660,1260]],[[660,1260]],[[660,1260]],[[660,1290]],[[660,1290]],[[660,1290]]]"
"大阪燒肉 燒魂Yakikon新竹店","新竹市","24.802726","120.969829","{""燒烤""}","$$$","4.9","新竹市高評價燒烤，Google評分4.9分、累積8845則評論。","{""燒烤"",""高評價"",""人氣""}","03-525-5433","lot","付費","{""https://lh3.googleusercontent.com/grass-cs/ACvplmNIEnNy8ROMMftcFou3ISyNTU1ze5fru4UVe5_Txhs-O6mdcsRe71rejzY2Wp0DO0Kw_nfPvTRmSleYnO7-eRpqZ7yLmKSK8ti-8QogQEzt3JAsc6_RK6ptRjWFlbJcQHXQcfY=s4800-w800-h800"",""https://lh3.googleusercontent.com/grass-cs/ACvplmPSpKL8SnM4SSprnGSJCC1d84K7WZNHcoP7wqq232SizVnmci3nYdAHViVLuz03leSlaNuetRbURfNX-QTdb1Jif5e9AeOqBj8ulNrnqxJtYeq2H9gVEzmHyC82fTNSRZXttb-SoA=s4800-w800-h800"",""https://lh3.googleusercontent.com/grass-cs/ACvplmPlntOF-QAbjEc-4ZikGUK6brMpEdwDf1utNwiqqi8Iox-Ji0M7hPP7ARLKusEpxTxrzMLS7lxrvd8L56MgsYD7Ng8blGTxEnbZh6EX7sxybNKZWKKPzWWjHkoYWhzoMBb5-AxgRza1EMaR=s4800-w800-h800""}","https://maps.google.com/?cid=9881217699293592515&g_mp=Cidnb29nbGUubWFwcy5wbGFjZXMudjEuUGxhY2VzLlNlYXJjaFRleHQQAhgEIAA","[[[1080,1440]],[[1080,1440]],[[1080,1440]],[[1080,1440]],[[1050,1440]],[[1050,1440]],[[1050,1440]]]"
"大和園燒肉屋","新竹市","24.805951","120.970655","{""燒烤""}","$$","4.6","新竹市高評價燒烤，Google評分4.6分、累積5539則評論。","{""燒烤"",""高評價"",""人氣""}","03-526-5275","lot","付費","{""https://lh3.googleusercontent.com/grass-cs/ACvplmOR2EcTjk4_aCR1RYdaEv_DsIZd9rIImDEYVSCmv56YdZMITGywNffYX3PkRUdOR3uaVXmtLGK3nILi-tifxgh4tn4y-E8DoQe1LG3rIAOyCuGiay0lRjUt33hdj4sibMLbr1c1P5SbhRtJ=s4800-w800-h800"",""https://lh3.googleusercontent.com/grass-cs/ACvplmNgShXrxRTfgTAocwIZgY0GSZ92f9BhGgRQqWr9eGsSi9bvVQ7eJimOo9HUvTq8KBMxWFE-7n2IgQyikkOuxxeUhu9ymC4CA5RuQX6OcJMp-sB0j7LzBkM7HuvRQ_YAiZ9LqFqV=s4800-w800-h800"",""https://lh3.googleusercontent.com/grass-cs/ACvplmMbtxoYctMUSHD_goy8kV9bqx6Yl49W8lO_d20CeJzaxH6nsk8ZLoRYUetMZDZqdyDgeM5hQWfW6ToTnz2XajQUag6biSiVW6nXh111qL00TDOvCc3W9aY_f4l91so25zxJH3_zBTSm6cT_=s4800-w800-h800""}","https://maps.google.com/?cid=15955814857781425970&g_mp=Cidnb29nbGUubWFwcy5wbGFjZXMudjEuUGxhY2VzLlNlYXJjaFRleHQQAhgEIAA","[[[660,1440]],[[660,1440]],[[660,1440]],[[660,1440]],[[660,1440]],[[660,1440]],[[660,1440]]]"
"阿彤北和牛燒肉新竹總店","新竹市","24.787434","121.010241","{""燒烤""}","$$","4.8","新竹市高評價燒烤，Google評分4.8分、累積3668則評論。","{""燒烤"",""高評價"",""人氣""}","03-666-8575","lot","付費","{""https://lh3.googleusercontent.com/grass-cs/ACvplmMZVBwcAiYs_hHiFtLlub-WJqd2q9LZp3x6rrxKTG50Rs_BEIUDq20-mbZfnFNpIOWJJ82LpDQB3HlPtQ3NU5dC-rdOK4VZmXhZzYvlr_yXojKd8A6x1cOFLsFO25wHkEJ-ysxrHQ=s4800-w800-h800"",""https://lh3.googleusercontent.com/grass-cs/ACvplmM6SW9mU1uIJUa7GSOsgNLFjbauZ9lKhl9dWhjSeKQNBvcQgtziQK8AoBNEgOVURs7rTazFEcuT7Wy9MVLxPwu4KpVOVNrsmSFH6t0VHNpmS_C22uHg2uSRT82fD0cT8HUBeRK1zw=s4800-w800-h800"",""https://lh3.googleusercontent.com/grass-cs/ACvplmNLRLPZTaZaVokRjkWeCaEnGcMRiYHQummZgdEoHUadXu79RDz0SOqdrrEHbD6aOLJCm8FrUDI7PX6NBcbD3tWMx6UvGGh0xBbjGl3OvAutQeA4DCe1c1fPWAKNxhYrYwo_Z5jT49CF24Qe=s4800-w800-h800""}","https://maps.google.com/?cid=12156349606250314957&g_mp=Cidnb29nbGUubWFwcy5wbGFjZXMudjEuUGxhY2VzLlNlYXJjaFRleHQQAhgEIAA","[[[690,870],[1050,1290]],[[690,870],[1050,1290]],[[690,870],[1050,1290]],[[690,870],[1050,1290]],[[690,870],[1050,1290]],[[660,870],[1020,1290]],[[660,870],[1020,1290]]]"
"阿叔燒肉","新竹市","24.808279","120.975628","{""燒烤""}","$$$","4.7","新竹市高評價燒烤，Google評分4.7分、累積4220則評論。","{""燒烤"",""高評價"",""人氣""}","03-535-7799","street","付費","{""https://lh3.googleusercontent.com/grass-cs/ACvplmORXvRutprsDbOwHzqbU9h49Q12EuJ40SLhQ6sayAV7iZICF_893IL0CJi3dx4pNMCFcegQ36Cxi0bebno2loq5BTVTQ97l97hKCtrDWzT4mwL1dhPmiWiuUsVqxpgMffoD7qTQ-A=s4800-w800-h800"",""https://lh3.googleusercontent.com/grass-cs/ACvplmPKT81otGFXOQreuk9PV3DkcIjKo8k081Epe-xUYKjx8ULXDS2r372oTXtq0DFA-dXuzaTYUwTy5V-uJxW7pJNHGrH-omRZNJBZ3ft4r6Nj5LphqdWmq40ly1ymChztag7x28k6lw=s4800-w800-h800"",""https://lh3.googleusercontent.com/grass-cs/ACvplmOjfDwGkcBHYdRBasIhQQKGoma_bqzrRQATOTDXJ0qy15W1xSQp8PZQVhn5MYKhNMagfStVIDBz2OR5Qy0YIZKxQLmNzm9PU779RTZEIgE8MoYadAYlrU6LKCkXQlct3Hn-yp4b0M8iiuc=s4800-w800-h800""}","https://maps.google.com/?cid=14429207590052451037&g_mp=Cidnb29nbGUubWFwcy5wbGFjZXMudjEuUGxhY2VzLlNlYXJjaFRleHQQAhgEIAA","[[[660,840],[1020,1380]],[[660,840],[1020,1380]],[[660,840],[1020,1380]],[[660,840],[1020,1380]],[[660,840],[1020,1380]],[[660,840],[1020,1380]],[[660,840],[1020,1380]]]"
"one&one燒肉．iFG遠雄新竹店","新竹市","24.819428","120.969919","{""燒烤"",""室內商場美食""}","$$","4.8","新竹市高評價燒烤，Google評分4.8分、累積3330則評論。","{""燒烤"",""高評價"",""人氣""}","03-542-1233","lot","免費","{""https://lh3.googleusercontent.com/grass-cs/ACvplmNAR2rGoqj3txBPZ9sZGlGF6wZx86JRinReSIytr4iK50ouxYF4YsVkC05SKMq3pBF-eGOiNZbF4rUHrJais2J21LyVzSCtikAXdqT0URvxgbrvPwe3sWK9IZPWnsyuWhWHgDtz=s4800-w800-h800"",""https://lh3.googleusercontent.com/grass-cs/ACvplmOpk7cKxwuPn2TgmbmhndA2Zs9RFh9B6aEUkzkI-2igejPjeplN3j76BS6nX6meN5prnzbbRm8Bndxpyw5GjWx3UeJZPMBVRsF9u74uVHWGOuxaT2xD_UBbjs635tDZTtcQpRB4=s4800-w800-h800"",""https://lh3.googleusercontent.com/grass-cs/ACvplmNwXsaWdsBNsh_rW191Pjh-R2fngUJMgipXU9dXWMLOIMIbC21RNsU4qk708k7Hu7cTQdQth6k35I7bS_TnBCQ7J4QSjGQDOvDTK-OHfarY66MH2iM6xdmErXgDHTQ64zHuFkJWwBExwTA=s4800-w800-h800""}","https://maps.google.com/?cid=8415559774258413226&g_mp=Cidnb29nbGUubWFwcy5wbGFjZXMudjEuUGxhY2VzLlNlYXJjaFRleHQQAhgEIAA","[[[660,1260]],[[660,1260]],[[660,1260]],[[660,1260]],[[660,1260]],[[660,1260]],[[660,1260]]]"
"吃肉肉CHIH ROU ROU燒肉専門店-竹北店","竹北","24.829101","121.017409","{""燒烤""}","$$$","4.6","竹北高評價燒烤，Google評分4.6分、累積3185則評論。","{""燒烤"",""高評價"",""人氣""}","03-657-2226","lot","付費","{""https://lh3.googleusercontent.com/grass-cs/ACvplmMj_c7iiDZynF-q_ytDShflWmwBT3i9etSw-QBf_DttrgcaPLWW2XZ5r0ulYlloArz2OgerKjRF9JhsdDxv3Gm8tNFmcvriZMds9t9vCHxOgKAggSY7vE5PLfGch4fwdjcD5_8u=s4800-w800-h800"",""https://lh3.googleusercontent.com/grass-cs/ACvplmMHes88TY49NbG4o3Aa-LC6xxCfXKZx25P3xP1FkX2zK2Vhybwx9w2cAoNLF0gjZEY1R4X3S7N5iYhrWAFLFbobPkumV7kJCuM8qshMybNVdERPgaAoBsLVC1JORQhXQThcomLt0Q=s4800-w800-h800"",""https://lh3.googleusercontent.com/grass-cs/ACvplmPkcr5yJesdzDhFlTxHqi1F1Z1kaanw6hfDPDudTxcHt_o3Q3KV_e_-g1TR4kn1PysgCHyjm_qW2D8_9ye1I4e5LPwYRYodXJf5BKt7R4aq1QV8s82arxaAtuiCZ3aqZPisScqqIBfbVUQ=s4800-w800-h800""}","https://maps.google.com/?cid=1629567008042397690&g_mp=Cidnb29nbGUubWFwcy5wbGFjZXMudjEuUGxhY2VzLlNlYXJjaFRleHQQAhgEIAA","[[[690,990],[1050,1350]],[[690,990],[1050,1350]],[[690,990],[1050,1350]],[[660,990],[1020,1320]],[[660,990],[1020,1320]],[[660,990],[1020,1320]],[[660,990],[1020,1320]]]"
"隱焱匠｜日式燒肉","竹北","24.824724","121.030318","{""燒烤""}","$$$$","4.9","竹北高評價燒烤，Google評分4.9分、累積1690則評論。","{""燒烤"",""高評價"",""人氣""}","03-657-7632","lot","免費","{""https://lh3.googleusercontent.com/place-photos/AG9NLjDRnXCDo6PF6Iefg82Tsh6yrrOVeb5FPmlYWSd08d3AfnHzh-buF0VAB-1UzyrTSJxitsfHBWujA95_JU0R_yy-adUYrqLADh5-JaK8ij4x3qWhaO0xeXMzpTKAQhJpiDQqgS-brc5coXW6XQ=s4800-w800-h800"",""https://lh3.googleusercontent.com/place-photos/AG9NLjAKY6OWKa0NJhw6560TMsv6TUNVOa-8KV0--qdA1K2bWZH7UISlxLduf6BqpviF0Ux9TlYRr6v_eaTlgBVt6I8T_aCg5eOdaaLsuL3CxJYXmM4tSrIWK1aCeBP5TqIqLnWKLXBN8YgaFMIwd3w=s4800-w800-h800"",""https://lh3.googleusercontent.com/place-photos/AG9NLjCV3dsefTPzp1NIo4hxTzjjm_nt2RLX2UIrb85t7b4ikEEq6swnxNLrUmg88JPLldRWnoshZp5UA14_9ju5_LqcUuGGin-cDr6YALhEoGMO2SLetDLOXIsS2ArtvjnJXRiutaryW9HiaSaD8QNWKCc56w=s4800-w800-h800""}","https://maps.google.com/?cid=8722807153584051895&g_mp=Cidnb29nbGUubWFwcy5wbGFjZXMudjEuUGxhY2VzLlNlYXJjaFRleHQQAhgEIAA","[[],[[1020,1320]],[[1020,1320]],[[1020,1320]],[[1020,1320]],[[1020,1320]],[[1020,1320]]]"
"燒肉モルディブ馬爾地夫新竹本店","新竹市","24.805694","120.961269","{""燒烤""}","$$$","4.9","新竹市高評價燒烤，Google評分4.9分、累積1578則評論。","{""燒烤"",""高評價"",""人氣""}","03-528-0322","lot","付費","{""https://lh3.googleusercontent.com/grass-cs/ACvplmMzsTAalMbkM-Z1VlMcSUTlSTwmgFL0EJMlLKy_IIFQLCNjqnZCF46SaIsu8p_ABIyJ-1fWA6pda5O-kCJlRZzuavQXVoqvqBwVgYVG1Cg1LES40cjhZs1jV4PR2kXJG8YdwoTGDcnwjIrW=s4800-w800-h800"",""https://lh3.googleusercontent.com/grass-cs/ACvplmM6v6OLoRzf1BZKPkNj9lNkHqmpmAgQYjs5iiThnZWd95DMA9hAVTSHxs6DxiKcChj6mvlCfrEB_bhkiVJJXNCB88PZOVBDyunSej6F2ptE60QGRuhiyffexsQEpwS-OsynHi_YGRBlDnQ=s4800-w800-h800"",""https://lh3.googleusercontent.com/grass-cs/ACvplmMpEEXo4a9_CEmrRcT9xGUv_81erX19i9EXrbuwYpmK6lPSDcp9IVeHFd9fjBgj5nhFeWbfo6n5oPXC6ucb0YdKAQLrrneM8rGgTBkne-0O6pIyd5k-NYNqACTFNAlvsYzqMOgi=s4800-w800-h800""}","https://maps.google.com/?cid=9839510562690044598&g_mp=Cidnb29nbGUubWFwcy5wbGFjZXMudjEuUGxhY2VzLlNlYXJjaFRleHQQAhgEIAA","[[[1050,1410]],[[1050,1410]],[[1050,1410]],[[1050,1410]],[[1050,1410]],[[690,900],[1050,1410]],[[690,900],[1050,1410]]]"
"如意麵食館 牛肉麵","新竹市","24.80074","120.98862","{""麵食/小吃""}","$","4.6","新竹市高評價麵食/小吃，Google評分4.6分、累積3242則評論。","{""麵食/小吃"",""高評價"",""人氣""}","03-571-0212","lot","付費","{""https://lh3.googleusercontent.com/place-photos/AG9NLjAcpD-fLj5vxDAMTU_s7hjY91gT7jrLNeUoZ8O0cJZihSmmccgoWk0ONhyid1HD_ywtgt6v5vMB2nu5ybmrJ_pOLZOfUJf_dSdewxk8XH-2eK_heT2deYVZFIzP8sJJygP_fw5X11QahkqzPnWgHqx4=s4800-w800-h800"",""https://lh3.googleusercontent.com/place-photos/AG9NLjDSoMEjeRHxD_Z3kG1LPXLaO3daVVB75XGkmh4QDJnRzGmqvqRFtTY_21w2kiwu4f9HpQKVZbLJt3aCuOud-EhjZJ0bwqf-RyBLrtP4afm2YuAWw3SJfgplDCSbhS9TClDdvr9dKrHd7Bc8YPAVSqOQnA=s4800-w800-h800"",""https://lh3.googleusercontent.com/place-photos/AG9NLjBvYjkNsv5EY44nbOcAVKi8AXUlrlAH6hI7hwZHp8dx4yn04XRrnT-j348gH-wdhX1rMIovYdXr8y-G7R9sE8h4dqND4d1VvJOKsZYgYoPbTyhQyJiHLGDZnhQ1kDOjHtOZZFraI3gErVd4LIGrF3lP=s4800-w800-h800""}","https://maps.google.com/?cid=1142164980494558806&g_mp=Cidnb29nbGUubWFwcy5wbGFjZXMudjEuUGxhY2VzLlNlYXJjaFRleHQQAhgEIAA","[[],[[690,810],[1040,1170]],[[690,810],[1040,1170]],[[690,810],[1040,1170]],[[690,810],[1040,1170]],[[690,810],[1040,1170]],[[690,810],[1040,1170]]]"
"十一街","竹北","24.831492","121.010516","{""麵食/小吃""}","$$","3.9","竹北高評價麵食/小吃，Google評分3.9分、累積8296則評論。","{""麵食/小吃"",""高評價"",""人氣""}","03-553-9368","lot","付費","{""https://lh3.googleusercontent.com/place-photos/AG9NLjAVkvUq4bZ0dlW8umYHieio5G4lOlrd5QO_oBJovUfYKz2FyNuwI-869hqQVKnaX13WZdjbuDZ_dkbNctgirnhjqNGHzYo7sASy2NR52n7MJ2XMskIcOOh9On78TUjYg57yn1FsViV--Rt7hko=s4800-w800-h800"",""https://lh3.googleusercontent.com/place-photos/AG9NLjCWHKl6NChjQs0ipYpWRXjkks0bdOEtvA6jVueOeg54sI1VCuJkZjEzLMt1c70WoJ-f3I716yEe6BOivHMAELeSyHACXM2OAS0UYEZ97UD4byfD2jBCsZSFtT8FxtKMb-QtEdBCbkWWBrqnLb4=s4800-w800-h767"",""https://lh3.googleusercontent.com/place-photos/AG9NLjBH4dRx4LZaUnymTvHEN7UM-e8mccoiVvWEvM5RLnenlgPpYmKMw39MffkeiVSDI0EOWpKcrK6CAXfcYpN8SdmiUhZtCDO7kUhml10nzDqagIwOdOxwfgehV0KfiC6Obtrpjnegbbwjj6R5dFwm4eTM4g=s4800-w800-h800""}","https://maps.google.com/?cid=10248529420262083682&g_mp=Cidnb29nbGUubWFwcy5wbGFjZXMudjEuUGxhY2VzLlNlYXJjaFRleHQQAhgEIAA","[[[630,1230]],[[630,1230]],[[630,1230]],[[630,1230]],[[630,1230]],[[630,1230]],[[630,1230]]]"
"被耽誤的炒麵店","新竹市","24.805015","120.968823","{""麵食/小吃""}","$$","4.7","新竹市高評價麵食/小吃，Google評分4.7分、累積1703則評論。","{""麵食/小吃"",""高評價"",""人氣""}","03-528-5482","unknown","","{""https://lh3.googleusercontent.com/place-photos/AG9NLjDzhUL5D21WAPh84pRvSbFqwOGutmHB892vDwBa3E2iBlIDAih9hl9WDUaMjdX9aWXW2ZOr__QwNgGM68KolDyTMcNqLpM7JtL3JJboiTEz8wYVngI2gid4YSJ10EmU7_W7Gz_p_XzVBa_Eew=s4800-w800-h800"",""https://lh3.googleusercontent.com/place-photos/AG9NLjDBfPjvaTj3M_08_JQQw2sLYFYRV58dFr7yvmt5VPSuueiUpDKLzBgtr8K_4kIyV8ZM58GVAr7o4Z4QAmqP_lmwkgcNxHTGFbuqJKzcqqXZI5b4yeP0jWlODcOlwXfeAveCWhGMUtquq7Yx7WEaxDlo=s4800-w800-h800"",""https://lh3.googleusercontent.com/place-photos/AG9NLjB7aQ3y3shPPNdv3sE7eG0f6M42M2sygOzNJyN4LGb-FIkC0xfCMgeWfM2zr7dSGYBY-pZjKFef3LXhT2sX09bgD3baQ5pgx10gbtlSzZ_Em2DNYX6flhREtBNBgLqUVQcdxC1B-3wvNSuVnMgPVxIU2Q=s4800-w800-h800""}","https://maps.google.com/?cid=9884841341407169148&g_mp=Cidnb29nbGUubWFwcy5wbGFjZXMudjEuUGxhY2VzLlNlYXJjaFRleHQQAhgEIAA","[[[660,1260]],[[660,1260]],[[660,1260]],[[660,1260]],[[660,1260]],[[660,1260]],[[660,1260]]]"
"公園黑乾麵","新竹市","24.802662","120.980532","{""麵食/小吃""}","$","4.1","新竹市高評價麵食/小吃，Google評分4.1分、累積2954則評論。","{""麵食/小吃"",""高評價"",""人氣""}","03-562-2527","lot","付費","{""https://lh3.googleusercontent.com/place-photos/AG9NLjCcj_cb_2mUULwXjtqNb_tJxpiQZ2yTV0FUHQtgvEh0bQ613-nTxZ3Rino9A0TafzZjoucPIFiIZ9ViHrNdRu7Eb_AcZdQNcxTFVamAe3PETS6u82-EpOvVjgu6ZMlJE-zdlsGGVEODlEhv=s4800-w800-h800"",""https://lh3.googleusercontent.com/place-photos/AG9NLjD-v1DGcs_z3jts0TP63AjecfbkhjCKXorEbt7Gy84IJRYviQIR-IGUy_jhYcLNZn4y9I3RkykOvRuhWTQoqR8KvcPKaPtxZlAwzUtQe3JzJKt1xn8XNHVEr-qvWQlOz0cvqq1jsg5lcM4mbA=s4800-w800-h800"",""https://lh3.googleusercontent.com/place-photos/AG9NLjCA6xFbaleQ_rcf-K5PFbHfNlqFVFCXwaki13l16sqJtK2WD94-gXg3LZP8E2RiPCcgm125abXwM8i_-WEN9Fvt5omLQwvE03TvOdpi1ZpaSIp9tXC-waeDitw_I2laCtE25z6_w1rM2EEvY84C7IokPg=s4800-w800-h800""}","https://maps.google.com/?cid=14028272823269904482&g_mp=Cidnb29nbGUubWFwcy5wbGFjZXMudjEuUGxhY2VzLlNlYXJjaFRleHQQAhgEIAA","[[[360,1200]],[[360,1200]],[[360,1200]],[[360,1200]],[[360,1200]],[[360,1200]],[[360,1200]]]"
"阿香小吃","新竹市","24.811449","120.956045","{""麵食/小吃""}","$","4.3","新竹市高評價麵食/小吃，Google評分4.3分、累積1855則評論。","{""麵食/小吃"",""高評價"",""人氣""}","03-522-7743","lot","付費","{""https://lh3.googleusercontent.com/place-photos/AG9NLjBHCBPDws7rXg8hP226rTLpwQoAsgQHUXvLrtQ2kfXRn0n8ezTAN-EtRXF5lHSYRFD1saYkBSlqvSqsVK58BIHrjtIYH_p_PZhTCRcB-Si1-GV_cJYZoR3PkejTzEnkUtBhaIeH1mHv3op_ajU=s4800-w800-h800"",""https://lh3.googleusercontent.com/place-photos/AG9NLjD9ib-KTfy2MXrx7PfUCH4VU7MzgrhPkinEUL3hsTGUbWk4cE3d6Sy1rIPAt8-ouFiI5p3ZRNAqFglO1liqcFvkTvSIWHMZmz0Fsv_ov6yb5cqg1D5f87PjFPk3TuscCsi0_jU2IOY7B4Q4hHXSPefO=s4800-w800-h800"",""https://lh3.googleusercontent.com/place-photos/AG9NLjCL7A4b3nS3Lpq0awo8vUbJHFA5zqlUh4FKTRl6J0ehKjrYFb-47FuXFxK46P2W6rxQ9n4gBc8L209A3lzuzYMFsvp14sX4Ogra7xx_F8yidogYOVOEPRFvVY_89s4hHyhLRjtJ_t11QP6s3fED2L1FtQ=s4800-w800-h800""}","https://maps.google.com/?cid=8526602000433004474&g_mp=Cidnb29nbGUubWFwcy5wbGFjZXMudjEuUGxhY2VzLlNlYXJjaFRleHQQAhgEIAA","[[[360,1240]],[[360,1240]],[[360,1240]],[[360,1240]],[[360,1240]],[[360,1240]],[[360,1240]]]"
"楊家意麵","新竹市","24.805155","120.955447","{""麵食/小吃""}","$","4","新竹市高評價麵食/小吃，Google評分4分、累積1992則評論。","{""麵食/小吃"",""高評價"",""人氣""}","","none","","{""https://lh3.googleusercontent.com/place-photos/AG9NLjDu57DaKjhqq9wyWwZHHUOJjRG_DKla2wEilegKWYKdfWtRiaGtr_2Gm80pI0MjHrRxz6K2cC3Uj2WouU5NYkLYWeTRswiPR8kO-ApbNECe5i_TpsMhqS7V1Ng6ojsecysl3Rej4kIfjNEIdJ8=s4800-w800-h800"",""https://lh3.googleusercontent.com/place-photos/AG9NLjAOjB_qikh8EEWSCTRVdar_aApVMB7VS9e1_Mpi0lp3o69uWfmAOcNbhH6Im6GHvcSBhsDVuGSwzGA9lQpYnVmq0zfatVbb5mCONlMymurJZYHZ4JYe7hL-sr05h-KtDEAH7YWjXU5xZuz2fA=s4800-w800-h800"",""https://lh3.googleusercontent.com/place-photos/AG9NLjCiUJcpK3B3vQBtP4wHFeMNW480J2zdiMxpDbTja2nzSKaXuqBXCAYvpIu8QGuabJghb5khFn3CXbQR4O4YXnLJ65M2EMExitMOe90MQBw8kXzWg5UyHc4lYn-aA8Ud-JjYXACpycxdPCLDITs7he8lgQ=s4800-w800-h800""}","https://maps.google.com/?cid=15342214664994541710&g_mp=Cidnb29nbGUubWFwcy5wbGFjZXMudjEuUGxhY2VzLlNlYXJjaFRleHQQAhgEIAA","[[[660,1200]],[[660,1200]],[[660,1200]],[[660,1200]],[[660,1200]],[[660,1200]],[]]"
"家禾手作麵食館 縣政店","竹北","24.829804","121.008808","{""麵食/小吃""}","$","4.1","竹北高評價麵食/小吃，Google評分4.1分、累積1635則評論。","{""麵食/小吃"",""高評價"",""人氣""}","03-558-5699","lot","免費","{""https://lh3.googleusercontent.com/grass-cs/ACvplmO8Te-cAOnYLX5iZBtrFDbJSRfaT-HW2RffKPQvgckXw6dSvBGQm9-lCTeNv5snbIcslFQCxhcSgGs24odsYOkJ-Omx0UVQAnYmcIel54u_uKmPmF10AQPMLtSZpa-M7fql2FMpDg=s4800-w800-h800"",""https://lh3.googleusercontent.com/grass-cs/ACvplmNDncjMZzdVv0meYwxDvp1-bIwo4pWWMpQx1vdv6Uv0peAzIZ-UwfCRVgAQsR5keyJSiP1J28B_UVoPcXrvdlDaAjWzF30N3Qh0A8-cKVtlJwvarAXixQHDH_B1BWXWtlcbUir3PA=s4800-w800-h800"",""https://lh3.googleusercontent.com/grass-cs/ACvplmP9RWIow1dWBAcBhiCzix_THM9wPwTJAZ50mhtOSmJjS089aB4yIgSPJNRzPMYpX37S4iNBwWQnnJwsmWSZSC59ctiukHm3bVC5_ipWW8Tv7sRjvYXgsvW3kQLYMYfB7lGvier_twTruFSe=s4800-w800-h800""}","https://maps.google.com/?cid=11848024530971901446&g_mp=Cidnb29nbGUubWFwcy5wbGFjZXMudjEuUGxhY2VzLlNlYXJjaFRleHQQAhgEIAA","[[[660,1220]],[[660,1220]],[[660,1220]],[[660,1220]],[[660,1220]],[[660,1220]],[[660,1220]]]"
"姥夥房-竹北鹿場店","竹北","24.815379","121.021679","{""麵食/小吃""}","$$","4.5","竹北高評價麵食/小吃，Google評分4.5分、累積774則評論。","{""麵食/小吃"",""高評價"",""人氣""}","03-622-0099","lot","付費","{""https://lh3.googleusercontent.com/place-photos/AG9NLjDoawC4pSfSAVXpkj8Ba3eWcJXQoV2BtWRuHtI7Iwv0xTkc_9-8DeyNHlfSfwU2PLGWoZ0dfU6FUy5oOfixvOlksE1BwMbX_ptTRFF1ZnF-wizPWuwhCyaAKK8HLthVdUf3MnUrFaAZ5yCVdQ=s4800-w800-h800"",""https://lh3.googleusercontent.com/place-photos/AG9NLjAcKQDnDQQC_QMS9EYbYyX7gRu7vNhIxMHpqhZiu5E-LwbwYvo_36eMt2XEvZi9ZYcB6Ca1cTT_JrBIGYkxQVvhZGb8vS2IXVhimYeV40GyQPPAiHyUjggvJn0qqEXLAnnz3In6yL-02QH2oYU=s4800-w800-h800"",""https://lh3.googleusercontent.com/place-photos/AG9NLjDG0JqSmypfcfC4Vv8uW9nqzWRydjkM_6VNc0JpeiIiItlzRAGvooBq1rMDExS5OuuO18LOODdSJDZ3n_qHRtLH1sVd4m0Pbp84uCgKPLdLFBUFS9zA31Ib3mQxTy4obEe1ZEesK3TMOF3cHeL-IFF3iA=s4800-w800-h800""}","https://maps.google.com/?cid=13934804326067768783&g_mp=Cidnb29nbGUubWFwcy5wbGFjZXMudjEuUGxhY2VzLlNlYXJjaFRleHQQAhgEIAA","[[[690,1230]],[[690,1230]],[[690,1230]],[[690,1230]],[[690,1230]],[[690,1230]],[[690,1230]]]"
"双龍麵館","新竹市","24.788847","120.966746","{""麵食/小吃""}","$","4.8","新竹市高評價麵食/小吃，Google評分4.8分、累積448則評論。","{""麵食/小吃"",""高評價"",""人氣""}","03-561-0298","unknown","","{""https://lh3.googleusercontent.com/place-photos/AG9NLjAo_8hW80w8v-wpkXAYQ4Jht9wTe4S1gzKij6t09Eg8YPgfWDczehKtlpEt9o5th0YHw03-sOY9ord4BpyvqAVBKWbsri20cv2W5TIGaO_DmXVMOgFTK5EkyQ9e0DH-u6XOsWi2cLV0YTYwGQ=s4800-w800-h800"",""https://lh3.googleusercontent.com/place-photos/AG9NLjDPNvGtSXytkrZDbxaxQrwP-txzRj17nOwgdxvhl_RLMo2EtzD1O8ZA0ufRwY99ocf2wX_mXqAinfVl7CaJpWWhcOpOwlimh3fa88n7Y68Llcll36yhwgS-ggGwbWOIrOun3FHiURT9AzKVq4I=s4800-w800-h800"",""https://lh3.googleusercontent.com/place-photos/AG9NLjD5aLjoTCUFiL4pe_3wpWpfPQ8ICTdq4vSEc-v29m1RGLA9fWxOKbYgkZPpmnqaTPSXJ0JjN7bZ2Pr9i1xs6izIkzBu4_bjqUNwZHcCm54zvZFpUE3dGmt15y77NeHoHsSxIrTd94NYgiMJDw3Th0jo=s4800-w800-h800""}","https://maps.google.com/?cid=11309909309282421025&g_mp=Cidnb29nbGUubWFwcy5wbGFjZXMudjEuUGxhY2VzLlNlYXJjaFRleHQQAhgEIAA","[[[660,840],[1020,1260]],[[660,840],[1020,1260]],[[660,840],[1020,1260]],[],[[660,840],[1020,1260]],[[660,840],[1020,1260]],[[660,840],[1020,1260]]]"
"唐草園精緻麵食TANG TSAO YUAN","竹北","24.820223","121.009389","{""麵食/小吃""}","$$","4.4","竹北高評價麵食/小吃，Google評分4.4分、累積759則評論。","{""麵食/小吃"",""高評價"",""人氣""}","03-657-0068","lot","免費","{""https://lh3.googleusercontent.com/grass-cs/ACvplmMRgUOLc5Lx4nFKdwMoh5EeAlyem1UsYF5cVmkFZie1EUZjB7_GVb2qyQYdmaxyX8WQZUOEzfvDVMFPtbf4-do26_qM5dtTl1XqzW3iYoEeCEMwAyzckRpJadnbAXlE_lcEcELA=s4800-w800-h620"",""https://lh3.googleusercontent.com/grass-cs/ACvplmMwB0MwIjL29j5kv7y7XZPk7QEF0wYg5aLy7rrb6sVDBGMVxzS9j55ddz8aRYAZ7taQ3nnbJjS2fafNqq0ZBTezxp9k3k7VFWMPCOD0rgzOE9G8GZQHMV3IkGn9RtdseX4svllELgihj50=s4800-w800-h800"",""https://lh3.googleusercontent.com/grass-cs/ACvplmMAVhAVi5HIdyTBzrHvQyKs8nhz_ozpJnEmLLSiEnv-tqvnZT0Hd9Cm11q_s1EiebHFaJCOoWXfQCD3-BnbtopBBCyVQgH6Iy_n9mwhbYxKuXIjh_bs6dINAqyh9y4y2vdTuFRB=s4800-w800-h800""}","https://maps.google.com/?cid=7137768334530396831&g_mp=Cidnb29nbGUubWFwcy5wbGFjZXMudjEuUGxhY2VzLlNlYXJjaFRleHQQAhgEIAA","[[[660,870],[1020,1230]],[[660,870],[1020,1230]],[],[[660,870],[1020,1230]],[[660,870],[1020,1230]],[[660,870],[1020,1230]],[[660,870],[1020,1230]]]"
"岩漿漢方麻辣火鍋-新竹經國店","新竹市","24.813699","120.96791","{""火鍋/鍋物""}","$$","4.8","新竹市高評價火鍋/鍋物，Google評分4.8分、累積5228則評論。","{""火鍋/鍋物"",""高評價"",""人氣""}","03-535-7618","lot","免費","{""https://lh3.googleusercontent.com/grass-cs/ACvplmPxTt3FjKKy4WWHNQyX6c2fNMe6lnlqTOBTupJ7CsyPv1y2LdDuy_yOm2JsVTsRbhNsl8o3mEV1Ky0tcXQkyvTl7BR2pcgJDRzBZLwfSvyMW3mS5Aj37049Z_d5kV6dJDID09AP=s4800-w800-h624"",""https://lh3.googleusercontent.com/grass-cs/ACvplmOG3ZJ7_au4B9CNBOixy05kZthMdKczKn5hRVwTJACDP7HTM4wxbJJllM2yi660AYHoNJv6KFwOJJc94BpM7CEuf7L0wbSOwiCD_t3pnfZLQk6a0N6i49s7POhPBK8IJAptiZ8k8cAWESQ=s4800-w800-h800"",""https://lh3.googleusercontent.com/grass-cs/ACvplmOAOTLHqivrSTmPyewafhCjh9IvWyCUD0-Ygi81vFhQ7THj8yTGY4HiUe6MJDLnAhS7tAQYo6pXRpHIcfhzao-uMDFovwJoKTWJl79R9Da_KPJ8eq9MoLTTZj2W4TseAMq6dLl6C5NgLIU=s4800-w800-h800""}","https://maps.google.com/?cid=5830491109114114490&g_mp=Cidnb29nbGUubWFwcy5wbGFjZXMudjEuUGxhY2VzLlNlYXJjaFRleHQQAhgEIAA","[[[660,1620]],[[660,1620]],[[660,1620]],[[660,1620]],[[660,1620]],[[660,1620]],[[660,1620]]]"
"青花驕麻辣鍋 竹北光明店","竹北","24.827176","121.008956","{""火鍋/鍋物""}","$$","4.9","竹北高評價火鍋/鍋物，Google評分4.9分、累積3696則評論。","{""火鍋/鍋物"",""高評價"",""人氣""}","03-558-8278","lot","付費","{""https://lh3.googleusercontent.com/place-photos/AG9NLjBAU0aBOuK8TgDcBx2nIm0Tw1cGFRVAVhoAwmrCP_TdyTAvH4nCik0LaJKnBB-G2NhcNMS2Iyb-oT7f18KbTKw14R3wUrqxs0menDnhCNnjN0pS_lu4HXd-b6pZY89hvHJDGzEdK4c4x14DtVuKJ8_W=s4800-w800-h800"",""https://lh3.googleusercontent.com/place-photos/AG9NLjATp_3JZxNdgGq1gJD9N8RFV6ew7df25Y1A4CUCeKG9UatVPKF861basu8wEjG3bLtEERDXAoadERMIS5fqFW6TZEJORsCBwYumwK41udt-nb19X7J0S37Z66JM3sgYEYxuCrBLXKpQdTUPvV3K49pp=s4800-w800-h800"",""https://lh3.googleusercontent.com/place-photos/AG9NLjBtVSq5skUU8SoMvkCJiHW8L91c01GPVgydlgHbc1pzoGoNRMWMzfrSkjaD8pGfZ8YANqVbYZvSq9IgFcgFK1DBorkmrUSEGG3DDoBA5gotLr-mAueDGjx6Hc-TY4_nFcz_q4suFape0SBss8b1BJuEvA=s4800-w800-h800""}","https://maps.google.com/?cid=12081255424339979537&g_mp=Cidnb29nbGUubWFwcy5wbGFjZXMudjEuUGxhY2VzLlNlYXJjaFRleHQQAhgEIAA","[[[690,1500]],[[690,1500]],[[690,1500]],[[690,1500]],[[690,1500]],[[660,1500]],[[660,1500]]]"
"涮樂和牛鍋物 食べ放題 第一品牌-新竹經國店","新竹市","24.813609","120.968496","{""火鍋/鍋物"",""日式料理"",""吃到飽""}","$$","4.8","新竹市高評價火鍋/鍋物，Google評分4.8分、累積4011則評論。","{""火鍋/鍋物"",""高評價"",""人氣""}","03-531-0373","lot","免費","{""https://lh3.googleusercontent.com/grass-cs/ACvplmOZPyM5kb4Fm7IhCt6ZkLxsLfP3gk4S8adGFm2F66OPfeQr154-49TOGSL6WeajyhgM3SU_9kvk0WPuGORolrR3kdmlCKM1MSBiep6Q9g3dXO7u1QtGQLAa4Tg5RNnqpWeCg2W8Whaif0ke=s4800-w800-h800"",""https://lh3.googleusercontent.com/grass-cs/ACvplmO2gsj3sfbcbYGrgpoDABIWQpsRxihDc1kgJt42nMf9p6kafwxo8btIZHrg9zpu6T8ghHrUeCzrBujV0qlioOkGK8FKw-m_pS7MdWuTKqJmcQVWaQG_3F3zpNTni2tcvL1MnaZ5=s4800-w800-h800"",""https://lh3.googleusercontent.com/grass-cs/ACvplmOWIP5Ydmr0hTdInIj7sSefu41iH9RAZ7e28xVdRLWOuu-5nXjznBfLe-xQ1hSq7_QKishz6vAOkkSIt_HzXKCAArFasBaO7Hprso1f2eQBUhmuguMY3jAKEeROW-Pgla_8pDcRfVl0e8g=s4800-w800-h800""}","https://maps.google.com/?cid=16634813722011584759&g_mp=Cidnb29nbGUubWFwcy5wbGFjZXMudjEuUGxhY2VzLlNlYXJjaFRleHQQAhgEIAA","[[[660,1320]],[[660,1320]],[[660,1320]],[[660,1320]],[[660,1320]],[[660,1320]],[[660,1320]]]"
"石憶食鍋","新竹市","24.802334","120.990779","{""火鍋/鍋物""}","$$","4.9","新竹市高評價火鍋/鍋物，Google評分4.9分、累積3327則評論。","{""火鍋/鍋物"",""高評價"",""人氣""}","03-515-3785","lot","免費","{""https://lh3.googleusercontent.com/place-photos/AG9NLjC6xmaAmF0I8fqlFTFUsEa1dDxCv9bOugQwrP15Q4y-jC-n_56I2N8j7a2Ca8y8nke-K3uCWOsvUDlFEhir6rQJprSll9E5WDbAfobvfCYVygWA_axILByqbfKT29jFNv7t-zGsLEBFYz6zBf8=s4800-w800-h800"",""https://lh3.googleusercontent.com/place-photos/AG9NLjB9N3jHjbVuwYxHZZv5g_HGeTiuZL7Zw3RmAqJgYVGZuY_tbRVe1oCcKTKiWIck8lA8j5FavD_uA0_0OiEmY9NJkQogFmDd4L47-5_pIF44TxSKPafgx0UAwTgONqR28ExSfKz3GwXxyjMPqKz4lXz6LA=s4800-w800-h800"",""https://lh3.googleusercontent.com/place-photos/AG9NLjAanfXdfR7QBLUdelfm7YYOrI6kRjKbfwnYzDZBul4XIyKd7B0HKqL6MY0o6c0S1lYfcjpVMSjbNH1sW-42DmIMSoEx2CDIwgMFE3I0h0X7UnEd4Fs-pfemdDdShQSCpn2faH9KwxGuqw3SOnKb5Xjq=s4800-w800-h800""}","https://maps.google.com/?cid=17253378278286924609&g_mp=Cidnb29nbGUubWFwcy5wbGFjZXMudjEuUGxhY2VzLlNlYXJjaFRleHQQAhgEIAA","[[[660,870],[1020,1320]],[[660,870],[1020,1320]],[[660,870],[1020,1320]],[[660,870],[1020,1320]],[[660,870],[1020,1320]],[[660,1320]],[[660,1320]]]"
"真涮吃到飽新竹北大店","新竹市","24.802769","120.960359","{""火鍋/鍋物""}","$$","4.7","新竹市高評價火鍋/鍋物，Google評分4.7分、累積4013則評論。","{""火鍋/鍋物"",""高評價"",""人氣""}","03-522-5990","street","付費","{""https://lh3.googleusercontent.com/place-photos/AG9NLjB5RqjtM9egq9FUEDwDEp9AYQ6PZDI0k7rjPi26BYFyCfnHhKcd2TBv8SLHXqPIx4haywZ5713E-IzirglsihPPvv0g7D5hEqIaW1JC9P47QAiMHnqBjFz-MnRvmGMNIF7a9MXpD6SCQ2vhdw=s4800-w800-h720"",""https://lh3.googleusercontent.com/place-photos/AG9NLjAqBYPxL-bHD6H5XN__ZCqfP2KydrwKTOqCaSZ3KTR1P3-WRm0dtfGPw_608uqyYNz2hztfqXksWmPxxg9BVSRaIVBdGkqDGSC38xi7dISyMl-phpmL9mfwRVeu7dgHCFHYkmvCwXcw7oRUafGK8nNmQQ=s4800-w800-h800"",""https://lh3.googleusercontent.com/place-photos/AG9NLjCsy8hPFRZwlcsgalL04xx8yNUuIYNHrd-LlIw-taeya_LGjDkEYpAG6OHuQbxdj7qcROCC7_xcNw5Bm68n8tB5BYexhZvkr4cILhJyYf9iUZCB4L5NFMF0TxWqBFGnQFRw7r9Ngj8AIeUcBck=s4800-w800-h755""}","https://maps.google.com/?cid=1574548490565340572&g_mp=Cidnb29nbGUubWFwcy5wbGFjZXMudjEuUGxhY2VzLlNlYXJjaFRleHQQAhgEIAA","[[[690,1380]],[[690,1380]],[[690,1380]],[[690,1380]],[[690,1380]],[[690,1380]],[[690,1380]]]"
"熊本鍋物 南大店","新竹市","24.794734","120.964888","{""火鍋/鍋物""}","$$","4.7","新竹市高評價火鍋/鍋物，Google評分4.7分、累積3551則評論。","{""火鍋/鍋物"",""高評價"",""人氣""}","03-562-1239","street","付費","{""https://lh3.googleusercontent.com/grass-cs/ACvplmMmWwPNVSWXTiZ3ofIOKc00t_4da8N2W5DEyqQgpsZbPwIJMc4zmutD7lvzODKRlYBpzCtDXCpgqURzBNgDH8XAEBX5AgJ7jpNSW8H-x71JXpXQunagNoXuGiSKDBPYJA4WRUc=s4800-w800-h800"",""https://lh3.googleusercontent.com/grass-cs/ACvplmNAl1wIgzSjiNdTKZS65NO9zYVnzdOwDw7nE_sYhccRnrEMh9NIVMsY5BXAjpGdNl9YSvqswRrlDFkw8nWKhBwgf4uwrgkHI9MunFPA0wRH5y58UWx5ciB-tEiU9u4w9nk1dZZyYw=s4800-w800-h800"",""https://lh3.googleusercontent.com/grass-cs/ACvplmNKDPtzsGZRicbxchrR44_BpKFmd8U58R6FRrED3tKxAFJCBOxEuhh32krMj3ybHuJ-OXuGisOqmdUuUUR6mANmPWAeHJg7eviJSjCSO8HEqFRF85OSJMxSC0hCBeG5pxzBJoIq=s4800-w800-h700""}","https://maps.google.com/?cid=9399992283360138844&g_mp=Cidnb29nbGUubWFwcy5wbGFjZXMudjEuUGxhY2VzLlNlYXJjaFRleHQQAhgEIAA","[[[660,1620]],[[660,1620]],[[660,1620]],[[660,1620]],[[660,1620]],[[660,1620]],[[660,1620]]]"
"築間幸福鍋物 火烤雙饗 竹北享平方店","竹北","24.818891","121.027159","{""火鍋/鍋物"",""室內商場美食""}","$$","4.9","竹北高評價火鍋/鍋物，Google評分4.9分、累積2245則評論。","{""火鍋/鍋物"",""高評價"",""人氣""}","03-658-0228","lot","付費","{""https://lh3.googleusercontent.com/place-photos/AG9NLjA3edNrqoqZGZ66YWCj-ePJTsPU401OHeXJZjMoMBbRPPcl772wsrvyKjuKB3bfAoe9pWoulvYFI_6457B0nNqhhiHTDkKrVPvh_vgPq7J8FXvwTl376QiboM__An3CFGYqY1M5-EJc4l733k0EQ9yG=s4800-w800-h800"",""https://lh3.googleusercontent.com/place-photos/AG9NLjAcW7v68PbWgPf2YTw7_Quss1CcnPZeSD68w3aUuKgfX6qdmyBwVB43NqPw-58ZOkgbMLxsr-1Vf3-AEgnaZZPpBKGshCYMZvKmoUKVcliE-xx775li8vkODaq8OVygu-JEoQW3X2bqeiMgaA=s4800-w800-h800"",""https://lh3.googleusercontent.com/place-photos/AG9NLjDp_Fq0J7BXSH9D1X9rvN7oLPcXFc9D3ZCYKNo4qLOZKWAGnqfCJHhBeypqYpmw3wQKUhlz5R32hziyv0nC8Wud_CRs6En0PGFa6AW-mVCWGDbImpoJmzr6VR9TpJDoYFyTqiQ6JHagIGeqdyR4aZwo=s4800-w800-h800""}","https://maps.google.com/?cid=8580662838897706086&g_mp=Cidnb29nbGUubWFwcy5wbGFjZXMudjEuUGxhY2VzLlNlYXJjaFRleHQQAhgEIAA","[[[660,1290]],[[660,1290]],[[660,1290]],[[660,1290]],[[660,1320]],[[660,1320]],[[660,1290]]]"
"泰飽爺 泰式平價料理 新竹水田創始店 新竹平價美食 新竹泰式料理 北區美食 北區餐廳 北區泰式料理","新竹市","24.816511","120.968776","{""泰式料理""}","$$","4.5","新竹市高評價泰式料理，Google評分4.5分、累積1736則評論。","{""泰式料理"",""高評價"",""人氣""}","03-535-1999","lot","免費","{""https://lh3.googleusercontent.com/grass-cs/ACvplmMNgRxQRhOTzo1BZIEE9_gFHpZMiS7XW01NA2EToe1TeU92z-a6Vg9FiXW5M9PTucNv1XjoiKthWZLa27x3kn069nk4eqbA1OfXygc5NGZm1r55tQSvk5yeWp_Q7sZzefOFdfdTdQ=s4800-w800-h800"",""https://lh3.googleusercontent.com/grass-cs/ACvplmN_vwpD52F2LIuhJMqS1svMJkbYg9FA4W_SgVLJ1LG6aCI960jh83aVlUnyu9YIuAeIGJiXC3FrRC-ww7cazmhpH45Rw71_HGmLrjBUrdu09S-T-2fMu-4qSywuXE869p-v9fog=s4800-w730-h441"",""https://lh3.googleusercontent.com/grass-cs/ACvplmM3tigejAyx3qgw2wd7D6Cm3XsuArSsOywQ6c182WOjYIHUbBztSsZuCsTTWzm89J0Fcey7-UJYlbGxKw40QVVVaAn8Rz1QcakNA_aK2YBEeILFOi0Qb27xhJyIUSnc8wr3LllQ1kW6SE0=s4800-w800-h800""}","https://maps.google.com/?cid=16382756826647257026&g_mp=Cidnb29nbGUubWFwcy5wbGFjZXMudjEuUGxhY2VzLlNlYXJjaFRleHQQAhgEIAA","[[[660,1260]],[[660,1260]],[[660,1260]],[[660,1260]],[[660,1290]],[[660,1320]],[[660,1290]]]"
"泰速泰式料理 竹科店","新竹市","24.776932","121.021824","{""泰式料理""}","$","4.6","新竹市高評價泰式料理，Google評分4.6分、累積1469則評論。","{""泰式料理"",""高評價"",""人氣""}","03-666-1114","street","付費","{""https://lh3.googleusercontent.com/grass-cs/ACvplmM5H0Y1dqYx32GWnL7VVHevBd5OM5rYhdMWG5ox5ZPNOqCB9Ao-Eg2y9bZNdBapGHm4TZO67M2b9CfG-b542pTTVM-W-CtBzuSluBLhPm_rZzdStnJDLYixIAN9z3Ir_IM94FIN=s4800-w800-h800"",""https://lh3.googleusercontent.com/grass-cs/ACvplmOKEW4pe76kH0vi9etVJ8GncJYJoTK_5kplLELb4C5HfMBMc914odKLRwlVyj2BmhdXjXQZylm1F4Ct0RezanCkj8V97kXCmOkGqyKkTI1XorRHbY-a2i2OM8-v2mkAV-o5eq4=s4800-w800-h720"",""https://lh3.googleusercontent.com/grass-cs/ACvplmNi6MnRzFZWf9xaom1rnmEWSAfqyqYVhl62qlpgNnuzLHgpDZxDy__ywpcrXvu1sAFIrFeT_sIAMhRrLnMkADx45sVNRHtSM7ctEtcR1FyRHvBOGbp0gIUFG7YpphcwbRS18MOnp0BWlCo=s4800-w800-h800""}","https://maps.google.com/?cid=5555877036173543326&g_mp=Cidnb29nbGUubWFwcy5wbGFjZXMudjEuUGxhY2VzLlNlYXJjaFRleHQQAhgEIAA","[[[660,1260]],[[660,1260]],[[660,1260]],[[660,1260]],[[660,1260]],[[660,1200]],[[660,1230]]]"
"泰銷魂-新竹三民店","新竹市","24.808246","120.975732","{""泰式料理""}","$$","4.7","新竹市高評價泰式料理，Google評分4.7分、累積1078則評論。","{""泰式料理"",""高評價"",""人氣""}","03-515-2392","street","付費","{""https://lh3.googleusercontent.com/place-photos/AG9NLjCL6j5mjgdIeEulUWS28C_Ca1rGId9xQzSJLOjCBFRIF9XsiflcHp0aNyUS8jno3upydL0LxwQTq0Gizb49aMZMAvYCs2VlMEVMZvD7brvTlYDFrorfmnAYeMs8SCgrgYdoAQo-DBvbr0Hm-Po=s4800-w800-h750"",""https://lh3.googleusercontent.com/place-photos/AG9NLjB40bFNgqxF7cZ1mEDG0qb_u8tysefm68sA3ORsxIEO7FlImdhMUyyzCAgE05Etrjxfz4Nzac2JsdBqZnFeFDjLZKeIkxEk363_zA-ZwaT4xn7hHssrpT2WyXqoSdwauUdt1CozWipTC6RRAQ=s4800-w800-h800"",""https://lh3.googleusercontent.com/place-photos/AG9NLjDPM5fuZdhNdOy5XpfYwqSrpsBG2uSLeTdZzdO14iQSIcVNrArjqBubRtaFVHWjQLvyY3D0rBa7HvNoi6bUqnwv7OfTXgCNIPjNWEkpaN_f8vnoAHuMobm0HIgTpuiCB8-ceUqPZ2abKeiBgPnNjQli6A=s4800-w800-h800""}","https://maps.google.com/?cid=1267548980989062346&g_mp=Cidnb29nbGUubWFwcy5wbGFjZXMudjEuUGxhY2VzLlNlYXJjaFRleHQQAhgEIAA","[[[660,840],[1050,1260]],[[660,840],[1050,1260]],[[660,840],[1050,1260]],[[660,840],[1050,1260]],[[660,840],[1050,1260]],[[690,870],[1050,1260]],[[690,870],[1050,1260]]]"
"無店家料理/深夜烤魚-總店 - 新竹 東區 宵夜餐廳推薦 深夜烤魚首選 新竹美食好評 新竹熱門人氣海鮮料理 高CP值魚料理 海鮮餐廳 必吃烤魚外帶 烤蝦外送 在地美食 小酌聚會","新竹市","24.809206","120.976038","{""泰式料理""}","$$","4.8","新竹市高評價泰式料理，Google評分4.8分、累積859則評論。","{""泰式料理"",""高評價"",""人氣""}","0931-539-431","lot","付費","{""https://lh3.googleusercontent.com/grass-cs/ACvplmP-EQSFsbmrDgEa02TJb6ERkCnAKpVsF2dODLM36m43skBUIGSy-VJblNFhPNPmkox5s5Yp780Vr181JR4SaFHk5iMbxbL3uAiDuJwfOJQouvrLiXK3_ytkI-F_xQsVa8zN9b1X8iXPziiV=s4800-w800-h800"",""https://lh3.googleusercontent.com/grass-cs/ACvplmPHwAE1M1mBWqEnjHko0xc5luMoyMcVn7g5PIBdhVXE4YY1MuvLpriQxOzZQ7VjUscH6LxeREunVG9jw8p7Wz4RNbhsVLCnu5XG53nV_n_NMgk9lAt-56SKnK6VmcttBz7C9iL6=s4800-w800-h800"",""https://lh3.googleusercontent.com/grass-cs/ACvplmOwixBEIJP8LDjqjcK25Vh-Jo-X9Qk1pRLfrNKvQQ3tTIVgRWnfTUKRJLWnpE3YtCiQGwNB216gjqivQaplzN8yL8lWIfJIV65Wc8j2wPBMsrSERGgdfk-26SM9k-nAitKQFgtlAwFGFxA=s4800-w800-h800""}","https://maps.google.com/?cid=5923162983193021609&g_mp=Cidnb29nbGUubWFwcy5wbGFjZXMudjEuUGxhY2VzLlNlYXJjaFRleHQQAhgEIAA","[[[1080,1800]],[[1080,1800]],[[1080,1800]],[[1080,1800]],[[1080,1800]],[[1080,1800]],[[1080,1800]]]"
"鴻蝦匯複合式庭園餐廳","竹北","24.817702","121.030903","{""泰式料理"",""熱炒/居酒屋""}","$$","4.8","竹北高評價泰式料理、熱炒/居酒屋，Google評分4.8分、累積817則評論。","{""泰式料理"",""高評價"",""人氣""}","03-668-8987","lot","免費","{""https://lh3.googleusercontent.com/grass-cs/ACvplmPJcPglF0Yp2lCmQ4f924f9YjmhxlJCfYOc9zONFOf1Hg7KSi6MDUaqvtnNOdXb69WmQvYowAOuBifMtdXo3EEeJjuCFLNxvNA3L8r1TpPn8AIaHlVfeR15sY23PCVb1uUrxI_j=s4800-w800-h800"",""https://lh3.googleusercontent.com/grass-cs/ACvplmOHfw7e9ySKCUqOyWlf9-TwKQW9_tXuV_x1xgx5AgHqg4zr4XwI8DEECT4yN01TKrhjPKmqXpMvUw6aAjAwlOgnC6mPzRZrGcvxDRHnP3xSKffJ2rxD0n5Zy0VQhLp1TVMPDk6A=s4800-w800-h800"",""https://lh3.googleusercontent.com/grass-cs/ACvplmOG15X7qo4smUBMuXiEVTkcFLP42djKrXJKUTotFKmLw46FQaXhe1CHy3oQL8R9f2Nodx8MW4erDlA7Ggy2rsHfdJp80c6VWTd1JxonaSSuxOWNSk6GUn4AH9XVZU4ELTgy8eCINpeUWpPy=s4800-w800-h800""}","https://maps.google.com/?cid=14628808222190797836&g_mp=Cidnb29nbGUubWFwcy5wbGFjZXMudjEuUGxhY2VzLlNlYXJjaFRleHQQAhgEIAA","[[[1020,1500]],[[1020,1500]],[[1020,1500]],[[1020,1500]],[[1020,1500]],[[660,840],[1020,1500]],[[660,840],[1020,1320]]]"
"泰速泰式料理 竹北光明店","竹北","24.831004","121.012338","{""泰式料理""}","$$","4.6","竹北高評價泰式料理，Google評分4.6分、累積1090則評論。","{""泰式料理"",""高評價"",""人氣""}","03-558-8522","lot","付費","{""https://lh3.googleusercontent.com/place-photos/AG9NLjC4Ryvm5jJCl4v8_NzvjRE4S9QRDQswjOEAL21DM9KTQoAwrQq8Z6O4O58leysZTa8K1BOHd20tBfqS2HtrY7yhJ3Lf8-MmpWKu-DniPSlZL4Q8opGo3jTBfmyc8o74hfZq0o3OyGqYcLm5kmrC9h3vuQ=s4800-w781-h592"",""https://lh3.googleusercontent.com/place-photos/AG9NLjBRFnRQ34boWa67LWd6F7ov5giC_q2bZH9c8R9eDHYyPtw0S9QJdpPRTexgObrUg_zLVNaW-yOsE5VntCsh-Ytcfxv0VK3F-L6GERu4w3bLTSWBixQ9nAiMF8P2FGUUnnfvmuqKZdfmScYJ_krpgDKhWQ=s4800-w469-h396"",""https://lh3.googleusercontent.com/place-photos/AG9NLjD5cVQdMhvFliF3_pFgzzbgljux-H5Lv-Djc8q6tXmfOi-4njSvvTTP3YpPOO0MTFF2xgtzru9zhCZuLuK8OnZVB0k8V1ZTRWp7i1OvOtuqi4MM-RMxiXv5Osl1tPyjwzhdPoAk8i_jwSneg890gyyb=s4800-w800-h800""}","https://maps.google.com/?cid=7382360755357639256&g_mp=Cidnb29nbGUubWFwcy5wbGFjZXMudjEuUGxhY2VzLlNlYXJjaFRleHQQAhgEIAA","[[],[[660,840],[1020,1230]],[[660,840],[1020,1230]],[[660,840],[1020,1230]],[[660,840],[1020,1230]],[[660,840],[1020,1230]],[[660,840],[1020,1230]]]"
"泰速泰式料理 食品店","新竹市","24.797434","120.97702","{""泰式料理""}","$","4.7","新竹市高評價泰式料理，Google評分4.7分、累積842則評論。","{""泰式料理"",""高評價"",""人氣""}","03-575-1209","street","付費","{""https://lh3.googleusercontent.com/grass-cs/ACvplmP_fFCUOyo-GprwqsXzqtYGXhX6bY_UVSsqFZJ08q9PmbD2-n6apnMXblXhH7cmJSmqFAO5kgwM8QiYAtTQYfKJjs1TURFBJs2H6A9cjd4Ubu-er-4OJqRncIwVHN-5f6xyM9QKtrn7opw=s4800-w800-h800"",""https://lh3.googleusercontent.com/grass-cs/ACvplmNHeooqvJlJi9FfpBKYt_gTRBrUnRjmUXmQybOi0wPk8ZNpz-s5eYFSXZxw1fQvh5dWSGgdUmDG0_SEuvLzrhdbKURs8JC4t0g4H-sp8MN9u04C1IQU0BTf6kE92KTtvcr_BK0RBOEGBPEU=s4800-w800-h800"",""https://lh3.googleusercontent.com/grass-cs/ACvplmONsYAyb8K9Fp3rUpcRA2pLywlfzolShlxhDjvSHQrBQ7rgNKg628Pxd-DeWkxsA_4Sgd2klQ3BJ91hvsdwkfs8iIkOxGB6Q6iO-Gk9jORhBe5ksdYJ22uCdSqvzY058zNczpKJ9AQmUC7f=s4800-w800-h800""}","https://maps.google.com/?cid=228302773651585793&g_mp=Cidnb29nbGUubWFwcy5wbGFjZXMudjEuUGxhY2VzLlNlYXJjaFRleHQQAhgEIAA","[[[660,840],[1020,1230]],[[660,840],[1020,1230]],[[660,840],[1020,1230]],[[660,840],[1020,1230]],[[660,840],[1020,1230]],[[660,1230]],[[660,1230]]]"
"饗泰多泰式風格餐廳 新竹大遠百店","新竹市","24.801969","120.964956","{""泰式料理"",""室內商場美食""}","$$","4.4","新竹市高評價泰式料理，Google評分4.4分、累積1280則評論。","{""泰式料理"",""高評價"",""人氣""}","03-525-6768","lot","免費","{""https://lh3.googleusercontent.com/place-photos/AG9NLjCGatEFHt-sl-BXWIskJ2pt8ZqLzKPJeZvxHFh_Ljw1PvQ1f7F1egKdTnPBzdYNyJC7NcBCLBmMsoEtBpGRWoxmQnv3fUxdKiDGxO--0zaLLjiwFG9HNni80zWOug37x7ikF41r41ZewFcDSA=s4800-w800-h800"",""https://lh3.googleusercontent.com/place-photos/AG9NLjCWdrZW9PCd6TH3F76RTX0n4UmJdiDPz_dnU_VEjYVEQaSIn2TgZeKZSZ_qrjFKiSpxBZNN7X2CC3Z2u3VpNkBKrDpPadwTtVbkpLK14XR_2HNSrOGOu4iKOyzaU9kyvmmqxn__8lo-x-_AeF8=s4800-w800-h800"",""https://lh3.googleusercontent.com/place-photos/AG9NLjDzxw_nw-AUNI5wfx3EnjGM-J1DS-Y8_6QD_YiuyinNGRPGx9GNzlLrN6Kkj9i7felFN1ZsNwWw-K7Hq5n9U-ivHLilGfLwHS3t_5R5LXl11-NnLEhD7wzs3sotMnYTP0c-fFVNI89JVzBRDeSr_XO01A=s4800-w800-h800""}","https://maps.google.com/?cid=12764815989577933844&g_mp=Cidnb29nbGUubWFwcy5wbGFjZXMudjEuUGxhY2VzLlNlYXJjaFRleHQQAhgEIAA","[[[690,900],[1050,1290]],[[690,900],[1050,1290]],[[690,900],[1050,1290]],[[690,900],[1050,1290]],[[690,900],[1050,1290]],[[660,960],[1020,1290]],[[660,960],[1020,1290]]]"
"BAAN雲椒","竹北","24.836193","121.006487","{""泰式料理""}","$$","5","竹北高評價泰式料理，Google評分5分、累積507則評論。","{""泰式料理"",""高評價"",""人氣""}","03-656-0882","unknown","","{""https://lh3.googleusercontent.com/grass-cs/ACvplmOUZJBTfIng4c9Jwy7Lh2iHvvjKPyLFLf4n58JFfoj78sAHTKOKtOH7-QzGXdUleI8frV96RK-gio7ldtBlxLtFLodms5xrlI7a28QAjnjBlhjwi8R1dJho66DcKXBr8Mn7b6NwqocYoGdz=s4800-w800-h800"",""https://lh3.googleusercontent.com/grass-cs/ACvplmP-Zmi63meuTLxPjKYH0UQT3e7i1ohga4V36tS4bG1DE7s4NDrQa0hHA-X8QMCXK4a8APW13c8tEZflSgfgnnrmEH045pXleVD2pmHwIO9AD3Y4dJ2OjPZ4b9_bHF4lXqQJsVH3VE4Ot3Jx=s4800-w627-h468"",""https://lh3.googleusercontent.com/grass-cs/ACvplmNYidjGLq9gf-rR6Vw7jiYjnlXWTX-A6hn4lPKtmHuzCnwQwV9fUHXcyA05bIlyQYpbFFiun9dQOMxfi6uw1f6Gi3gqQEKdtN7z_gWOg_PhjncsX5WYWm9UkG_pkvcNcLIc6ICXtbE0tWzV=s4800-w800-h800""}","https://maps.google.com/?cid=3547299074972307394&g_mp=Cidnb29nbGUubWFwcy5wbGFjZXMudjEuUGxhY2VzLlNlYXJjaFRleHQQAhgEIAA","[[[660,840],[1020,1230]],[],[[660,840],[1020,1230]],[[660,840],[1020,1230]],[[660,840],[1020,1230]],[[660,840],[1020,1230]],[[660,840],[1020,1230]]]"
"那家咖啡館｜冰滴．手沖專売","新竹市","24.803297","120.966478","{""咖啡廳""}","$$","4.8","新竹市高評價咖啡廳，Google評分4.8分、累積2915則評論。","{""咖啡廳"",""高評價"",""人氣""}","03-522-1187","lot","付費","{""https://lh3.googleusercontent.com/grass-cs/ACvplmNQi4zYrXe3Ae6WYXJ9FzmmyCaE1Vhvh9Y6_ztMXzAf2eEB5ZHdN7Mg8dHFmaza9Ghh_JAZQgqMwh0STxcWvpwp2e8EAa1PF4Vf01pdDnmfqbn322hn3Mnzrak9YrfeKVpds3s3kFjZkuNf=s4800-w800-h800"",""https://lh3.googleusercontent.com/grass-cs/ACvplmNKbmdc2P2pk3wfg7WsBtVfrQTrAHoKuaaA9a6uH6VILzbbU7h1eiRAXAw2mUZRnHum_3wjbfDY2UrruEadjsmB3l0MWgA8xNjJOkCN92md2lInztrpzr2GWlfZ0s1z4BN64vMRQCI8Wk0=s4800-w800-h574"",""https://lh3.googleusercontent.com/grass-cs/ACvplmO2WTrgYvFnFeRuAEyATKlXZIqWtfpipz_eWD3fxqfpLb_iNim-bJgP8eY6g5g8Q3gTXuWnLIYctM_UfJDVi-pilo0JTZ_a8DMrmUYBkEVWxI0b8WDiRBbA3dja8AzHHvvLRbyb=s4800-w800-h800""}","https://maps.google.com/?cid=14166710579472602417&g_mp=Cidnb29nbGUubWFwcy5wbGFjZXMudjEuUGxhY2VzLlNlYXJjaFRleHQQAhgEIAA","[[[600,1500]],[[600,1500]],[[600,1500]],[[600,1500]],[[600,1500]],[[600,1500]],[[600,1500]]]"
"墨咖啡 INK COFFEE","新竹市","24.799274","120.964334","{""咖啡廳""}","$$","4.5","新竹市高評價咖啡廳，Google評分4.5分、累積2693則評論。","{""咖啡廳"",""高評價"",""人氣""}","03-522-0608","unknown","","{""https://lh3.googleusercontent.com/place-photos/AG9NLjAbtVLLE5FU_1t2UtRPcvMZMPc5xGqvCLTYclVzhord9-UrfjrYJsWp96J-aAIiZScVW8QHgupyxa67_8inYHGsjYdPVbEIEXXw-Jbsuh7MWBoxTFn3uLqstKGErc6U7DR9IhIYf_Tamob_evJtjZoWrQ=s4800-w800-h800"",""https://lh3.googleusercontent.com/place-photos/AG9NLjB_aW5MImlz0qtGehrZYWasDNV32ADo-ZiGPNQ9YHkqZid-apLXIEWt0f8fqJnA74Ct3n-_IxcXLGfVksRP5KiNE_EEbVXy5Ocj7rPAvE-rKQ9r2f_ebH-Dq0ECW0R07HM5-Vfr7u5uX5hzu-Y0uTRIIw=s4800-w800-h800"",""https://lh3.googleusercontent.com/place-photos/AG9NLjBuN_I9hhr9XvPapxdwccMhUm8XBWA9UevpUIWGvVwmLSYIqFT7O6lrvB3bDydSAC6e3kVRSh3AvsK474Pypg810yd5UMyCXrUOSkAJOi6jnwHXTnh6pxcNThoWSu_uXw4ZK5a1E8B251jYeCmAAZNVPA=s4800-w800-h800""}","https://maps.google.com/?cid=14106769725785754357&g_mp=Cidnb29nbGUubWFwcy5wbGFjZXMudjEuUGxhY2VzLlNlYXJjaFRleHQQAhgEIAA","[[[720,1260]],[[720,1260]],[[720,1260]],[[720,1260]],[[720,1260]],[[720,1260]],[[720,1260]]]"
"貳參咖啡-西門店「無訂位服務」","新竹市","24.801079","120.962685","{""咖啡廳""}","$$","4.7","新竹市高評價咖啡廳，Google評分4.7分、累積1322則評論。","{""咖啡廳"",""高評價"",""人氣""}","03-523-2223","street","付費","{""https://lh3.googleusercontent.com/place-photos/AG9NLjAn-0hH8aTPch922xiMxJjTEKuVwXKoCyygo44N9kRs5FxxUtiYFsYHqGLOaez7kFTzhf0vh4YD6YLQ8aSi_2HiiIDKV0Ska6u-jCuNG3ShT1_8vtQKH5tPqGDDSPvI_woBPC-0_CZBovPAiA=s4800-w800-h640"",""https://lh3.googleusercontent.com/place-photos/AG9NLjAyP1ZtjxocG_1PhouwQlDVbcZ5QD1O4nw-n5pSthgCXvO0P2Jib_VaXjWsGKH2E3o9FcBBrwKfPZ0vVsJMQGi0pzCXZYodexORtUhMk2FjY4Tp_s3jgoTrxXzAO9Y2QXE4Tyeqm90aV1NvR6ECtbw-=s4800-w800-h800"",""https://lh3.googleusercontent.com/place-photos/AG9NLjCgF3YGFGk3He-MHlTQ6LrwwRIi1Do3ekJTZHcviF2zhZnSJ2sJpQER0YaIMrh9MW290Q_6vLVsLu-lFy7wU2gpMdanH5cDQxVjtM_SQoOs1E3T8IYABuUI7_ZjbJcxAPGzhlHaUAjxjE5PxA=s4800-w800-h800""}","https://maps.google.com/?cid=13809886152980244166&g_mp=Cidnb29nbGUubWFwcy5wbGFjZXMudjEuUGxhY2VzLlNlYXJjaFRleHQQAhgEIAA","[[[600,1080]],[[600,1080]],[[600,1080]],[[600,1080]],[[600,1080]],[[600,1080]],[[600,1080]]]"
"The Secret 謐謐 新竹店 x 貓嶼","新竹市","24.807685","120.971057","{""咖啡廳""}","$$","4.7","新竹市高評價咖啡廳，Google評分4.7分、累積989則評論。","{""咖啡廳"",""高評價"",""人氣""}","03-533-7977","street","付費","{""https://lh3.googleusercontent.com/place-photos/AG9NLjB38QUaPz7idq2hhQRQV3zyTpoC5QS7LAWLlw0_gYZnUvDLTr0gM1Qq_180hx5laXOmVrtStYYw5Bwcq7audxweiiCeOdFsh9Tels17Z_m2vL1-UmdsiaFScD92CLwRMgUkk6MUmeitjBlBsjs=s4800-w800-h800"",""https://lh3.googleusercontent.com/place-photos/AG9NLjDjpquVJUg5VcA4TEXJHZvmKukY2bDFjSLSR4y9HB2SRHJeePnZYJDVri54k-AE1gToyCvdFVrcH7tuWF0DtqFxPe9htivE3WLe1SgqXacHxcirNgASOGkK5DOtoBMCEfPY__gZqckUGsb-=s4800-w800-h800"",""https://lh3.googleusercontent.com/place-photos/AG9NLjAmrbXxfQ2VjXx8jHbVoTwrSfmSAAVQwJMhAs0FRfxsz4vRPz-suYy0ZtfX4r9ByCMXqqAb3V3Dfd-411RmrfV9g7GwP4jIcgNBLFfADp4YSNUuFaCw_AwWqOfHxzZ25e1ws2pWcF32X5UzUw8=s4800-w800-h800""}","https://maps.google.com/?cid=10637786663710129710&g_mp=Cidnb29nbGUubWFwcy5wbGFjZXMudjEuUGxhY2VzLlNlYXJjaFRleHQQAhgEIAA","[[[690,1200]],[],[[690,1200]],[[690,1200]],[[690,1200]],[[690,1200]],[[690,1200]]]"
"暗室微光","新竹市","24.800229","120.966773","{""咖啡廳""}","$$","4.5","新竹市高評價咖啡廳，Google評分4.5分、累積1280則評論。","{""咖啡廳"",""高評價"",""人氣""}","03-522-2080","lot","付費","{""https://lh3.googleusercontent.com/grass-cs/ACvplmP_CbeSwFRZnIyvp86xFmtC9Umr-JeTKA526RZZMO-mxIEvo4NEv799lMbgHlDSpZadq5jbEoEBSOkv4jzpW509pPLzTHUmhn23gITMUqn-tXaIiz0TvopMllcRkgsNzOX6cQl8eA=s4800-w800-h665"",""https://lh3.googleusercontent.com/grass-cs/ACvplmPUJmLfnmWuIQTozGxA8-ZobYwYIC85Tnr9cxMmcaB0PhNsh2LXbJO3_PA1oQqvpJozEjBEJ0k4V9QtfsNJBAxm4hA_zJuHyjUf-r8RsOBi7467g_sCeIQzedT3XTASwSbbLBg820_nCbFp=s4800-w800-h800"",""https://lh3.googleusercontent.com/grass-cs/ACvplmOdNGxQpVLDvwSPbWQZSILSoN7ufxyOvIn3el6TWcXudm_aQdWtnsGyozBDsFCbJLEOjqsRkfGFgFLRbDWgO-5NT4Vwblie7oFfewTexKtN44TQ5W9soX2gPo0yjPmJywmJTcFwpihjVQs=s4800-w800-h457""}","https://maps.google.com/?cid=2109408910670620414&g_mp=Cidnb29nbGUubWFwcy5wbGFjZXMudjEuUGxhY2VzLlNlYXJjaFRleHQQAhgEIAA","[[[720,1080]],[[720,1080]],[[720,1080]],[[720,1080]],[[720,1080]],[],[[720,1080]]]"
"FOXLOVE COFFEE 咖啡廳","新竹市","24.797552","120.962158","{""咖啡廳""}","$$","4.9","新竹市高評價咖啡廳，Google評分4.9分、累積704則評論。","{""咖啡廳"",""高評價"",""人氣""}","03-522-0801","lot","付費","{""https://lh3.googleusercontent.com/place-photos/AG9NLjCyH5Tl8j2-donX__e2ZGlOGX1E2M0laGjzU_C3YttFLF6wSbxNKJ34DbqxhHrb-BeFSYYCmC1R-fDJicMhYne5-9ZPSOg-16bw_STD-Kp62VsUfYqGJEHTWuVIaGYg473USQVhlwrpjC-E=s4800-w800-h800"",""https://lh3.googleusercontent.com/place-photos/AG9NLjBKcI3XROsG5mjBeEFVNIal7mIM2mxL-yhfAVCaqYnybG8AkiPpKW66dHAemXCLV7uyh2IM9-38YvCxtclyW2OnETTFKdnR1I3gjTLMormUkQdLdgE6KbFY2wZ0qEbcAMw4kloJvDJ7PJ7YhDeyyLZw=s4800-w800-h800"",""https://lh3.googleusercontent.com/place-photos/AG9NLjAYZQQ35fHOSJuP5hAJeRUr4ssugllzkIBOGmZ4DUfNuCj3FAF154G-nz6uNTf5ADbgiZ0sSw_aEqi7_Zfc9RW8SLGOkdOJgUXmzKy-Q6ZUXikplIAgmqTxGWkkBv9Eun955dHQDuZuAHFcbg=s4800-w800-h800""}","https://maps.google.com/?cid=10993390835711072838&g_mp=Cidnb29nbGUubWFwcy5wbGFjZXMudjEuUGxhY2VzLlNlYXJjaFRleHQQAhgEIAA","[[[600,1050]],[[600,1050]],[[600,1050]],[[600,1050]],[[600,1050]],[[600,1050]],[[600,1050]]]"
"二街咖啡 2nd st. cafe","竹北","24.80621","121.027871","{""咖啡廳""}","$$","4.4","竹北高評價咖啡廳，Google評分4.4分、累積1449則評論。","{""咖啡廳"",""高評價"",""人氣""}","03-550-1713","lot","免費","{""https://lh3.googleusercontent.com/place-photos/AG9NLjAHBqzpuUk7FJ0ctbOjOaRz_1GJjFHfLgsuOOJ9ql1-QyKZ7R_CWsQsLBO7q7oVaMtXFTlVY4_qzbgQJ976w6D1cmIjvStGWiR7AfzGtZB7YiuCA_DHsMKwERt92UETEagh3ixxPTYdBIYt2ReDtqwZHQ=s4800-w800-h800"",""https://lh3.googleusercontent.com/place-photos/AG9NLjCLhnVbi-nTjrqTQpCvfVE9rA1MMMCW9LzwV7QqIxGrhRZ9WFl5WhlLE-kWMxuRAErN3v_8W5KHL11WRPe6vlTciDRCUMFV_ExRjd1_dPlZZTrDr2HKgZRp2gUu2QYSytIFCjHDPL28aXg96JnPyCX3fA=s4800-w800-h800"",""https://lh3.googleusercontent.com/place-photos/AG9NLjAvdlg4MbIUa0EM8j7974YX8RRa49Szr0Ab3P8MCXtCi4UhZ9r-huhmE_jWL8NSi717YUKwHfRwFPE4h0mdH3jB1Cyc87Sg8fgNgXNvSXAm-oh4XH2x8N-mH98wzuSMCIJvwBdUTOjZB3nRZF84QV9raA=s4800-w800-h800""}","https://maps.google.com/?cid=7771296311081010350&g_mp=Cidnb29nbGUubWFwcy5wbGFjZXMudjEuUGxhY2VzLlNlYXJjaFRleHQQAhgEIAA","[[[630,1110]],[[630,1110]],[],[[630,1110]],[[630,1110]],[[540,1110]],[[540,1110]]]"
"Float Dept.微生咖啡「沒有訂位服務」「無室內候位空間」","新竹市","24.807331","120.974516","{""咖啡廳""}","$$","4.4","新竹市高評價咖啡廳，Google評分4.4分、累積1429則評論。","{""咖啡廳"",""高評價"",""人氣""}","03-515-3788","lot","付費","{""https://lh3.googleusercontent.com/grass-cs/ACvplmMQP88kKG0GFajaDmhm1fXl_SkBLL8A-Tz_VQLAwLb4xcVxlS79SIm_73qUSEraToRmsEsLZcI-u7aZai4o4W5CoPec93oxtVTpj1Ar-X_oo7ot1e_hzS7B9HKhszGJwE_vHbrm=s4800-w800-h800"",""https://lh3.googleusercontent.com/grass-cs/ACvplmPDizAyVkiMtJiJbMwXp-FvicUX50nzxXsYpC5oBo1arDzNCqVQlzbH33_ZIDQmVF4fIVDv0kO2nooWN0q-OT0y8JK5OoYk3gaam8XObTXVeDzNgPbiyL2clgyClG37F5G7CySF5-LWAaxU=s4800-w800-h800"",""https://lh3.googleusercontent.com/grass-cs/ACvplmM2RSCOGAkQE2zVHdstqgA_VQRF2KLY-5y2r9z8KYF2t8RNq1wKYnItwDhF_l2kMJtVg3ffv0ci8NvTQyXeEPk1tcbsIAjDM218PgZDCq9z3ClWnw_uhzeKmt9m3npPkoj83D29Cg=s4800-w800-h504""}","https://maps.google.com/?cid=3061299133345671280&g_mp=Cidnb29nbGUubWFwcy5wbGFjZXMudjEuUGxhY2VzLlNlYXJjaFRleHQQAhgEIAA","[[[600,1080]],[[600,1080]],[[600,1080]],[[600,1080]],[[600,1080]],[[600,1080]],[[600,1080]]]"
"金春喜韓廚-新竹關新店","新竹市","24.784282","121.018491","{""韓式料理""}","$$","4.7","新竹市高評價韓式料理，Google評分4.7分、累積3723則評論。","{""韓式料理"",""高評價"",""人氣""}","03-563-1528","lot","付費","{""https://lh3.googleusercontent.com/place-photos/AG9NLjAk1z1kv6XSq13FOMCG0j9tAkxNtmhtuEVRHHinHinDkR-WW8Tn1uzwI9ZvZVf9baF9qfgTCI7uSveJCgORI_DxoM549jWtgX7CGIdqRecNSceSCefatWYCIcDxw6Hs8rCRgYxWt_k3JCfSAw=s4800-w800-h800"",""https://lh3.googleusercontent.com/place-photos/AG9NLjCPpVu6UhRb0qr-2GPh7e0vQ3EEjLLV0OtVhApBootc8r3zbxhKyp-_GYAuRxd6WclmsFde9Iiowfnu8LTlehaVwVTLscYK_AA7sx1MfWLL-S3igrQ5TPirO_Wrwya4jwyM97TP0c-H4RW1A24=s4800-w800-h800"",""https://lh3.googleusercontent.com/place-photos/AG9NLjBBXvUnJPLus9O7tKuuJxq7u5l2ZKOUt2USDeRxRfsuxXkUHY73Hm8LB4cwN89iPV4RsuCSOREVEWdMDhVc6mGYpUFro_IXXR9FJL0s6rIIHPQI36NIFuzxPTuuOfAAvOwB_9KKuT0tTwDqigm1T7VApg=s4800-w800-h800""}","https://maps.google.com/?cid=15251536535426011423&g_mp=Cidnb29nbGUubWFwcy5wbGFjZXMudjEuUGxhY2VzLlNlYXJjaFRleHQQAhgEIAA","[[[660,870],[1020,1290]],[[660,870],[1020,1290]],[[660,870],[1020,1290]],[[660,870],[1020,1290]],[[660,870],[1020,1290]],[[660,1320]],[[660,1320]]]"
"哈奇客｜韓式炸雞補給所","新竹市","24.797688","120.997881","{""韓式料理""}","$$","4.4","新竹市高評價韓式料理，Google評分4.4分、累積3491則評論。","{""韓式料理"",""高評價"",""人氣""}","03-575-2722","lot","付費","{""https://lh3.googleusercontent.com/place-photos/AG9NLjD_OyJ8Myg5zDa8S_S-8HRg63N4WTQil75GF8cwWO3Xo6a8rO1x-nY17gTWql71lq-meyyUFnxvRgh0Cfgmfrv8Fv6dkAOYqaBeRCSaq2n3VGtIC7FsDF6g0x87t_AhDNSw4tnhw1QS_6pvsdIPcziAeA=s4800-w800-h800"",""https://lh3.googleusercontent.com/place-photos/AG9NLjDhL_MFYAm74CLAIoKpZefCmt9-7aaVNPt8cU68IH519RGbcaMpX8S1P8viunJaqkJX-6UXnmP1IiMYRN9-_N-foiiMS46WW2JX39JehmSlMt3NUNpdX1nJzdwyuw0Rkj7Hvev6IZy3ivFMyI5WrZWe3A=s4800-w800-h800"",""https://lh3.googleusercontent.com/place-photos/AG9NLjDBXLmZxWYzBR578xIRJA1WtmFmOcztEbFOES8lzKLGAyRCqcNJ8Ls4OAk3yLdQ5AdX-AToOoQ3HpUWfLRjQY2P-Fv_KSB0R8C9c6CD6UHVLmII1ToRoPgfHZu_fZ4ccPhtxU-7SoHVQ4IlnUrLyDQ=s4800-w800-h800""}","https://maps.google.com/?cid=16606587561201230864&g_mp=Cidnb29nbGUubWFwcy5wbGFjZXMudjEuUGxhY2VzLlNlYXJjaFRleHQQAhgEIAA","[[[690,870],[1020,1500]],[[690,870],[1020,1500]],[[690,870],[1020,1500]],[[690,870],[1020,1500]],[[690,870],[1020,1500]],[[690,1500]],[[690,1500]]]"
"非常食鍋韓國料理-新竹金山","新竹市","24.777432","121.022973","{""韓式料理""}","$$","4.4","新竹市高評價韓式料理，Google評分4.4分、累積3271則評論。","{""韓式料理"",""高評價"",""人氣""}","03-567-8595","lot","免費","{""https://lh3.googleusercontent.com/grass-cs/ACvplmPORzRxq-zLu6SXOzSTOWFrzjXvNQ5LNqdQKA8jwYMzgJHPhc4mVfubrDe8nzqO380VM9vsr-MdhCvvQfa8Lo16mSAkGuehLnlV0CQhtbnR7-czk96MTdocK39sjLVzuQIp-S6lWdZoxtE=s4800-w800-h800"",""https://lh3.googleusercontent.com/grass-cs/ACvplmORXR5c9mPapbHv2xRw2Fm3VFJ1udU1ngkGRNuyt1YlzTxgiHs4ApwVSwW0M6RGda_D-O3kmsSUMvQa7j3OKitFHoFO0QXS0Bo3Y6bxous8CZG_9L3FdCLxWEbbwJ09zemgo4WPog=s4800-w800-h800"",""https://lh3.googleusercontent.com/grass-cs/ACvplmOQX0hyG6V5GAiJv3jB33LG94jkorrr9eDm75GsjzknoR0KOc7fHRbDOF2hxrdjJcOCC1EBvdP7OTpTGrUNiWerFo9ioM_qd2w5BvLo45XKjtTI1HxM1BH2ZUlL6Z6GM77-keOpZp-2hjY=s4800-w800-h800""}","https://maps.google.com/?cid=9966321468977074373&g_mp=Cidnb29nbGUubWFwcy5wbGFjZXMudjEuUGxhY2VzLlNlYXJjaFRleHQQAhgEIAA","[[[660,870],[1020,1290]],[[660,870],[1020,1290]],[[660,870],[1020,1290]],[[660,870],[1020,1290]],[[660,870],[1020,1290]],[[660,870],[1020,1290]],[[660,870],[1020,1290]]]"
"姜滿堂존맛탱 新竹巨城店","新竹市","24.809486","120.974721","{""韓式料理"",""室內商場美食""}","$$","4.5","新竹市高評價韓式料理，Google評分4.5分、累積2444則評論。","{""韓式料理"",""高評價"",""人氣""}","03-535-1558","lot","免費","{""https://lh3.googleusercontent.com/place-photos/AG9NLjCLlSmvfVBuEL-7Ou_enlialoefqov5z6GxIzmsL-hX0Jk1LiSMq_87z-n6FWWbkCtjzHnk3JcuP93Miibnv2-WpX86bNMKKC_82LKPSzifv44erkQMHYrK2YzXYM418OuuBDKTTHPZcmGSDvM=s4800-w800-h800"",""https://lh3.googleusercontent.com/place-photos/AG9NLjC-gXpaDJDJZ2tUqtnYjhysRR8g3peBLI1pTBRfegVTTlX9VGjX6imYA6BMBu0oHuLjKvvvHbTj4Oewj4oHuMTkDzAKAcKIlvWp-OA00aMpPjHnsAq1qLG99_zTZ-4DKWd5GZ900lSgznn8DLoH7I6WMw=s4800-w800-h800"",""https://lh3.googleusercontent.com/place-photos/AG9NLjCUH63Zi5z8pXpGBU0D3JYAz8A-uJybsaMzymkSeYa12oiopG4dWIE8VC8C2w5I0kEEU8lnCnBaJ8MGj2bDuRlCpVy6FPF_WsLd7MyAQ9B-OpUwP8gDzC_jiraUIzGvNdpLyYDHesVZEv8NMwWLLsdY1A=s4800-w800-h800""}","https://maps.google.com/?cid=13559072574033867331&g_mp=Cidnb29nbGUubWFwcy5wbGFjZXMudjEuUGxhY2VzLlNlYXJjaFRleHQQAhgEIAA","[[[660,870],[1020,1290]],[[660,870],[1020,1290]],[[660,870],[1020,1290]],[[660,870],[1020,1290]],[[660,870],[1020,1320]],[[660,1320]],[[660,1290]]]"
"太空總薯-韓式料理3號店 ｜新竹韓式 韓式炸雞 韓式烤肉 個人套餐 下午時段營業","竹北","24.825813","121.009178","{""韓式料理""}","$$","4.7","竹北高評價韓式料理，Google評分4.7分、累積1634則評論。","{""韓式料理"",""高評價"",""人氣""}","03-558-9982","lot","付費","{""https://lh3.googleusercontent.com/grass-cs/ACvplmOIWwV6iiu6uAGg0TjJA3kQSvQ8xr5vuyGKPHf2KZBoEX_LEH9B8jbgWdJSFjZQYuLl5p3zQsd-l2rQh0rd6Ykvro6PBODzTl19zRuaQahRBdAWr6dVRU-sou8_Fbt6TzaTFVqzTxSp7llH=s4800-w800-h800"",""https://lh3.googleusercontent.com/grass-cs/ACvplmMZ0ubm4dyTxUp9J6n5igqzPC6y0JNHpKhD2zNCe5Z8ct7Uwk6Wof7w6fqF1CoZGxbJG2XyOKJPSoyMuhK2SaW2ZENLoviXD1byMkyFlOAXgCdq1toHZiE4a9K1Mga6p3z0hlaSHEMrwqg=s4800-w800-h800"",""https://lh3.googleusercontent.com/grass-cs/ACvplmMUL0sc_4BihRYucsfO29sipLkFPQeNrk2kSNzRKyDEoej_Y1oa4-wZ79WPbwKr_WzJKdEyJeTD_rhfU8PAeQGhFZcAR2aa2qohwS7G47slR6Ne1ZrKxoganYId_NJ42PF99fm_EfRxQvQ=s4800-w800-h800""}","https://maps.google.com/?cid=12326657166241448788&g_mp=Cidnb29nbGUubWFwcy5wbGFjZXMudjEuUGxhY2VzLlNlYXJjaFRleHQQAhgEIAA","[[[690,1320]],[[690,1320]],[[690,1320]],[[690,1320]],[[690,1320]],[[690,1320]],[[690,1320]]]"
"沙郎嘿韓式餐酒館-新竹龍山店","新竹市","24.790146","121.010862","{""韓式料理""}","$$","4.9","新竹市高評價韓式料理，Google評分4.9分、累積1076則評論。","{""韓式料理"",""高評價"",""人氣""}","03-668-6677","lot","付費","{""https://lh3.googleusercontent.com/grass-cs/ACvplmPNpj5eaUHKW2Rv665fLwLFVXZOhp3e4mhlOA7ULDxb4MP4yEBc3VXBLsoHDli-Mvf4mm4xPOx5Wsg4nv003g4DkwfL1hxP6SxLlQkxU9hbakQzBjsAlHqpsl_tg4R8-N_i7lRv3w=s4800-w800-h800"",""https://lh3.googleusercontent.com/grass-cs/ACvplmM6XZPz9UOjHbr36JXYr0KSH3ANbO_taoNNdCpdpE-b5xoD_uov-DtHDrYl5Ce9AAbjG5e7Lw6tZgWFzLXVBPwPeoU_iBZgEYC_YpR-D8PLa6nsEQE7C7X8Iy_EnRrcRfGZJM4Boossv04=s4800-w800-h595"",""https://lh3.googleusercontent.com/grass-cs/ACvplmOFVRk8riFpMewfKJHRMWLAjgcILP5Y6mrT9HsLq5aNXmLDPmGmOHO-8SQEoA97yKYT9ss46a2wq-mpGoHMjM-KviSeJpNh65A_O47fz27zGW75nC9jnw8yuiP0wRdxU7A8cb391KIYZCB1=s4800-w800-h800""}","https://maps.google.com/?cid=5280041120257215024&g_mp=Cidnb29nbGUubWFwcy5wbGFjZXMudjEuUGxhY2VzLlNlYXJjaFRleHQQAhgEIAA","[[],[],[[1020,1440]],[[690,810],[1020,1440]],[[690,810],[1020,1440]],[[690,810],[1020,1440]],[[690,810],[1020,1440]]]"
"Yumsem宴先韓式紫菜包飯.얌샘김밥- 竹北六家店","竹北","24.809663","121.02534","{""韓式料理""}","$$","4.8","竹北高評價韓式料理，Google評分4.8分、累積1117則評論。","{""韓式料理"",""高評價"",""人氣""}","0921-182-934","lot","付費","{""https://lh3.googleusercontent.com/place-photos/AG9NLjBUjDKiK59SysqjdanEiqLboU7PA5bHjD1_xBMHhsdrNCQ9yTB-mR9t3J6o9yN6PmAVQEZiCFOnbhag-R4yauaa1LKONo_VLPbVW-dWDRHAhDlPRVKALsOVql39n3dppKl_Voa9B2Q-Eyo8dITjzRudpg=s4800-w800-h800"",""https://lh3.googleusercontent.com/place-photos/AG9NLjBWhO84pRK6814vro4IY_atRvcjH1qFesceSbwzO2KIWi3YmXxMKdD7AN_8VdvG66Jgce8tDED8yOxmxOmgFcQ_LOrtZzvVZ4wL2GBZ-4FykO5VEP66l28N1zOoVmcuUv3AlHf5wnFPHl8K_g=s4800-w800-h800"",""https://lh3.googleusercontent.com/place-photos/AG9NLjB-v6YCVOVo5GDGxAe67LFKVIFfh2tLG5tstP82RnO83gJECSA24ZzaoXNZQWF9YOMGtZlyGuRYnY4_ZbhmN-zMFaZGNsYMs9KoWdROD9Mo8hNnwYtkR-5gB0-m6RCuodPjoiMXXrThXzuc9oetSTmmvg=s4800-w800-h800""}","https://maps.google.com/?cid=7931322818281150171&g_mp=Cidnb29nbGUubWFwcy5wbGFjZXMudjEuUGxhY2VzLlNlYXJjaFRleHQQAhgEIAA","[[[660,900],[960,1200]],[[660,900],[960,1200]],[[660,900],[960,1200]],[[660,900],[960,1200]],[[660,900],[960,1200]],[[660,900],[960,1200]],[[660,900],[960,1200]]]"
"翰食堂","竹北","24.837981","120.996702","{""韓式料理""}","$$","4.8","竹北高評價韓式料理，Google評分4.8分、累積1114則評論。","{""韓式料理"",""高評價"",""人氣""}","03-656-8566","lot","付費","{""https://lh3.googleusercontent.com/place-photos/AG9NLjBODtUYFs5X-xfbsT0M0QSaPHsH_9uImHHlozW3gLVo_ERnLtwYF-8KvMj-xiipM5hBq1wBXsGUhsQC-g5tCVpu2HBp-WtdE5WMVTYpckaqto4lJ_7xoi_dTzC_1d1iO6_KOMfNdoG05tHw6eY=s4800-w800-h800"",""https://lh3.googleusercontent.com/place-photos/AG9NLjB3wJdz9MB-Rc9GmUQBAN-AWVGkUtLVRlLN7SdYloyzvjF2J6AwVGBFwQtIPaIaZ8bNw0qSpy7cC1umHSNwdWBbbRghN3KKjutUFKRGTDk8t3lH422I1V2qgy7LDe_hS_gM7dNvuFyJuJYv8g=s4800-w800-h800"",""https://lh3.googleusercontent.com/place-photos/AG9NLjCZfqmAP9PuDHe7EvT5F-DBykewE5i-BnwfKMqlTm3i4pHoh8DB_aacIjPFEXMdve0UMMLKa7J0j5jhatGnma5trd8Uvp1_7r9kHVHx_2GY7nad_Efa-O0W0_O5tXZQZnYKdEMjYmPWM8wz0mDwbJmlSg=s4800-w800-h800""}","https://maps.google.com/?cid=1917313935826060444&g_mp=Cidnb29nbGUubWFwcy5wbGFjZXMudjEuUGxhY2VzLlNlYXJjaFRleHQQAhgEIAA","[[],[[690,840],[1050,1260]],[[690,840],[1050,1260]],[[690,840],[1050,1260]],[[690,840],[1050,1260]],[[690,840],[1050,1260]],[[690,840],[1050,1260]]]"
"太空總薯-韓式料理2號店｜新竹韓式 韓式炸雞 韓式烤肉 個人套餐 下午茶外送 竹科外送","新竹市","24.797801","120.977032","{""韓式料理""}","$$","4.6","新竹市高評價韓式料理，Google評分4.6分、累積1490則評論。","{""韓式料理"",""高評價"",""人氣""}","03-562-9981","lot","免費","{""https://lh3.googleusercontent.com/place-photos/AG9NLjBWd8qzc9iOKa212jCUoq_98VlwpHyljPxf3h7pLNjaYPkG990QLJT9HByqGxchqcnqDnLYdscu2zuCbj4QEFkA6dRxyImfKtM08HIeaqau4yCE512-lHpONE-eGd-nd7Km7o3W1zmvl5ND-Q2NNkeumg=s4800-w800-h800"",""https://lh3.googleusercontent.com/place-photos/AG9NLjBZMKAfEhdejFhDBZfRp4P268C4eT9FuaFBbGHTaHm77eClmP9xaqS1EJdFqwn-xDlQwl7jSctFo-8Lgi0EetZT-yCpG90FkZKNUKBX9jOUzhlZgk6mWN2H6MGITBhlVr-yjyC4SN3aUcHQug=s4800-w800-h800"",""https://lh3.googleusercontent.com/place-photos/AG9NLjCn2Wuz9x6olWoOSa377FTQ_nHmpup9RDtv56pwnuZU2DfpUCWZM2xakY9X7Cy8k5Kd2jcD9cBkbIP0OAQY6t2sCW1DEe46dyUiYmePBVpJYpI_BC_FG6g-iu2n4VWwXfoAP461jEhgarZNF0mKy8k0=s4800-w800-h800""}","https://maps.google.com/?cid=14106498626777368859&g_mp=Cidnb29nbGUubWFwcy5wbGFjZXMudjEuUGxhY2VzLlNlYXJjaFRleHQQAhgEIAA","[[[690,1245]],[[690,1245]],[[690,1245]],[[690,1245]],[[690,1245]],[[660,1260]],[[660,1260]]]"
"RM Restaurant bar 餐酒館｜竹北美食｜竹北餐館｜竹北餐廳｜竹北推薦｜月球餐廳｜中式料理｜快炒熱炒合菜","竹北","24.828418","121.026749","{""熱炒/居酒屋"",""酒吧/Bar""}","$$","4.9","竹北高評價熱炒/居酒屋、酒吧/Bar，Google評分4.9分、累積969則評論。","{""熱炒/居酒屋"",""高評價"",""人氣""}","03-668-8707","lot","付費","{""https://lh3.googleusercontent.com/place-photos/AG9NLjB-7zutT72JmfMt4cVJ5uDhFE3PklM6WmUcJ5nwbNPdjoyq2gPk7-juCNxqkeWPTKb_1ohK2WRPtBhDK2cqIkDVCKmyWvvEZI-whBn3GNRTIvOcwcohYewQ-wywnSSBN0Ka0mapAuEdmkBf-SlPgxlnwg=s4800-w800-h800"",""https://lh3.googleusercontent.com/place-photos/AG9NLjDLgEWfD9J5_A1IccVNxc2UiXIfLxrkX8Z7su0uMPnIf6qbPOceWibEM2UmJABVujjhI_qsDXWYWiDvMp4hBuyBO7l_ZNQnSiNh53B6lTuJfub3eCNUCYjwz2lOND3Cb_UydZvlst7GymaHiRldo_cD=s4800-w800-h800"",""https://lh3.googleusercontent.com/place-photos/AG9NLjBONEU5A2cCH4HG5wxQzg0CaCMwsP0OVPGKx0nknEhDoI87qNNICgAypDlBqY0TTZa2sNy3by8jxMolOczC-CLkBGVMjYJzbpemkc4Cdf1DhnidWgOtTXm0Zn5E2ZDy2O9iZke1Lv1NEgRVZK9CUGKamg=s4800-w800-h724""}","https://maps.google.com/?cid=1482053029903059907&g_mp=Cidnb29nbGUubWFwcy5wbGFjZXMudjEuUGxhY2VzLlNlYXJjaFRleHQQAhgEIAA","[[[1050,1530]],[[1050,1530]],[[1050,1530]],[[1050,1530]],[[1050,1530]],[[1050,1530]],[[1050,1530]]]"
"三緣舍居酒屋 炭火串燒","新竹市","24.813772","120.973067","{""熱炒/居酒屋""}","$$","4.8","新竹市高評價熱炒/居酒屋，Google評分4.8分、累積749則評論。","{""熱炒/居酒屋"",""高評價"",""人氣""}","03-533-0657","street","付費","{""https://lh3.googleusercontent.com/place-photos/AG9NLjCel32KvldQaeVgP9ScPHV-W_l4lLApOrQH8GI3a5HJkWV3GXb7y_z_wyCvfSaXZTNKdErlwH0ExBwiWz5dB2WeaWTCqJsd2VFwJ8rrQ45pcrH4Il0Vt2rO2uB_eUBxzeA__pmABSVQDTqUr3g=s4800-w800-h800"",""https://lh3.googleusercontent.com/place-photos/AG9NLjAjEg7Ajnxpdb2TWdNwX34foQnWxBuoRoP9fURroWUWIGOVe9yHsItAmJNdXDA7bdh8uJO7HrOvsLVsWJxrmwUxgTmaQr3uPgdU29YQ-bnsXXzfEdbF_d5PjlbpjqQRWDVzt5URKNLAflFpCRA=s4800-w800-h800"",""https://lh3.googleusercontent.com/place-photos/AG9NLjDgnGZcER42WhjxddgiGBafPVYw2hGwI4YumrdwwWCPveAaaW7B_ZuBfywVW4zS3Z-ExgDoJ-ziBgwECEprcmJj809puo5qHDZ8U0lZXRHNR7rXYMotytSWW4gG2B7GpdF_bxScNUm7M6wF=s4800-w800-h800""}","https://maps.google.com/?cid=12266539767380320610&g_mp=Cidnb29nbGUubWFwcy5wbGFjZXMudjEuUGxhY2VzLlNlYXJjaFRleHQQAhgEIAA","[[],[[1080,1470]],[[1080,1470]],[[1080,1470]],[[1080,1470]],[[1080,1470]],[[1080,1470]]]"
"三更沁食居酒屋","新竹市","24.812216","120.965151","{""熱炒/居酒屋""}","$$","4.8","新竹市高評價熱炒/居酒屋，Google評分4.8分、累積666則評論。","{""熱炒/居酒屋"",""高評價"",""人氣""}","0925-080-499","lot","付費","{""https://lh3.googleusercontent.com/place-photos/AG9NLjDxu4SrjS_8wrnLTf4YpEEzmIYY60weq8SQX779YlAAN7JjSA7xi0we0kVdnKFGiPfj0b9JirtxArQFt5pRfQtJENXAyMPc06uWV3uVbSXDTlXFK4NBzxB0I_t3AHo4vXSkRZejgNfohL9_ElA=s4800-w800-h800"",""https://lh3.googleusercontent.com/place-photos/AG9NLjClkR9XxT7qqXm84NS33GghVZd6fEDi4mQHu27PwfCrkDJXW8EGpgzF1bGOVWAG_mglsN_c3JN4uni1RzbQuhdS9VtsCUvTsha_AtAOmdf6tptboMv5MBlYzNw90pJuiv7vDbp9vwJ_ZoTe0io=s4800-w800-h800"",""https://lh3.googleusercontent.com/place-photos/AG9NLjBb3p66hmrpH6R0LcZFeHSd1-GkOQWRfY3PyP9a_kmKq_6Xm5HOyaFuB79Kk6IXh5itzCbsrAcc4W_rzci1jggE3SnHq8UNtXAfvSyvisVM4nPmiwpfPANONV1ysxLwRYtcKyaiCHrBwGRjz84VO_-ccw=s4800-w800-h800""}","https://maps.google.com/?cid=4671222255599258272&g_mp=Cidnb29nbGUubWFwcy5wbGFjZXMudjEuUGxhY2VzLlNlYXJjaFRleHQQAhgEIAA","[[[1080,1560]],[[1080,1560]],[[1080,1560]],[[1080,1560]],[[1080,1560]],[[1080,1560]],[[1080,1560]]]"
"夜排檔熱炒","新竹市","24.802906","120.998505","{""熱炒/居酒屋""}","$$","4.4","新竹市高評價熱炒/居酒屋，Google評分4.4分、累積977則評論。","{""熱炒/居酒屋"",""高評價"",""人氣""}","03-572-5693","street","付費","{""https://lh3.googleusercontent.com/place-photos/AG9NLjAA47coLeTN1kLId4CQBXUlsXGRO4HHTEQFiAcIuyYT0LrgR9rxpL0-TN9jZ6q1Yl2ma5eO8aid8pq6pDrc4C5iAihdQU8lH0bdcyh_5GQ44y20y6OVUNixGfhAJacdxi-laUQtZEC5jp4DrA=s4800-w800-h800"",""https://lh3.googleusercontent.com/place-photos/AG9NLjADwayDFZgwgriseHVci-eyNrXeU8cCo0t6LW28bt7bwMrAYWZmkZn7EMoZgANIp27LD5kRNwcKm3Hfvuyk7s7jfb_LnJCuB9xuhEFUkz7bhOOm4zuEAI02dKTyW35N8cLJo61WnIIrIfvdWeSNEteJ=s4800-w800-h800"",""https://lh3.googleusercontent.com/place-photos/AG9NLjA7MdXHuIWUM41kQvioa5KEgLTg4M9vNCn5D9c77MLS3HZLP7p13M0eAQ8v5Z6E_c8_FDTtlSWUrZcFDqFSCFySzQ9-vTkxnoiWSCFC3hcjHbfh7tOrvF6rxK9tf28V5n_YWYYjDcwX7KMXmop5jNwGOA=s4800-w800-h800""}","https://maps.google.com/?cid=9786309885573565313&g_mp=Cidnb29nbGUubWFwcy5wbGFjZXMudjEuUGxhY2VzLlNlYXJjaFRleHQQAhgEIAA","[[[1020,1500]],[[1020,1500]],[],[[1020,1500]],[[1020,1500]],[[1020,1500]],[[1020,1500]]]"
"尊煌中式餐館","竹北","24.823628","121.011203","{""熱炒/居酒屋""}","$$","4","竹北高評價熱炒/居酒屋，Google評分4分、累積1692則評論。","{""熱炒/居酒屋"",""高評價"",""人氣""}","03-553-8600","lot","付費","{""https://lh3.googleusercontent.com/place-photos/AG9NLjD80H4xw1cL2716Zxl28Ut7YpSf2gZoI-sMeJ5D4IoiNt27mM0Olc0PUJaZoq2-XH6WhZctIaO7g8yR3FOzUVZK7VKCex1zgCq96IZR3CxkaXx6QfvKhioXInvADJsCH2gVqYA68urnUTID0Q=s4800-w800-h800"",""https://lh3.googleusercontent.com/place-photos/AG9NLjCaJAdF_V6hCoEX53agvB61mUZ_7x592-9OV9hgh-TgURmRaAI9CD-seuWoIDgf0O8lYFBYSk7Vvr3NV82hHfeXx63B79N_I8NYougiYOsxBqs-S4A5hn9P0k-rr-3f9JNbqS7sQLoFj6tslA=s4800-w800-h800"",""https://lh3.googleusercontent.com/place-photos/AG9NLjC2c435KdR0UF2rTQib4QqyKTlCRsJT4bSCRsFoR-xhygS1Mv9OAP1aZOlFqbnnUQ7p5dczXKiv1VguqDy4Hq7KogUmmZiR9jF_omiLNAHmfEDYcn3u9w303HGB_jir8hvS4J3M9iLXYMN9F9fpR-jAbQ=s4800-w800-h800""}","https://maps.google.com/?cid=11173836340753250508&g_mp=Cidnb29nbGUubWFwcy5wbGFjZXMudjEuUGxhY2VzLlNlYXJjaFRleHQQAhgEIAA","[[[690,840],[1050,1260]],[[690,840],[1050,1260]],[[690,840],[1050,1260]],[[690,840],[1050,1260]],[[690,840],[1050,1260]],[[690,840],[1050,1260]],[[690,840],[1050,1260]]]"
"首烏廚EAT","竹北","24.820185","121.023294","{""熱炒/居酒屋""}","$$","4.5","竹北高評價熱炒/居酒屋，Google評分4.5分、累積717則評論。","{""熱炒/居酒屋"",""高評價"",""人氣""}","03-668-8609","lot","付費","{""https://lh3.googleusercontent.com/grass-cs/ACvplmOqbCL8cMty9yOGeflylAfaVoncZvdJzB6OZ4PzWT2btghLBhB5h5FiY186q6tpNvat55wBL5mc1eVanEKW2NVwwRJOQm4p9E2QpjL4xhtNnz5AUK8eSU3bWnMA1xdhdlZgSEXUAw=s4800-w800-h800"",""https://lh3.googleusercontent.com/grass-cs/ACvplmMYi0Yr0QK6NerBsOLjqk6WpEOmVGM2zzAJVEw6KEV7E_Xb_ta-XYsVeKpYX3K-TtcrDIZJZ_nNa-BDFbQEqdFZFI_jtKzpl3uKawhuCvvkHvcp4ciR8O0gISRLLRyCHOs_LQMahAztwGs=s4800-w800-h800"",""https://lh3.googleusercontent.com/grass-cs/ACvplmMx6evo3THx_jKAz49Kyd2i-1FqubWBvj9Kmnky4vWPHwEbWzcqBFhbbneaXsxEv7Pd02_vmjT2zEhjnwvJATTFVv2a46Nrz0_gb8KSiZpPxP_7ifh3mxV4qD9-qxL-DAEvurH_KPgJRtTZ=s4800-w800-h800""}","https://maps.google.com/?cid=11012131525497380514&g_mp=Cidnb29nbGUubWFwcy5wbGFjZXMudjEuUGxhY2VzLlNlYXJjaFRleHQQAhgEIAA","[[],[[690,840],[1020,1260]],[[690,840],[1020,1260]],[[690,840],[1020,1260]],[[690,840],[1020,1260]],[[690,840],[1020,1260]],[[690,840],[1020,1260]]]"
"金鶴呷 熱炒","竹北","24.831327","121.033561","{""熱炒/居酒屋""}","$$","4.6","竹北高評價熱炒/居酒屋，Google評分4.6分、累積512則評論。","{""熱炒/居酒屋"",""高評價"",""人氣""}","03-588-9088","lot","免費","{""https://lh3.googleusercontent.com/grass-cs/ACvplmNIo2IaW32SGHfcTiYjMqEVHGcTyje9JQ1auvgutvix23yxe4AfNNmCBjzVUGH6E_G8e4hKpqq5ake61A2g13S4ieiZWHO_q_U9VYltSAs1oSbltC_X3J_RHzenkeJj5nhB-ONF=s4800-w800-h800"",""https://lh3.googleusercontent.com/grass-cs/ACvplmMEzVWnM21ZaHNHOljakW7ggZO0p8Bt4sU63BagHQwZI6PN_trKP114TO3u2cbfzpb-097oamxbLMpRN0QnWLrumayLbXRqPA1R_VOuHYenZyvRO5Wnn4O5eBuut6R8tgh96jL0pQ=s4800-w800-h800"",""https://lh3.googleusercontent.com/grass-cs/ACvplmNzWkkbKtgMa-lcVLXdt8-6xb5OSnpMopAnGJIciQ76kCC0mdiBKS0GMUmjG1IoUx7tiySNhxySZDXiwVqZlaxHZhkSGMwISkUzP_4MMCdvRaftbi5oeeBOyb5wAgB0fYH4mcwyEmL8teM=s4800-w800-h800""}","https://maps.google.com/?cid=18132917323288769200&g_mp=Cidnb29nbGUubWFwcy5wbGFjZXMudjEuUGxhY2VzLlNlYXJjaFRleHQQAhgEIAA","[[[1020,1440]],[[660,840],[1020,1440]],[[660,840],[1020,1440]],[[660,840],[1020,1440]],[[660,840],[1020,1440]],[[660,840],[1020,1440]],[[660,840],[1020,1440]]]"
"蝦咩","新竹市","24.79932","120.964411","{""熱炒/居酒屋""}","$$","4.7","新竹市高評價熱炒/居酒屋，Google評分4.7分、累積441則評論。","{""熱炒/居酒屋"",""高評價"",""人氣""}","0963-501-060","unknown","","{""https://lh3.googleusercontent.com/place-photos/AG9NLjB9iBQ3_U4rCrPIBW2b9wq8-z2oqZ3ye2aebc7xi51kWHR6VL-dY8yVt0VmEoeIdbSP6Xolp6zWI3tv7bqbmhvI8eQewRdKNDGUEcbxfczm8FsRwyxp7rBGLvJjBHdJPBqz-p_1iS4rOnuIf4DZtiJevA=s4800-w800-h800"",""https://lh3.googleusercontent.com/place-photos/AG9NLjAPdguTep-OsKysvr1hCvlNJU9Nv7Feirbf8dr0mYWSirnpwsf8kxnJL_Whf94nzpQ5m0ishGG4FMVxhMgvQ0N5sSC0nL-tEe0xXUMCIDM6uiPOIyfDWAF79JdR7HBjJ-2fjBc-WjkeC9h1=s4800-w800-h800"",""https://lh3.googleusercontent.com/place-photos/AG9NLjC3q4dCgzRiyC-rnQg7OPW-Ya6fFDKynVOtHAbhlilcMk7k0bgBZNvZz5Xte931QAcHYM35J7mgAukb7Ya1k5jxtrPGG-20QBctTQFAmrMrysL3X2OPoOxSqCyC8Tn3bDkhC960FxpykPaL_D63W8Awcw=s4800-w800-h800""}","https://maps.google.com/?cid=18019677471027043568&g_mp=Cidnb29nbGUubWFwcy5wbGFjZXMudjEuUGxhY2VzLlNlYXJjaFRleHQQAhgEIAA","[[[660,840],[960,1620]],[[660,840],[960,1620]],[[660,840],[960,1620]],[],[[660,840],[960,1620]],[[660,840],[960,1620]],[[660,840],[960,1620]]]"
"十八食堂- 新竹竹北日式料理 竹北串燒鍋物 竹北宵夜 特色快炒 麻辣烤魚 海鮮大咖 公司家庭聚餐 桌式合菜","竹北","24.82892","121.026258","{""熱炒/居酒屋""}","$$","4.4","竹北高評價熱炒/居酒屋，Google評分4.4分、累積627則評論。","{""熱炒/居酒屋"",""高評價"",""人氣""}","03-668-2203","lot","免費","{""https://lh3.googleusercontent.com/place-photos/AG9NLjAvBIJ7KWJKqQFO9UpFZYHbXUWHF-Yd4-vtGzvUJ-FaGaCxU7pauLU-W_nmfDDEvtQ-E5zYZsCWuZj4VO_DPIZTcjUj4muNQSbVDCHODjzlv3ulwq1gmvcs3s4NBqdgpl8YsMBbp7j7IJGC5w=s4800-w800-h800"",""https://lh3.googleusercontent.com/place-photos/AG9NLjD6b17_dgvcbqzFpgGuWr8Jou1hQJz971epe75M5NltnZU5RZRtipsnpbYmJPwAxfya7VTkckEXdjknSkAg4LvFoPtVRDvPPhikYdhc2Rfvb9YbZ5XnvNic5pxKBrgZNsg1wg5OKxXKjBmMGKc=s4800-w800-h800"",""https://lh3.googleusercontent.com/place-photos/AG9NLjBtO8ozmeYTo4heuWcthrvlEimfIJuGp5HJYpp2ZJrWK_oMp2PjasKrPm_m4L7ouilXWCbUrM8_zcRFu-JnVdK2fTvtYx1A16VQiu4g8_RaZpoXn_pZajbk5qETMa8bdFYpjbJy6MXx_O26=s4800-w800-h800""}","https://maps.google.com/?cid=2877178723100211089&g_mp=Cidnb29nbGUubWFwcy5wbGFjZXMudjEuUGxhY2VzLlNlYXJjaFRleHQQAhgEIAA","[[],[[1020,1410]],[[1020,1410]],[[1020,1410]],[[1020,1410]],[[690,840],[1020,1410]],[[690,840],[1020,1350]]]"
"成功牛排 南大店","新竹市","24.788717","120.966577","{""牛排""}","$","4.8","新竹市高評價牛排，Google評分4.8分、累積3394則評論。","{""牛排"",""高評價"",""人氣""}","03-562-0301","lot","免費","{""https://lh3.googleusercontent.com/grass-cs/ACvplmP0O73DrFNUWVc__EB5hu2PIs5Jvz1lKAD3FRXxtv_Ihh4JQqBQuduEhdAw2psacZ_Fj3eJn8FS-xygJwzPdBQM16p2j6g9pZSOFJJ2CHqgj3JP8jjUpQILzCOH8FNkzoEC4UhjPBjxdMI=s4800-w800-h800"",""https://lh3.googleusercontent.com/grass-cs/ACvplmPpaeqykI61xMKt7Bn15ynzi3PcBK1p1rO2OYZ05shhqNHMA-KwDjD-CT4Db4pSEfbFahAjV7SmZVxx4nr0WiOuLWcC_g0gEpgJSitNpKpBpOkiQidWwwLBf89e0yVdtaY8dhQa4cdGX3Yh=s4800-w800-h800"",""https://lh3.googleusercontent.com/grass-cs/ACvplmOq13j5C7N-LGi2lKP_EQI9F2Eu0rZzBAyUO1-gK54svt2cvgijcH83JzJJaxKSoS0yD6NMyh3NUZAS3AgblNMk0sCude8XZ218kdxy6uNDldjBWWSrLEGPxk5TP1e1J1b8VFX53hLuizGp=s4800-w800-h800""}","https://maps.google.com/?cid=13672647684493547519&g_mp=Cidnb29nbGUubWFwcy5wbGFjZXMudjEuUGxhY2VzLlNlYXJjaFRleHQQAhgEIAA","[[[660,840],[990,1260]],[[660,840],[990,1260]],[[660,840],[990,1260]],[[660,840],[990,1260]],[[660,840],[990,1260]],[[660,840],[990,1260]],[[660,840],[990,1260]]]"
"史坦利美式牛排 竹北光明店","竹北","24.828093","121.008179","{""牛排""}","$$","4.7","竹北高評價牛排，Google評分4.7分、累積2428則評論。","{""牛排"",""高評價"",""人氣""}","03-558-9958","lot","付費","{""https://lh3.googleusercontent.com/grass-cs/ACvplmOjGPleKAMJsuu7K16JZ28VIuWj45IBs8WYV7a3hjYhJZ5w6Lv2rOU-T6sYlCX52OeH0GLhdHs2T5aqICrxU0sPahQVmKTRunnTUx8KplbJQYLOTm5M-qBirbuwkKQ-o9B-1ui1=s4800-w800-h800"",""https://lh3.googleusercontent.com/grass-cs/ACvplmOe0LgAwVmhlyYCZu45j4zSMhJe8u7t1ugrE23lTAXA_hMgw0xEcQzMgQq7xyGkjzd4St2LN22eExCxNs2tmDjiB1q7bYdX8Y6mMZ7CBU9pvQTaSR7kkic1FOM-6WG3zUDfeBSe88xkH3NA=s4800-w800-h800"",""https://lh3.googleusercontent.com/grass-cs/ACvplmPH0gIBbkHiOAqedQVCnzn5faXQ4SvW2fjULn_gwI31Zuvb9201BvA2JcIaqMKeF_p4UJMeWMmta1hdL5xOhhLuBE3hzQuLdbPLLMKnix2ShI1uwjxXOTYUsab6rrl_Oy8Eu98tfMFa7z0f=s4800-w800-h800""}","https://maps.google.com/?cid=17304385843038304434&g_mp=Cidnb29nbGUubWFwcy5wbGFjZXMudjEuUGxhY2VzLlNlYXJjaFRleHQQAhgEIAA","[[[690,870],[1050,1320]],[[690,870],[1050,1320]],[[690,870],[1050,1320]],[[690,870],[1050,1320]],[[690,870],[1050,1320]],[[690,1320]],[[690,1320]]]"
"Hooters","竹北","24.82186","121.023223","{""牛排""}","$$","4.7","竹北高評價牛排，Google評分4.7分、累積2161則評論。","{""牛排"",""高評價"",""人氣""}","03-550-3978","lot","付費","{""https://lh3.googleusercontent.com/grass-cs/ACvplmOsLKM0GjRswS0t8y0do7Q19eskT4wB48Euz_j8NB7AnfTKI4lzdzEopu89CRrTohKWvYvsIg8cl-CuTmgf96rV0niaRUhLwDFD1Jt7lfq86xMAadhmh9T93lX4ZJbv6fVLpBcQ=s4800-w800-h800"",""https://lh3.googleusercontent.com/grass-cs/ACvplmObKt0AFIsO1owSnTO9nBe2LdGiJLf5f8CUJScDqlj5mrTvmkY2x0EkJ0wcqaLKDPN5wZLFmpKZ9QpzCskh24RuZUyi3yMM2qccv1kS08IS3lum1sSB7JkggTGhJWUh_IMY7yUc=s4800-w800-h680"",""https://lh3.googleusercontent.com/grass-cs/ACvplmMxjnc3J44MGttMqYq3S2NP1VykZvpYtf_SPjeYeK7r7GB4hwmA7StCnyLWO62uI5-O8AjrYy_PEtGUEj8v9ov-4Ha8NI8IXPn4GZwvzRgUut_ZEkYO0AUjt3tTRLF5rn0e494ODNcGyAWm=s4800-w800-h800""}","https://maps.google.com/?cid=17716340455423875751&g_mp=Cidnb29nbGUubWFwcy5wbGFjZXMudjEuUGxhY2VzLlNlYXJjaFRleHQQAhgEIAA","[[[660,1290]],[[660,1290]],[[660,1290]],[[660,1290]],[[660,1440]],[[660,1440]],[[660,1290]]]"
"白鬍子牛排成功店","竹北","24.819193","121.025976","{""牛排""}","$","5","竹北高評價牛排，Google評分5分、累積1348則評論。","{""牛排"",""高評價"",""人氣""}","0972-763-361","unknown","","{""https://lh3.googleusercontent.com/place-photos/AG9NLjCxJ0-aHI-6N9a3ISDVboaxv78kxdGkB6NVRpr426P_6bisayMWev86wKRcEWg6cm-_8DNIghkJ5rLrpnc16q96IIjn9Sc7aRLeVYmLA3zCNGAaU8wJVDBU4U-zzUjSG0WW6TpbHJZjT7bguoW_gi_vLA=s4800-w800-h800"",""https://lh3.googleusercontent.com/place-photos/AG9NLjDZy8yz_cCXK2so8aYReJP8BehFWUhIp6GyipQ-7Ayx8azTHooQwvceY46dMOzWWQO4H8vKG2K9cH-AGYARFT1ZJGxXSaSdkhvh5QfYgBxLslncFk_6s5Iw18wFDCH9GSSopBw3zWWBik3yTpQl7IEoAw=s4800-w800-h800"",""https://lh3.googleusercontent.com/place-photos/AG9NLjDpWMl1mtXmvQZV6ePlVpt_BiVq_ir8F4qfFwToL8aoljBJkRN7hvoKPYqS8-R5d2xXL6ZMUm6W1HAhmQEdyUnCGV2k--F7ms7BcvzXb536VyNVz1uQ5pjsWGEWQR0XVWy85E2Id8y2zH6C8gFtM3M2Zg=s4800-w800-h800""}","https://maps.google.com/?cid=8792396308967138186&g_mp=Cidnb29nbGUubWFwcy5wbGFjZXMudjEuUGxhY2VzLlNlYXJjaFRleHQQAhgEIAA","[[[690,1340]],[[690,1340]],[[690,1340]],[[690,1340]],[[690,1340]],[[690,1340]],[[690,1340]]]"
"硬派主廚的軟嫩料理-東門市場","新竹市","24.805497","120.96914","{""牛排""}","$$","4.4","新竹市高評價牛排，Google評分4.4分、累積2578則評論。","{""牛排"",""高評價"",""人氣""}","03-525-1323","lot","付費","{""https://lh3.googleusercontent.com/place-photos/AG9NLjAMU9DIlY4bnoQg-yhAiyLSmsvLS3OTUtQU2UMn4dMSdp3J76LbhLVTWCLGOjzZdwgYqFYnTNqtOJhnmM7hpcTZdD5sUgSeWT7BLxyMhOaW9uZyoku3I98UnTqbDlX5Fc7ce1jm5giBUZS1JDY=s4800-w800-h800"",""https://lh3.googleusercontent.com/place-photos/AG9NLjDH6a8K0-tqoimHm28pbRFntTuYTQPyJA9kUyRAaZEfuOJwH2_R2VYVGNfPWg7itwiVDfQbJ-XtFir1aFbWHHQaFtTmc7DxmUNsqYL6DOPDRJSOYpIzLQ7BxF0omn2K21D578GMB8qfWXt3=s4800-w667-h666"",""https://lh3.googleusercontent.com/place-photos/AG9NLjBFwjHQTY3oIzZ0-vY-v6I5b1fVLV-jQQdRS8MUXjheqPFj_DiyJ3M6EN-SSmXYim493xCXouJs2udEHc4uYFD218dV9w6sbFe5N6t9Cu_6fJZ5vDEqYpk2n1IFKnpPoOusIECT6Pa8-qFIEBxwpvWRsg=s4800-w800-h800""}","https://maps.google.com/?cid=18432351907678265517&g_mp=Cidnb29nbGUubWFwcy5wbGFjZXMudjEuUGxhY2VzLlNlYXJjaFRleHQQAhgEIAA","[[[690,840],[1020,1290]],[[690,840],[1020,1290]],[[690,840],[1020,1290]],[[690,840],[1020,1290]],[[690,840],[1020,1290]],[[690,840],[1020,1290]],[[690,840],[1020,1290]]]"
"Texas Roadhouse 德州鮮切牛排 竹北店","竹北","24.819431","121.021715","{""牛排""}","$$","4.6","竹北高評價牛排，Google評分4.6分、累積1753則評論。","{""牛排"",""高評價"",""人氣""}","03-550-7848","lot","免費","{""https://lh3.googleusercontent.com/place-photos/AG9NLjCwziJcu13zZvJ7vCRB1PIN3W5qhoKWfq8WRjEGpwznTggOSrmFMBix4o5wipXZTlSbtOGbX-SMMbLurYP1FATlrUh4llfpRby9sxj75x4jxxps4RVDxTKC-XC_RIUW7uosTXydikVlI634kQ=s4800-w800-h800"",""https://lh3.googleusercontent.com/place-photos/AG9NLjDTstQHIhwt0XpnbmfVtUgd3Ghyo03lZAzQ3vZ8xAHDHBL2A2tOfMPVgkp0VEjInENDdj5pM2oGbcl6IwCRo_8tZD3U3v0NTy5Ti2ycJygieNqqU1G8MQTFSq2VazRZL-j29VRpzUXbD7o1AFUzq5ks=s4800-w800-h800"",""https://lh3.googleusercontent.com/place-photos/AG9NLjApiIpaWJLuJBdFp7tF_a77CIlh010ojNDQdWmqGslhp7L3TWVpbsnetrKiWdJNGxQSm1u7vS_Yvnng2kw95ImBdjQ_IaebBHWKZ-tcGT3orzZP5Fe0wwiZ87zMgpBHCzOL9HsFR3f8I74P0VtJyGfUOw=s4800-w800-h800""}","https://maps.google.com/?cid=11765446429190600347&g_mp=Cidnb29nbGUubWFwcy5wbGFjZXMudjEuUGxhY2VzLlNlYXJjaFRleHQQAhgEIAA","[[[660,900],[1020,1290]],[[660,900],[1020,1290]],[[660,900],[1020,1290]],[[660,900],[1020,1290]],[[660,900],[1020,1320]],[[660,1320]],[[660,1290]]]"
"白鬍子牛排清大店","新竹市","24.79844","120.997897","{""牛排""}","$","4.1","新竹市高評價牛排，Google評分4.1分、累積4074則評論。","{""牛排"",""高評價"",""人氣""}","03-573-7889","lot","付費","{""https://lh3.googleusercontent.com/grass-cs/ACvplmPLoBQp6vurvwOjNyJ_brlLrZt8WkHmC6JlWnq0lkDyGGruhIGjNJAcjzjFjR6thfWoQIGMIgyKmUTopB6cPy659MKdSNyAM2f9EXh1nwa5A1uT4NMQ7vFU12AOf_NjiYitpXHRcjNHOkik=s4800-w800-h800"",""https://lh3.googleusercontent.com/grass-cs/ACvplmPUBBF_Uf17TYuNDR-J_fSa-tUbzv9DSFF7ZtEHOnPpvbFAe6nKsMHVxTzcT7lBJFDp0G3ScIqObqqFdv_EwVKyhVFM42xDPmaEGKkfeRy9rm_dhyYPdZGmBT0UKl3UdQisAzEDtTV6MBvf=s4800-w800-h800"",""https://lh3.googleusercontent.com/grass-cs/ACvplmNhk75bjWaHrUXi7sYbKlueAAmn4THK49NRSZ6_WHvpsjT_NQGtcrPdvn8WrPpkhZqIN8Npae7LuF-opRljHoXYjQMGvILj_AUK2sLjgFMq8Cz2_L_dhnP0YCayID7b2-ZisY8iI4oVfytL=s4800-w800-h800""}","https://maps.google.com/?cid=12423955364112840335&g_mp=Cidnb29nbGUubWFwcy5wbGFjZXMudjEuUGxhY2VzLlNlYXJjaFRleHQQAhgEIAA","[[[660,1520]],[[660,1520]],[[660,1520]],[[660,1520]],[[660,1520]],[[660,1520]],[[660,1520]]]"
"白鬍子牛排 竹北文田店","竹北","24.830998","121.015426","{""牛排""}","$","4.7","竹北高評價牛排，Google評分4.7分、累積1210則評論。","{""牛排"",""高評價"",""人氣""}","0932-727-292","lot","免費","{""https://lh3.googleusercontent.com/place-photos/AG9NLjAdfe2DUWUrKD74WkYfYj7ufX6sOfeEoLWUdC327Bpu_4Lq0lPaQGxC-KDGRvkMzwaYces2F7h7-9vFOKdZ-Hti5vI98kqSbAyyDIYzjEMjB7glpJmxSDCYuUP9j9pz3gqQzLga6rjPZ7YVK7cPR65UUg=s4800-w800-h800"",""https://lh3.googleusercontent.com/place-photos/AG9NLjCzsXC5RjVpcmtUy6qfBmHjSK98Otadah3GqIjOjQWqbI-mn5Yyo8XzAP1PyalXT2tunZeJtGBOD_CHl0Cd_WRMjFWMWmGTkKkw0tcm-oYVF7skOHpLgWepkuK7WM--gWHv5sxHZeac052Maw=s4800-w800-h800"",""https://lh3.googleusercontent.com/place-photos/AG9NLjDA0j_olB3m-cLiIEKCNqT18v1xKuoqyf7NY-mZKxw8OuhGwVZfZEbSAFjUuzNmlxSkt7pVUDFHsCNYCVMQDtL-9xa8dYLe88pK9e8TkXlzGREUeS1tzPIky81GNdgb5xLolRAVnCIKjKJOBTHSdm7i8Q=s4800-w800-h541""}","https://maps.google.com/?cid=18139153275525598496&g_mp=Cidnb29nbGUubWFwcy5wbGFjZXMudjEuUGxhY2VzLlNlYXJjaFRleHQQAhgEIAA","[[[660,1300]],[[660,1300]],[[660,1300]],[[660,1300]],[[660,1300]],[[660,1300]],[[660,1300]]]"
"牛範生台式蒜香牛排-竹北光明店","竹北","24.829912","121.018153","{""牛排""}","$","4.6","竹北高評價牛排，Google評分4.6分、累積1392則評論。","{""牛排"",""高評價"",""人氣""}","03-558-3811","lot","付費","{""https://lh3.googleusercontent.com/grass-cs/ACvplmPse2oe4lIewEy-khGZGo9E2q_6qLGRjDxXC43eJCjUPpf9whIk8C9MzVRfdJQax-CL8pAA15wPScJjH35LLfI25Oe6t-_D9FvNxlhUcDLZdvKvoSUosCRWgVQDOZZYXteDN3rxi37v6W-t=s4800-w800-h800"",""https://lh3.googleusercontent.com/grass-cs/ACvplmPJJQJ6OKv7z0kC1HeFRIRiSMhnbeyHdc8ERZBTmoL7MuS7_d6Rdq9vNqwA-cHNFRQnNk0AjDLfJHvDtFh-994BloG_s_YXTFdlFIU9fEn9Cm8J8DW90J5b0ncmcWkftjoju7mXO_GfL4-4=s4800-w800-h800"",""https://lh3.googleusercontent.com/grass-cs/ACvplmMFsR6J2Cb21cv2kGyQwEQpY2Y-rqaXLtQULu8635htwQ1zjlpHt1JpPwPwgAzfVvY4HYGy3_fNwl_u4h9Ac03nuskQeeYDHdYm8N_LiNG8PT2XhRdt_GgD2eBbgCGQ-bHgLbSwzfCZtVws=s4800-w800-h800""}","https://maps.google.com/?cid=18101775409373184265&g_mp=Cidnb29nbGUubWFwcy5wbGFjZXMudjEuUGxhY2VzLlNlYXJjaFRleHQQAhgEIAA","[[[690,870],[1020,1260]],[[690,870],[1020,1260]],[[690,870],[1020,1260]],[[690,870],[1020,1260]],[[690,870],[1020,1260]],[[690,1260]],[[690,1260]]]"
"素食林小館","新竹市","24.802084","120.966239","{""素食/蔬食""}","$$","4.7","新竹市高評價素食/蔬食，Google評分4.7分、累積1631則評論。","{""素食/蔬食"",""高評價"",""人氣""}","03-526-7477","lot","付費","{""https://lh3.googleusercontent.com/place-photos/AG9NLjChDhijn4QTYJ4nnaIilXOKPwTfYgSJLXFl6sACC1IWWEjuuVNAB9qH1OdsOPD3n_K282Zuq-J9F3NCR4KjTm5iPRAYTBModa56f3ts6BfjNWog58VwVoE0FeI4JTVZcrRjevUVRl4XT1-a5Vo=s4800-w528-h800"",""https://lh3.googleusercontent.com/place-photos/AG9NLjD2w6HzdPJgVByWtdy4Rgmw9-HiJ5d_KBVdh9UcaXH-2N6IwByKQ_74oxqtujUTYVcOcPqK7I0wNtlaDTvnonWhh6ZD4zVNqEmZ6SSqgS41VMcrE2F4lxcPHHPadJqaF-rfbf9NIwvMvDEmiw=s4800-w800-h800"",""https://lh3.googleusercontent.com/place-photos/AG9NLjAolMpRlPZ8r7hBp_WYJJGn4M-SCMLb2rsV_T3roCNsfYR9FnYjCUV6gXeMtobwAckK8pvO7R3PReZrxLMqAm72paNqnOBa26nLEjSN9cztMz5SEKL2tUU4iKqX-wcwJ8qUDOlhXs8wTMtIJbQLTXQ6=s4800-w800-h800""}","https://maps.google.com/?cid=2273638311939607557&g_mp=Cidnb29nbGUubWFwcy5wbGFjZXMudjEuUGxhY2VzLlNlYXJjaFRleHQQAhgEIAA","[[[660,840],[1020,1230]],[],[[660,870],[1020,1230]],[[660,870],[1020,1230]],[[660,870],[1020,1230]],[[660,870],[1020,1230]],[[660,870],[1020,1230]]]"
"新築窟","新竹市","24.800979","120.97474","{""素食/蔬食""}","$$","4.6","新竹市高評價素食/蔬食，Google評分4.6分、累積1595則評論。","{""素食/蔬食"",""高評價"",""人氣""}","03-562-3005","lot","付費","{""https://lh3.googleusercontent.com/grass-cs/ACvplmPtVQIKX3aN6Hgba2zAnEuAh74FSZKJ4adIa1yEhlb39xIcbL38PHW0o4pld6eU7cc46p1NlfiyGvLqNuyANkkJeE2DTZwx8WBykcUhNs3RUkYK8kTKGm8QJvtAFLK9-IHC5C0=s4800-w800-h800"",""https://lh3.googleusercontent.com/grass-cs/ACvplmMAZQytKmVsXBwRh581KXmk2H37lcSIakumeo_r6ILNJLAZZuJb7woHVCwGArT6b_UQ4rxu7Oy3Kui5hHanbZ-QbXg2Xi_uSceXjxmv_KSLx07ShuR6FWKm-9SDn0r8apEtF7d7AShblxCJ=s4800-w800-h800"",""https://lh3.googleusercontent.com/grass-cs/ACvplmOMMbUFZ39CKBnVqLSdA1B-QhOl28wzMSQNv_6OG9pED36xPEcVoaig4rVfdeYysSWtZkGYbnugx0_xc9I-kkBmXtWDaxMBLArKKB8tXMwLUIo3QzYScBQ_V0XQyLqJEWGpQZv_=s4800-w800-h800""}","https://maps.google.com/?cid=8467267393341115979&g_mp=Cidnb29nbGUubWFwcy5wbGFjZXMudjEuUGxhY2VzLlNlYXJjaFRleHQQAhgEIAA","[[],[[690,1290]],[[690,1290]],[[690,1290]],[[690,1290]],[[660,1290]],[[660,1290]]]"
"姑姑の蘋果樹","新竹市","24.799875","120.965057","{""素食/蔬食""}","$$","4.9","新竹市高評價素食/蔬食，Google評分4.9分、累積863則評論。","{""素食/蔬食"",""高評價"",""人氣""}","","lot","付費","{""https://lh3.googleusercontent.com/grass-cs/ACvplmNnNZWBhihFmymsYCS6QExKAYVUt7DyIoofmBgYjgXgtpDKLumJ5q-DE6SkyMPwaKWtCONKJPP1wVJlP5ZGbR9tcEpT4hTew9mpiq1v2-NXMRzMawfcsiYa-cWOXwkfqWFZDBl3hd8Nf6F6=s4800-w800-h800"",""https://lh3.googleusercontent.com/grass-cs/ACvplmOhbtTC_O0cYsfdvddlBRPpTluAp3u-JSV2zjvkJoGCOu_eXMx-ljo9UAsluMWDT2BJM_7YR1iviYzrucjkakhNoq0R22mICUTmVABVZLol5hWNeUzdQ6ax1ukufVE7_K5qIr4AdDFrCiE=s4800-w800-h800"",""https://lh3.googleusercontent.com/grass-cs/ACvplmPgjX7Cuenfz1Gqv4njon9p18zK95XOB-eknl76zOph_J_vFIxjtfIRra5nT7tpYDCwl9gD7t8BYQCQEPOywS85zDsldxW_Yid109IZIcR2IEqjgun_60KAQQyhq7xmwudsGvxA5lmwhdBh=s4800-w800-h800""}","https://maps.google.com/?cid=15905285235820387364&g_mp=Cidnb29nbGUubWFwcy5wbGFjZXMudjEuUGxhY2VzLlNlYXJjaFRleHQQAhgEIAA","[[],[[630,1020]],[[630,1020]],[[630,960]],[[630,960]],[[630,960]],[]]"
"井家","新竹市","24.808028","120.969979","{""早餐店"",""素食/蔬食""}","$$","4.4","新竹市高評價早餐店、素食/蔬食，Google評分4.4分、累積1379則評論。","{""早餐店"",""高評價"",""人氣""}","03-535-5635","lot","付費","{""https://lh3.googleusercontent.com/grass-cs/ACvplmNS5GdFKwQzkynjjQnS0wLPZIx7HnGKIE5BM8fiopVJMU3bMEW1m6TFLL978YzTNWI60823TgtIHOGahbVx2odG82vR4LRDYMRsAKMkxsJEFYtUUYIc-8h4XiZfz9wH8cr7U3L_=s4800-w800-h800"",""https://lh3.googleusercontent.com/grass-cs/ACvplmP_xyFyoIc7x53i57ISXGDJDVoeiSCsKWUfIgQS5rFH_uj6aUh25lVn6hZGI3NzreuIyjULsMuhFc8maGTmRcSrhwybp2BmlmJwRi40hhjg7TefSrDrEZMtsyIBMxgFGzGEF27mbA=s4800-w800-h800"",""https://lh3.googleusercontent.com/grass-cs/ACvplmOrskOoeDoLWiV68aT6TA1juAudZz_Dzp6JWnceUwixwZUGwTfQVrGqECjlaxqAwGGvO37rFzzPexUpBOXQyNyQH7R0a6B-MMvCC4e3uRdmFo6evpx-zQirquq1lHHywtyj2YPbe7JPkJsP=s4800-w800-h800""}","https://maps.google.com/?cid=7841598026945488305&g_mp=Cidnb29nbGUubWFwcy5wbGFjZXMudjEuUGxhY2VzLlNlYXJjaFRleHQQAhgEIAA","[[],[[540,1020]],[[540,1020]],[[540,1020]],[[540,1020]],[[540,1020]],[[540,1020]]]"
"善菓堂","竹北","24.815494","121.019333","{""素食/蔬食""}","$$","4.5","竹北高評價素食/蔬食，Google評分4.5分、累積1169則評論。","{""素食/蔬食"",""高評價"",""人氣""}","03-667-5955","lot","付費","{""https://lh3.googleusercontent.com/grass-cs/ACvplmPVYHLT_LhCCEutQQaRckxVD7-VRq93EMAXxbiW0hWsBjnQcSs8zZ9n2pVy3WWfVmQsWDP-eknHLSTZ5LUCY5IXw1cTKRSqf2Lgtb7VNjuBQtZ7_G79PryKPos1Z6Apci_vu2o=s4800-w800-h800"",""https://lh3.googleusercontent.com/grass-cs/ACvplmPbniv7Tz6W9s8u0UoJp2ZGHzaokRqV4CxHrrlF-TOqhjb5Wa8qQJy-uKJRdIHHCylEC7YhE_C8s3x1peqGAVXGbWZZKsbUlOnnf_yhE_5bq4GOn-lqdFI6vPaTedgIosQQS2b0dqhlqKe7=s4800-w800-h800"",""https://lh3.googleusercontent.com/grass-cs/ACvplmNWFXtUlCtze4HNAi_VSyNP49JrGJD1LvGqMQOIjQyTSHLePdrXX_p6fTGfNqzPru6oprsru63EHfGvbRbLbeOR9qfAbhco-cv6Ruabez80A7Mm-tqwhHzqjM7Cg3e8HehQYqPr05c48IXi=s4800-w800-h750""}","https://maps.google.com/?cid=934369847045672411&g_mp=Cidnb29nbGUubWFwcy5wbGFjZXMudjEuUGxhY2VzLlNlYXJjaFRleHQQAhgEIAA","[[[690,870],[1050,1260]],[[690,870],[1050,1260]],[[690,870],[1050,1260]],[[690,870],[1050,1260]],[[690,870],[1050,1260]],[[690,870],[1050,1260]],[[690,870],[1050,1260]]]"
"熱浪島南洋蔬食茶堂 竹北店","竹北","24.831342","121.011386","{""素食/蔬食""}","$$","4.7","竹北高評價素食/蔬食，Google評分4.7分、累積732則評論。","{""素食/蔬食"",""高評價"",""人氣""}","03-558-8319","lot","付費","{""https://lh3.googleusercontent.com/grass-cs/ACvplmOio-bwVFdmfgBJE31NlnjvH6DEUECPQ2Z8-_KAGu0mIqCIBW6nizl3EaczGjFTe8RQAYNPjn-hWiVeoS1XOEYU4JXywAnCcIQuZs6yXx39NBC9u4tiqRPyy1kReLSzujqxG3VksvuF5Go=s4800-w800-h800"",""https://lh3.googleusercontent.com/grass-cs/ACvplmP5JsU2dLq4b4E3mRH37xfkawV9NQIZOWfelnOzOI4RBIsr7pl7AH0k72e-hXIUiYZFUN548tH2U0zZqB1uUHibQ1Bmd-7tmvepvjyWAfvDgIrz5dppLUjUxInV4EdcECbzIiQ=s4800-w800-h800"",""https://lh3.googleusercontent.com/grass-cs/ACvplmN-wlZFQXGLTbPvKCSMVjxyZmdhF39njXR5kFCQP3MA6NbE-FZ3AbkjITj62ZYIbuzwohL6q-nft3lu_47bVXRhwTFuM0zeB-GPCm8iNeUiJgA6je2TMZ7X-FN6PDBNLdXAr_qc_bKJLHrt=s4800-w800-h800""}","https://maps.google.com/?cid=13314404011417679640&g_mp=Cidnb29nbGUubWFwcy5wbGFjZXMudjEuUGxhY2VzLlNlYXJjaFRleHQQAhgEIAA","[[[660,900],[1020,1260]],[[660,900],[1020,1260]],[],[[660,900],[1020,1260]],[[660,900],[1020,1260]],[[660,900],[1020,1260]],[[660,900],[1020,1260]]]"
"井町日式蔬食","竹北","24.832441","121.009907","{""素食/蔬食""}","$$","4.3","竹北高評價素食/蔬食，Google評分4.3分、累積799則評論。","{""素食/蔬食"",""高評價"",""人氣""}","03-657-3525","lot","付費","{""https://lh3.googleusercontent.com/place-photos/AG9NLjDPHJWJAGccWjkGpaEh4DeNjJs0LrxxkVFf8js-ASyrcjLKshUpMGDmEahdyYP4a-iNqTSz8IUB7j-GwId4mec9Gc3trnwWFeAKYQRUC_sdwDw-2JTxcGVP4M6L8iV4aQAz8XKo9dtVTrFOyQ=s4800-w800-h800"",""https://lh3.googleusercontent.com/place-photos/AG9NLjBT59z0koVQ7WfYEciGSCgfReCyFzGJnLvrMZAtzzgkwEGVrmxq2m4P3A1AY4MOMOyRhiDTbm0dB0nNpKSW7mJ_Pl1jzMdiJKypdExvrANOcwU8rKx2ZI7w4t1DfRvovG4Xcqur3vvOd68UGHrm_7rY2A=s4800-w800-h800"",""https://lh3.googleusercontent.com/place-photos/AG9NLjDwiaZ4gPwCX1HChqG1vdiEkmSG4-NUCszMVln-6MKlAg4XsYBIPwaJP4N41TYPKgyvQUU9r5DyqKRQZSp5TaJzs3fiTEejIJ420RiShRoQ7XWW9nJGa_-RNr4Q0hkEbVdELZyPQcUk6dmRp0jS2XhX8w=s4800-w800-h800""}","https://maps.google.com/?cid=1665049953863425038&g_mp=Cidnb29nbGUubWFwcy5wbGFjZXMudjEuUGxhY2VzLlNlYXJjaFRleHQQAhgEIAA","[[[690,840],[1050,1260]],[],[],[[690,840],[1050,1260]],[[690,840],[1050,1260]],[[690,840],[1050,1260]],[[690,840],[1050,1260]]]"
"天香蔬食","竹北","24.841624","121.003808","{""素食/蔬食""}","$","4.5","竹北高評價素食/蔬食，Google評分4.5分、累積521則評論。","{""素食/蔬食"",""高評價"",""人氣""}","03-657-6158","unknown","","{""https://lh3.googleusercontent.com/grass-cs/ACvplmNGAP0vqcI3niVSTU4onUXt95H707RXu7QpBkwbWc2TVN4499uu44az0VUOIZf0qzmYODuqKKl2kHdFkzjlrrecUChqvdi1BKloG5NSYX9Vck2LOA4mLilHcUkjm22m7V5OyBnbw2RZYU54=s4800-w800-h800"",""https://lh3.googleusercontent.com/grass-cs/ACvplmN3WyK0ihh1mtgmEJPsEgVz049Z4ddQ7c8FMNDFfZQ6IMGIcOp9UbPSxrv0179rl786bzDCXu-gAfsrZDFs6yTmeTH1sFDTptUZSe7xhl9SThELr6GmDefcDhfMi6VBgBw3-Twb=s4800-w638-h466"",""https://lh3.googleusercontent.com/grass-cs/ACvplmNXV8UpIqOm-cPdEwW2v12gw8DTEsBuANjh3G2UgTV-LdrgINnfBFtbRBhFpxyU3-HBLebwvFvTyjQCMABKWaUBjC80d2ds7mdq1ahFcib2p_7ws8MyTR51SdMoWkb6HvNdHp995E2jCdEE=s4800-w800-h800""}","https://maps.google.com/?cid=635981635208133905&g_mp=Cidnb29nbGUubWFwcy5wbGFjZXMudjEuUGxhY2VzLlNlYXJjaFRleHQQAhgEIAA","[[],[[660,840],[1020,1200]],[[660,840],[1020,1200]],[[660,840],[1020,1200]],[[660,840],[1020,1200]],[[660,840],[1020,1200]],[[660,840],[1020,1200]]]"
"That's Tarta 芝士塔塔","竹北","24.81566","121.021385","{""甜點/烘焙""}","$$","5","竹北高評價甜點/烘焙，Google評分5分、累積5456則評論。","{""甜點/烘焙"",""高評價"",""人氣""}","03-658-1776","lot","免費","{""https://lh3.googleusercontent.com/grass-cs/ACvplmMoPeUQE9KZJ6c9Ltg7AGlYleclmqOaHP8irT5mgPt0Oq77OnHHaAp-PZtohUenK8SJKkdKl5UrNNm0IwlAwh_EpY12OUGlDWBVfM8gGHRjXalZe10SrEDsrSErsYGXEQ2unJA3ag=s4800-w800-h800"",""https://lh3.googleusercontent.com/grass-cs/ACvplmNVZWTmJdvVyd1bbLgq1o2tOkiJT2mzjMBjpeEJEzGDzOSAa6e8NlD9-7O6CLtutqNlC2fPR6gIStpXA_cOu90cj4HUCmWd5mdHf9Vzgvazxlq2OdCoVoteoy1G0WZS_hjLNpfwFoRraE4=s4800-w800-h800"",""https://lh3.googleusercontent.com/grass-cs/ACvplmP7mC8dX-efvevIGzzCr25FH9elHbSvoGQ2ei_Lo0AH47Z4H2sFm0mcRMUN67lycddMFflu2nlK2qJIZdJ1zaq9u4e0Bo7t_BEpKCrMD2RtnUU0_KyavlKs2tMAvREWt6WJtq8dn3lTpNEg=s4800-w800-h800""}","https://maps.google.com/?cid=13805561935689596024&g_mp=Cidnb29nbGUubWFwcy5wbGFjZXMudjEuUGxhY2VzLlNlYXJjaFRleHQQAhgEIAA","[[[660,1200]],[[660,1200]],[[660,1200]],[[660,1200]],[[660,1200]],[[660,1200]],[[660,1200]]]"
"【烘焙DIY】自己做 烘焙聚樂部","新竹市","24.804631","120.971009","{""甜點/烘焙""}","$$","4.9","新竹市高評價甜點/烘焙，Google評分4.9分、累積5863則評論。","{""甜點/烘焙"",""高評價"",""人氣""}","0965-833-928","lot","付費","{""https://lh3.googleusercontent.com/grass-cs/ACvplmOdOHDRiKfBjrw-4Sxly8YKvxR2HHCTOYDEfgtNGKyppwaaNGp1akcKNm_kA8xCZPSq3mt7bbo2toRC7BAhfcEGPmkSIP2Vl6H5Hms5amvPCh55lc1sOAKq2CPTdMpcERL2vaKIhzVGmXMQ=s4800-w800-h800"",""https://lh3.googleusercontent.com/grass-cs/ACvplmO-FmKwNI1YPwAHZu_QgvJOZNODPTQxEMzLphsDWHtSLF2-lijxTtVObkn-pUihyhA6QNxM9GwxH7BK-sjzw_6WwM5rpIyLDbABMtyu_RW6QkXQQ0r8zHN5g1s2ID_U23nQTRrR=s4800-w800-h800"",""https://lh3.googleusercontent.com/grass-cs/ACvplmNN2vT0ObPZKzvc6joT28yjNpO-Kv2wEUq2Zpg_8AQvUmRpa3sFh4pMKphN4IYoDr-tIGrJV-txzaOshV6mm0yS6QgmjIkMNgaDm_u88f4Hx3S2FLsIT3I2xzd7hCg6FlewjcOX=s4800-w709-h473""}","https://maps.google.com/?cid=12700074189131767290&g_mp=Cidnb29nbGUubWFwcy5wbGFjZXMudjEuUGxhY2VzLlNlYXJjaFRleHQQAhgEIAA","[[[660,1140]],[[660,1140]],[[660,1140]],[[660,1140]],[[660,1140]],[[570,1260]],[[570,1260]]]"
"一百種味道 總店","新竹市","24.801403","120.964422","{""甜點/烘焙""}","$$","4.4","新竹市高評價甜點/烘焙，Google評分4.4分、累積4476則評論。","{""甜點/烘焙"",""高評價"",""人氣""}","","unknown","","{""https://lh3.googleusercontent.com/grass-cs/ACvplmMXKhYJ19PZHI9qObaO7j18DiyABJ8d-BJf8TYPTVtBHccuzl3m_xGpAPeam1a18Mp5OxF8qse3KF10FxTbNbLLEDubOT8Y5AQTWpDY4QWHt48fAP_njrJGUSrPcxKrSpt5Wo6wnw=s4800-w800-h800"",""https://lh3.googleusercontent.com/grass-cs/ACvplmObttaUGZ56GXtH3_XzYNJITK9T266ACBDsapg8UsS4WbCphuZwCGWQatEoNxntWgFdottZ6WTiOcwtwPPC9zWpPoc05mn-j5QxDcMwppL7igabkUMRh2HGFEe6Wnk66anNyiC5=s4800-w800-h800"",""https://lh3.googleusercontent.com/grass-cs/ACvplmPIGzXfNlu4PXdTUNRs5uS68SOBZLkFpNRa8s1btldDZt4HmtTTMhxa11_xPVRLe_lcel4NUiljxFbCkToNrGKaXmmdgbYX-_UHPOmLw9J5TuyjixHFRgcfzpFuj4edVAqz-vZhgqhzbVbf=s4800-w800-h800""}","https://maps.google.com/?cid=1558302498753604068&g_mp=Cidnb29nbGUubWFwcy5wbGFjZXMudjEuUGxhY2VzLlNlYXJjaFRleHQQAhgEIAA","[[],[[720,1110]],[[720,1110]],[[720,1110]],[[720,1110]],[[720,1110]],[[720,1110]]]"
"艾立蛋糕 竹北店","竹北","24.831687","121.012186","{""甜點/烘焙""}","$$","4.8","竹北高評價甜點/烘焙，Google評分4.8分、累積1771則評論。","{""甜點/烘焙"",""高評價"",""人氣""}","03-555-1283","street","付費","{""https://lh3.googleusercontent.com/place-photos/AG9NLjDfYQeolOp5ICi1Mo7auPhEzUSqHKDWdEmvwJxUYw14RUYCBcS7zInL_SI7cB4NZzm0i0UhKHrzeRhZkxAehT1XQyeOjtITRWNcD5aMCDQbuWdHPgOM2ly-u4L6woXcTxmzENaeLXKB2FJTYQ=s4800-w800-h800"",""https://lh3.googleusercontent.com/place-photos/AG9NLjCgMGJxB-gkz7B8ASFhuSA0ogaJvbPoR4IoWxgiAyMxka0jUeD09ziTXlnAg9ptKq8CRgpk1A2UybX6WZt7cP-Sd-nUTcOepcb8YsfmKjMAnRjV99IdkkvinvPfQQhW1WE2f8SPW00ceLqmvFSmOVxKBQ=s4800-w800-h800"",""https://lh3.googleusercontent.com/place-photos/AG9NLjAf3OR3Ek1r2kE9HrLCaHRfwOzvMv9Bbu9P_vnoCkndVj-eHo7WQaTtfOSSg5CUA-AhFCrSmETRnCzY-U_shzoyzx_bO3bIBaH0g5OTW6xq6_w8erzWm4DqdXgLrAOSpc52ftHf45mvywLfuL-4dFNU=s4800-w800-h800""}","https://maps.google.com/?cid=1069249757806029651&g_mp=Cidnb29nbGUubWFwcy5wbGFjZXMudjEuUGxhY2VzLlNlYXJjaFRleHQQAhgEIAA","[[[690,1230]],[[690,1230]],[[690,1230]],[[690,1230]],[[690,1230]],[[690,1230]],[[690,1230]]]"
"傑里麵包","新竹市","24.785882","121.020339","{""甜點/烘焙""}","$$","4.5","新竹市高評價甜點/烘焙，Google評分4.5分、累積2506則評論。","{""甜點/烘焙"",""高評價"",""人氣""}","03-666-7082","street","付費","{""https://lh3.googleusercontent.com/place-photos/AG9NLjBPx85Sr1V4pJWGz423rVMr_5UBf7o2PeQCTQRF2-CFLc8QzC87J_DiXTvtC3bURBq8HpK0Zb7Zw0CqM9T4lNMs87pQAwu6mcBwS7uZWsFPZOi0gFhmvGLxQMJFelNV-RW4inKF-tw8OvyVMQ=s4800-w800-h800"",""https://lh3.googleusercontent.com/place-photos/AG9NLjC5a2S2VJOcOrJ5RmSJroTgVBkLDdb5986p1ZJNj7R_sGCUrupEpoh80ueW_nvGSHbbkuhx61VEIqINksVvKsUlFfOdNyEllEtpu46plcX0D4ZF846gUSVXk3Hi_Y6mdn2cre0p3NzJR6MBc8afln6Mrg=s4800-w800-h800"",""https://lh3.googleusercontent.com/place-photos/AG9NLjDUqaYbLq4x-VBCgKMWgFuuzMwWFZrAzK3xeqKcyfwTZ4B-nt5EADt0liCuaX5s5HehMdPsH1IoOzE5MiCqvxt3l7VcND2W6tRLCaz3bnWoTqdijRHzliWUQ6rKAoZegPwESJLKRyYigViJJA=s4800-w800-h800""}","https://maps.google.com/?cid=2094480696919752677&g_mp=Cidnb29nbGUubWFwcy5wbGFjZXMudjEuUGxhY2VzLlNlYXJjaFRleHQQAhgEIAA","[[[660,1140]],[[660,1140]],[[660,1140]],[[660,1140]],[[660,1140]],[[660,1140]],[[660,1140]]]"
"LADY KELLY 新竹巨城店","新竹市","24.809486","120.974721","{""甜點/烘焙"",""室內商場美食""}","$$","4.9","新竹市高評價甜點/烘焙，Google評分4.9分、累積1114則評論。","{""甜點/烘焙"",""高評價"",""人氣""}","03-535-2225","unknown","","{""https://lh3.googleusercontent.com/place-photos/AG9NLjApP0Ekxw4l4u2l_HfzRKaFYimdpAJW0s_nH5LSMYQSy4fstZOPxKJDuactMeGJLdGY3CAxx7bhw89C_cAEeVRTHHQRgyprSKUSdE1w0VHYoTJdiugi-dcl6SP8TxvhxRE-ndh_opRI7H7GkQ=s4800-w800-h580"",""https://lh3.googleusercontent.com/place-photos/AG9NLjARc5zWASY7MDSb0qeOgBijDcanp9OZ3-FlR0bC_CRtaubD471I1CTLfZp4FDAPBewqvJAVrLk-QS2q3d2byuFPg_PZ2H-qbbZFUzef4Eb2ta-NhLla-ZSCtzlR_4bRkTPbBLCddZSlkK6_uMTkOCNf4Q=s4800-w800-h800"",""https://lh3.googleusercontent.com/place-photos/AG9NLjBNdP9XUEaJRfBjshZFEN53MwItMP93iRjSmyD95U5cFzAuA09ZcFr3m-A7K_dNToLXBRtDunvchMOobcWILS1Js3sYEghfXNXXECfS6rvoInU6_DOE6ADYPB1Gy1T3G7aXOzPKE6LgjioN3RWW9cC-1A=s4800-w800-h800""}","https://maps.google.com/?cid=3144204756026885907&g_mp=Cidnb29nbGUubWFwcy5wbGFjZXMudjEuUGxhY2VzLlNlYXJjaFRleHQQAhgEIAA","[[[660,1290]],[[660,1290]],[[660,1290]],[[660,1290]],[[660,1320]],[[660,1320]],[[660,1290]]]"
"艾立公主","新竹市","24.81017","120.968127","{""甜點/烘焙""}","$","4.8","新竹市高評價甜點/烘焙，Google評分4.8分、累積746則評論。","{""甜點/烘焙"",""高評價"",""人氣""}","03-532-5500","unknown","","{""https://lh3.googleusercontent.com/place-photos/AG9NLjBBjiVX6z4-N054tYz3kTPYTd7fR7r1WL9kM4LCxfvx8nWUKKAU3qDKCGdBCbmwoxmd0VhtkSZNJYzCZyfyWUuihkk9R6yvX4H2EsEk0RgCpPSRKyyvTbZ0uRPlL9ZnOo3ItJ5cjSilLPOuv24=s4800-w800-h800"",""https://lh3.googleusercontent.com/place-photos/AG9NLjCsp8ecDQG1aiwKpcQqv8XvQ3Q6xvLi8DIZGBuoFxTIlVheGCix-5Gbx2sAFERCiCkFXCF41rvy3CR8jDxYF6vtoF-ql4ygcC2EEnlAylbe6jcfTtucNBUEFPboZoIqMKQFnEVa203hm2dOpNk=s4800-w800-h800"",""https://lh3.googleusercontent.com/place-photos/AG9NLjDjZ8Sj11ErvrSg9eXpGMtOmLzDQWL7wgNwE1VmfHSXPCU5BHeQ8rGKxAm_KqEwMHB9IjZHfHRRLq8sA5lpubRyN19iAL7JC7IAXJ9Vw4PpjWErrFGrCJS3Bs63t-hlwmraQmPFDAd41ZsXENaJIfG66g=s4800-w600-h600""}","https://maps.google.com/?cid=4882622686380807577&g_mp=Cidnb29nbGUubWFwcy5wbGFjZXMudjEuUGxhY2VzLlNlYXJjaFRleHQQAhgEIAA","[[[690,1230]],[[690,1230]],[[690,1230]],[[690,1230]],[[690,1230]],[[690,1230]],[[690,1230]]]"
"哈甜豬 Honey Piggy","竹北","24.840479","121.001229","{""甜點/烘焙""}","$$","4.5","竹北高評價甜點/烘焙，Google評分4.5分、累積1031則評論。","{""甜點/烘焙"",""高評價"",""人氣""}","03-555-8716","unknown","","{""https://lh3.googleusercontent.com/grass-cs/ACvplmNDtGTagIgev9vGjm4CDdGHEW6AhqJqA1kfJSYScaxD5BlYK1GGycB5S29j8YzO_2zK5gT2ZdZqaWlPwN5ySFoxD-9k6SmPsTxfrzBBRTXHtiDXm0v1tfjnSHwHFHJ2LpMt6QCu3EqxNi5K=s4800-w800-h800"",""https://lh3.googleusercontent.com/grass-cs/ACvplmO4kccqjYKjdisjJ9lcwKblYJkXlxd-48933GS2IB5V6tR3p3w96vIx-dvPG08yYNfQWtjhYmn_vyy-LTuBg9dmp0bYZtuye1K8GZQzUMGLBxhcXQAKF-qwapupNex1azDDrypCtA=s4800-w800-h800"",""https://lh3.googleusercontent.com/grass-cs/ACvplmOKJLBc3vDh2Dpfa1jATwMEOczpCUufHD0xDF1Q3p05srPPhNxdXrhFjZ47EehwRVtR-5F_pKBmI6yVCHPb7k5JsJ7bdnMhS0rimy7MTztighMDl45g5nsCw7dEUQvm6LZjtl4XCsBpRw7m=s4800-w800-h800""}","https://maps.google.com/?cid=4337782680975130744&g_mp=Cidnb29nbGUubWFwcy5wbGFjZXMudjEuUGxhY2VzLlNlYXJjaFRleHQQAhgEIAA","[[],[[720,1140]],[[720,1140]],[[720,1140]],[[720,1140]],[[720,1140]],[]]"
"靜候手作坊","新竹市","24.800801","120.993272","{""甜點/烘焙""}","$$","5","新竹市高評價甜點/烘焙，Google評分5分、累積426則評論。","{""甜點/烘焙"",""高評價"",""人氣""}","0935-106-365","unknown","","{""https://lh3.googleusercontent.com/grass-cs/ACvplmNhBLrPk9KtQgYbUAx7jH87sIWX5flC6DkRiyryy3jpG0GHIt30wNQZ7v2NyBXMEnKCA90U9U0_73hG3THL0ADTmQD1nBSPxyJv1TMaiC2KILdRvEy3RkPHK13NtiMFfpvi8RME=s4800-w800-h800"",""https://lh3.googleusercontent.com/grass-cs/ACvplmN2iBKsImAoGHjbMpEUydKrfT0EpbOThSaz20gpmlwruTlWfOOOCa7muAQHgJdsrPL93-Me-7Hda8HoADzriPdzep9fie8bauqUcig4SuRR_-AHoeJ0TJjEiQIOanbbfbqxmE_zq9CAWm8H=s4800-w800-h800"",""https://lh3.googleusercontent.com/grass-cs/ACvplmOw-NRFEEdx6dNZ0L9mbYbLs6dv_ks0CHrbQibQl4p9tqAg54OzKl4HNmd9fc7A8crCqxb7Ze9btTGRtvPxZh5JozHthpRebtaBBG8C8zr1TjaulVoR2mZdNxxRIEWCIk8mipFendKt5Fk=s4800-w800-h800""}","https://maps.google.com/?cid=11079714388351581738&g_mp=Cidnb29nbGUubWFwcy5wbGFjZXMudjEuUGxhY2VzLlNlYXJjaFRleHQQAhgEIAA","[[[540,1200]],[[540,1200]],[[540,1200]],[[540,1200]],[[540,1200]],[[540,1200]],[[540,1200]]]"
"薯霸早餐","新竹市","24.80906","120.96969","{""早餐店""}","$","4.3","新竹市高評價早餐店，Google評分4.3分、累積2255則評論。","{""早餐店"",""高評價"",""人氣""}","03-542-2571","street","免費","{""https://lh3.googleusercontent.com/place-photos/AG9NLjCb-bxYUhhwSCCvsseFMOHWJ_qG4LkOHcKqCFxV_L-ytRkBEkMynIwj7MqKl4pP04XngeB8r_lOM5tpMgxX5mezaHlAPvJ7EHvkN9fatsc0CuLPolAHBnYD0JpKCnv2hTiIAw5de_8rXno5y0GPGkXQjQ=s4800-w800-h800"",""https://lh3.googleusercontent.com/place-photos/AG9NLjDqYpHgj-Z-TjTqYdB50mgbsoPlnPdUkLYkWBh1fM4iyo-BowXYEygiRH1oetIf1oPieua5xb1_g9o8JcquWei96s1p7hIFJ-7_qgu7lvoM8SQcuV17xPEV9T9Y8m_Q_oSTY4ncFanZ7D88x6bq3foVWw=s4800-w800-h800"",""https://lh3.googleusercontent.com/place-photos/AG9NLjDGrKYDp1tzD_bCmJKGRG97jogVRYjZ9NAR5o8hwj7BKr5QiyfhLM9F8_vsJdSaL6zvV2W11ySaIUyiNBkAeXp9r0e9POg0I9Ew78j7w11ZdGk5cmBktmrYCUcAwLytBsdfqGaEt-YXrqymDVON5t1I=s4800-w800-h800""}","https://maps.google.com/?cid=5226532750833859516&g_mp=Cidnb29nbGUubWFwcy5wbGFjZXMudjEuUGxhY2VzLlNlYXJjaFRleHQQAhgEIAA","[[[390,810]],[[390,810]],[[390,810]],[],[[390,810]],[[390,810]],[[390,810]]]"
"阿婆早餐麵店","新竹市","24.795742","120.980441","{""早餐店""}","$","4.1","新竹市高評價早餐店，Google評分4.1分、累積2833則評論。","{""早餐店"",""高評價"",""人氣""}","03-573-0765","lot","付費","{""https://lh3.googleusercontent.com/place-photos/AG9NLjDrUtiijgstmI2IgAEkL7USQXSF8Iy9OE4DV6FWuU3hU22328pbEX8v4NmAiayrCzvarBeQj8-bNq6B_Fiq20Zq_i5NT5bcUABaFI6nczhewfWzvlDYbl5EC4ptUEotxuL6K7kss4SMZ64D5A=s4800-w800-h800"",""https://lh3.googleusercontent.com/place-photos/AG9NLjA56aXuccRKTR65RYG-mqOHThKL8MS4NWrKO9BMeY_arRgvyMOvV2DQlmDCSDH6SFoJ0Y-LL9gQtGvKEyZwZbWURkW3QM1xqrJGPG7MjdFcCTMUBALrTvf7pUyazRHRqpSs6I_539kA3CP89eZG7GvzOg=s4800-w800-h800"",""https://lh3.googleusercontent.com/place-photos/AG9NLjAUR-IiyKyOqGkHwn38AlyNvpQ3cn8GfdNLy0ZnNxa7VqB6iAJGjpMLahBPvOCqS52YsWodbbqU6tNComG5HM2KhIs0k4EceurSXTgMRIty8qTmWQg1PaJHyNJrIUpqSC-0m11A4-CThpI8AZenjf5yeA=s4800-w800-h800""}","https://maps.google.com/?cid=664497176150433338&g_mp=Cidnb29nbGUubWFwcy5wbGFjZXMudjEuUGxhY2VzLlNlYXJjaFRleHQQAhgEIAA","[[],[[360,840]],[[360,840]],[[360,840]],[[360,840]],[[360,840]],[]]"
"來來豆漿店","新竹市","24.796724","120.999002","{""早餐店""}","$","4.3","新竹市高評價早餐店，Google評分4.3分、累積1618則評論。","{""早餐店"",""高評價"",""人氣""}","03-572-9750","lot","付費","{""https://lh3.googleusercontent.com/grass-cs/ACvplmM3WBe_86zyGe2x4WxTmJWSklMVUzb7yd9R7B5QUr4MbJpN5RQqljTvhS4-KHSA4CVtpqwgxWteFfNMfWI-NIdXpPf15m6A-vv-BVUy5Exva7gYY6KmElfA-iumyCjv-Y1P9248=s4800-w800-h800"",""https://lh3.googleusercontent.com/grass-cs/ACvplmN9fCq_Ck0TW4b4XKkd6Nu30Ja2DrPj2MbMmrc8wq2h4a2qpKl6AFb1ASAdw33-ivgviSGXRG5pK5YSCX5PLUPoZAZsFXkC8luSN-8dvzstAAmK-QUpcQiH7mVhnZNiDqH7j-bj=s4800-w800-h800"",""https://lh3.googleusercontent.com/grass-cs/ACvplmONiKMW9zOsMovMUNvbD3UW9MnBGiKz7K4Bl87fp-YDEQ4NheBSBZu4OU96d_1zL_vU1k3uW1hdMw8d8WoWwDvHPHZfVkvoQ6MdvU_HydlkQ3fvvxEfFcYTq9Dr4p6ZBo6EhP1appSCVklL=s4800-w800-h800""}","https://maps.google.com/?cid=237693810311958715&g_mp=Cidnb29nbGUubWFwcy5wbGFjZXMudjEuUGxhY2VzLlNlYXJjaFRleHQQAhgEIAA","[[[330,630],[1080,1500]],[[330,630],[1080,1500]],[[330,630],[1080,1500]],[[330,630],[1080,1500]],[[330,630],[1080,1500]],[[330,660],[1080,1500]],[[330,660],[1080,1500]]]"
"滿美吐司部","新竹市","24.802764","120.962719","{""早餐店""}","$","4.2","新竹市高評價早餐店，Google評分4.2分、累積1632則評論。","{""早餐店"",""高評價"",""人氣""}","","street","免費","{""https://lh3.googleusercontent.com/grass-cs/ACvplmMcqPgrrtIXyGIB6LAzsUC3EbqF3uiMfcogmI81ltl8j1-L-p2k5vi8-B4RnMU6sbLcl0pxBz8b6G7r_uBGrG2jVJ6zRYwkT8vJq66J4x2DW9vT0c-rZsPdqXqrdnet8Y443Eys18n10EG3=s4800-w800-h800"",""https://lh3.googleusercontent.com/grass-cs/ACvplmOTwfpm0MCUePkRx3A0MRASOzwkCXHWU3By_ISo5K3ZjcySdxKWfFXY8JVWhvz0BB0JoJOOxgprLt3iegr_s8iGmoMX6BnFU32owFGTuieft8LY1Ep263j8zBE2CJHHlXmBQGCb=s4800-w800-h800"",""https://lh3.googleusercontent.com/grass-cs/ACvplmPEqA8i58Elt2nW_rO8Pyesw8c6w4e_UQn38bkVFO_Sue3bM5_lYOPeWz2t0iPmWSAass4zkQTINnL1eTOWCiWB1WxTpeP_kGqOYBuOMRKDFaBtyzPQkbg4-5h29nYmvV7ptWOmt5cnGMAf=s4800-w800-h800""}","https://maps.google.com/?cid=16624874616620261621&g_mp=Cidnb29nbGUubWFwcy5wbGFjZXMudjEuUGxhY2VzLlNlYXJjaFRleHQQAhgEIAA","[[[1140,1470]],[[1140,1470]],[[1140,1470]],[[1140,1470]],[[1140,1470]],[[1140,1470]],[[1140,1470]]]"
"桃司廚鐵板早午餐 竹北店","竹北","24.816308","121.02208","{""早餐店""}","$$","4.3","竹北高評價早餐店，Google評分4.3分、累積1209則評論。","{""早餐店"",""高評價"",""人氣""}","03-658-1949","street","付費","{""https://lh3.googleusercontent.com/place-photos/AG9NLjBbuUK5R_6IszkgUBVNKV6B4s8elpWwmCGuB-Ixa539gLicXV7jKgPZj2_9EolAUCuMZQM7EZtxiuLnYHGL46--t26lraeZ4lYOzEmbMJXRrs9sLamPWafHkXFZEoOd3RhhIe7ykmzIZ5vA2Q=s4800-w800-h800"",""https://lh3.googleusercontent.com/place-photos/AG9NLjAbUAyFrWJZrgPZGe_w8Y3O0MBdbB52jPZR8Jb_3LOkrGT9mSyhSr34xbPTX3xKZBLz_r1HAI4cIJxR_kYO3j6kFbq6BhgDf0DuOUqw_LeVMbzjgOswacKrKU291nr45TO85WDX_TM579fk1_A=s4800-w800-h800"",""https://lh3.googleusercontent.com/place-photos/AG9NLjDBMrIxr2q5KGXyuZMdpU7m1JKJFO6LNYlflN-jtj17tMUQ8UAMMmBtJI35xjguZgWTU8eNBYtZcuOnL3UkjN6tuw2kkTXuRlXccNHiLO3stJA1ZrkYr9K3rzTE2IhVr1oT_Z_NAHMghD_EiUJUKNkc1g=s4800-w800-h800""}","https://maps.google.com/?cid=3068720061206918999&g_mp=Cidnb29nbGUubWFwcy5wbGFjZXMudjEuUGxhY2VzLlNlYXJjaFRleHQQAhgEIAA","[[[390,840]],[[390,840]],[[390,840]],[[390,840]],[[390,840]],[[390,840]],[[390,840]]]"
"新竹有夠爛花生湯","新竹市","24.799914","120.96741","{""早餐店""}","$","4.4","新竹市高評價早餐店，Google評分4.4分、累積1023則評論。","{""早餐店"",""高評價"",""人氣""}","03-523-0335","street","免費","{""https://lh3.googleusercontent.com/grass-cs/ACvplmOzSjcoucVsFMfVrb0w0zos-HrP2mwD_cZzFJ7WYVFnyGxoE83bkVkuoKtPxO-nk9z71xSjjNka1AohIr6LXSrG7xBf7WhxbxRWN52NM7_mVZd40mrjQhc5b90dbcm1TTvvItcOeA4BZRkF=s4800-w800-h800"",""https://lh3.googleusercontent.com/grass-cs/ACvplmM8vZZLHt-GbweCkBn4bizxZ-Jtw3dA56xXBvm4DQyQMZ5UlmE7KQdzt4bTaUeJhkEtDsqU5P3S6Dcq6d3oAzpP9IEzqCg2TLCVH9qLkVXnusR--jVoF_EZlI76Zps_32u2KKyh=s4800-w800-h800"",""https://lh3.googleusercontent.com/grass-cs/ACvplmN0YF5G7zZ26Jf_N9pkChUvfzDLXQe4EVfSAuCYBGKN-5tDxkLaDxTLhJb4JS8BXtOn2p5zMDIO6o6ansNNBTwS_ZTnRH_IddCnUIeI1Q-uXtuNiRGBEemxgAiQT9dQESTC_R-L=s4800-w800-h800""}","https://maps.google.com/?cid=962761339487492477&g_mp=Cidnb29nbGUubWFwcy5wbGFjZXMudjEuUGxhY2VzLlNlYXJjaFRleHQQAhgEIAA","[[],[],[[360,630]],[[360,630]],[[360,630]],[[360,630]],[[360,630]]]"
"米庫早午食堂 & 被耽誤的炒麵店","新竹市","24.810052","120.981549","{""早餐店""}","$$","4.4","新竹市高評價早餐店，Google評分4.4分、累積1022則評論。","{""早餐店"",""高評價"",""人氣""}","03-532-2355","none","","{""https://lh3.googleusercontent.com/place-photos/AG9NLjCQBk6pvDeUuFAWk0UIifFllUrkHhsXi1uPNEE6Jf5flXMrlkmOXLBksO1U7L2ckdx1QhFh4qvBw_YT3dgIaffinVoINkDqRMz9JDJFqhpbfrAYK3qnN4INatOd8R-CCleeowdfEHdPmHoEbw=s4800-w800-h800"",""https://lh3.googleusercontent.com/place-photos/AG9NLjButcYwGWgQScvyGjND5rJ7uZE9llq1CTef08erxzRUNxFSHY7O9ZnmHF9z6tRnHHuEUqy8SDuUKnTiJ2DvfNBlWZTyZBkCTFVdfHetOZww4-iQyxfTTrQj00wGP3aPWUHMHkda3wpnjSTJudPJYvoGtA=s4800-w800-h800"",""https://lh3.googleusercontent.com/place-photos/AG9NLjBMWAVDEBOXmY3ot8hYXa7ddrmgkwfkog7IxJbWtG4ZuyZFdIW2p5MUI9de4xdjXwZGVvEpxbEV_Ep6TbbbJ60jBULzo-fvmogYQlHIQ3HYIMja0YJpf5aNsJC6kFDxeUtbChrsk95NPe4rIg=s4800-w720-h720""}","https://maps.google.com/?cid=12123224143831170657&g_mp=Cidnb29nbGUubWFwcy5wbGFjZXMudjEuUGxhY2VzLlNlYXJjaFRleHQQAhgEIAA","[[[540,960]],[[540,960]],[],[[540,960]],[[540,960]],[[540,960]],[[540,960]]]"
"掬熙商行 G.C Brunch & Coffee","新竹市","24.808427","120.970491","{""早餐店""}","$","4.5","新竹市高評價早餐店，Google評分4.5分、累積854則評論。","{""早餐店"",""高評價"",""人氣""}","03-533-3010","street","付費","{""https://lh3.googleusercontent.com/place-photos/AG9NLjA2C-LOWchYywekZnbRzg_nwb0KAqe6I_ilHU3iKX6OSkQ1usXzfzMtYUl0fhB4hhZUZ3OU3KJUbNioWMmbRh_YIPJc2Qs2bR2EZ9fBvskd09pP_yD-FISmm3xhmt5a25QeT7a056GVWzJG=s4800-w800-h800"",""https://lh3.googleusercontent.com/place-photos/AG9NLjArZGVjVZtKWangCCjrAJpDa3xe7cqhipl42Ox7x4gSY_q37rW_3gQDZE3x5cDmozZUR-xJAc0ST43h1IfN-Geh0JPVESe3RCDUOsWZu2M3AiIo3LYguB8WE6Zr8anrjoLLrlXbrQtD_J2Po32IpIdOYw=s4800-w800-h800"",""https://lh3.googleusercontent.com/place-photos/AG9NLjBfGn6NoEKAc6N6X9mztVEHHVu5XS_oP2oaU0kQrEGzGWZACcGOaqsTqxm9JCdZJxw4XukXWE_5XJA3hDQf_osygzX7sF9FbVOd4RSrFuYrCJ_BJ_5qghjYpgPqpsxsAtXxKmcfX80NjCfUQtQ1d5JPLA=s4800-w800-h800""}","https://maps.google.com/?cid=14583245954583185917&g_mp=Cidnb29nbGUubWFwcy5wbGFjZXMudjEuUGxhY2VzLlNlYXJjaFRleHQQAhgEIAA","[[[540,1020]],[],[[540,1020]],[[540,1020]],[[540,1020]],[[540,1020]],[[540,1020]]]"
"新銘早餐店","新竹市","24.80012","120.973937","{""早餐店""}","$","4.3","新竹市高評價早餐店，Google評分4.3分、累積1164則評論。","{""早餐店"",""高評價"",""人氣""}","03-561-8282","lot","付費","{""https://lh3.googleusercontent.com/grass-cs/ACvplmN6ZQuCACSAUgb4nKTFRG8XOJhiEznA0lFG7L6sON8kwQUqULVr3caoLT90BPs1uJLk4jdOVHTfqJ5SApAPqBpvPjBRS2DIsF2gJAIr88VnExzAiul2Wv98j8JpaSamGFW61KeYzg=s4800-w800-h800"",""https://lh3.googleusercontent.com/grass-cs/ACvplmPFri5PL8dvB4TnYkdwSPnDHzkdxzpPHlMnlcEd6-rZELZpqXmYYBtxcuonJ--kNNDtO0jODfg9ncYOXXoedZqMx9gpItHnUH0OM5f7F2qD9mijAG7EUk01FyTFDTbxh-i2mINp=s4800-w800-h800"",""https://lh3.googleusercontent.com/grass-cs/ACvplmP9EcWnGCaeX_qUiB_KImXcXWy2xSkamnJs7lBK85Rgx6wR4ev_1JCz0eAvOBneXJlnNhlhx6IyKtt9rz7kCbWG9CtDmLPj_9gW_0cOFkfnTKMC2rYIRH7F5tV71Lk21bNAC8MRuxaQAFWq=s4800-w800-h800""}","https://maps.google.com/?cid=8518395885817957438&g_mp=Cidnb29nbGUubWFwcy5wbGFjZXMudjEuUGxhY2VzLlNlYXJjaFRleHQQAhgEIAA","[[],[[360,630]],[[360,630]],[[360,630]],[[360,630]],[[360,630]],[[360,630]]]"
"無名早餐店 饅頭肉排蛋","新竹市","24.796665","120.984145","{""早餐店""}","$","4.3","新竹市高評價早餐店，Google評分4.3分、累積1053則評論。","{""早餐店"",""高評價"",""人氣""}","03-572-1869","lot","付費","{""https://lh3.googleusercontent.com/place-photos/AG9NLjCo1uDbKCYDLHlnwZCjdvEbdoLwdIbte1pyZMxvip2eUqE41BVteb5IH2qI7OJ4ImQnBeJJNAyyOnPnCbZw87r3qZmYp7DfeemEkwm53_WOOrf0th9ZJPrzocPOwSCVMxR1O5qDniYcu__FAeF1qJHJ=s4800-w800-h800"",""https://lh3.googleusercontent.com/place-photos/AG9NLjA9aQLVORSGqiIgGzy5yIH86mQN5nsYfduntK-xHfwuBAYi9Xdjb6wESyQe4iO2IxC6pd2sl3DvYQXcvv1AFf7IdcOOBUQgWQv0ozGeeSBoKvtwyDYwsCR2UgnXiZjL4mUgANAB1GdL_VH8=s4800-w800-h800"",""https://lh3.googleusercontent.com/place-photos/AG9NLjBku4Iy2PZtttOJBra1gaHxLE2Lu0LQQIAfSqK6cYRv-pYRPQ3dHmjYfaKQ-Y24kOK7oT2yeE4u_K2qe72IRd9SKzvjB7V8xldRKGqv8S5UP7cw0vH07iEvXh5Tfj6GeppK9fwMDR-suOIWOpnevxAK7A=s4800-w800-h800""}","https://maps.google.com/?cid=13265898821406168721&g_mp=Cidnb29nbGUubWFwcy5wbGFjZXMudjEuUGxhY2VzLlNlYXJjaFRleHQQAhgEIAA","[[[400,660]],[[400,660]],[[400,660]],[[400,660]],[[400,660]],[[400,660]],[[400,660]]]"
"大爺鹽酥雞","新竹市","24.794247","120.971982","{""炸雞/鹹酥雞""}","$","4.6","新竹市高評價炸雞/鹹酥雞，Google評分4.6分、累積1052則評論。","{""炸雞/鹹酥雞"",""高評價"",""人氣""}","03-562-0989","street","免費","{""https://lh3.googleusercontent.com/place-photos/AG9NLjC15IYX1Dl53G_eKOKVYI5p_vjJEbh4yYemyuWurAZ4UrMILHiaWJWynHOJydeRINQCOraxog6VkrlE64u8sJnjYDAl3Uak9c1jJwogaaIplq_Xp7uE5QO-HWfjRHG9FYBvCbwF5g9j1SVo6w=s4800-w800-h800"",""https://lh3.googleusercontent.com/place-photos/AG9NLjD_TEKBvJihPLRZCR4St4jWlNc3T0Jy3Em6cRx6_kvIfUi9jJmz4GIDMPPS58XzJnEpL1oKIz573W8g7z4aKHCo8YddA5hI9wbUzHfO4w9JdSMCvvwTxRqZCR4qB2meZZwtcjQWrLG0Xucn82TY86JKGw=s4800-w800-h800"",""https://lh3.googleusercontent.com/place-photos/AG9NLjBVHLANzKHastuig8RGNPyiYKLjRBZ0NvEb7hx_ikI51UG5HAZMxj6XVCQ26jqfs67rhuj0u-mRO03dDJMaHWoXA0C8R8-pRpu4aF537kM4xPN9ZITcsFs6VUbipynk2--NGFtpB9ELE7jxNRH90-gQ6g=s4800-w800-h800""}","https://maps.google.com/?cid=4906738261251531067&g_mp=Cidnb29nbGUubWFwcy5wbGFjZXMudjEuUGxhY2VzLlNlYXJjaFRleHQQAhgEIAA","[[[1020,1500]],[[1020,1500]],[[1020,1500]],[[1020,1500]],[[1020,1500]],[[1020,1500]],[[1020,1500]]]"
"車庫鹽酥雞（莊敬店）","竹北","24.824787","121.02599","{""炸雞/鹹酥雞""}","$","4","竹北高評價炸雞/鹹酥雞，Google評分4分、累積2391則評論。","{""炸雞/鹹酥雞"",""高評價"",""人氣""}","0922-683-575","street","免費","{""https://lh3.googleusercontent.com/place-photos/AG9NLjB5H-FVidwGkzdcNC9AQzuNwG2ocjeUr9uc-wN8l-CX_895bvPi-IRCCKwvpqNAF0z5N93wkNPnOPSSuCD160lXE4FeaqvdohP_acD9ga6HtFUaIch1l9rML9uFmpVCHHrMkd7VsY-RopxaGg=s4800-w800-h800"",""https://lh3.googleusercontent.com/place-photos/AG9NLjCuxzjKa4PH2jE0C6VDr7nuSnpLeA_OcA3oNpDvvioxxgff633Ou2f1Hnj7pKw50E7E7GzQz8ixmmekYQ_wH_fO5p28YimAwiv-V5EDh7r-fplVoV4BuYetZWD0aCJrxl1gplgtczmlBrwK76UU39l26A=s4800-w800-h800"",""https://lh3.googleusercontent.com/place-photos/AG9NLjBCMyGN7g7exMekR399C8uqXWy2prHjCihhPTqTrlFKNGzjVr7eIguCkFVcnU6xr4mTPrIBNTp-tPlpEHh-3FfCQ-AJNojZk97f1sW1pnrRnVGF4G96J0VoT71Y9HkoBQvZina-kZP9q1zJrzM=s4800-w800-h800""}","https://maps.google.com/?cid=14163313920289018942&g_mp=Cidnb29nbGUubWFwcy5wbGFjZXMudjEuUGxhY2VzLlNlYXJjaFRleHQQAhgEIAA","[[[1020,1440]],[[1020,1440]],[[1020,1440]],[[1020,1440]],[[1020,1440]],[[1020,1440]],[[1020,1440]]]"
"車庫鹽酥雞（文興店）","竹北","24.810313","121.028402","{""炸雞/鹹酥雞""}","$","4.4","竹北高評價炸雞/鹹酥雞，Google評分4.4分、累積1108則評論。","{""炸雞/鹹酥雞"",""高評價"",""人氣""}","0903-077-705","lot","免費","{""https://lh3.googleusercontent.com/grass-cs/ACvplmNA1BczsRJORIFlxJhlMMCBw7z7YlO4MzS71IvD7uHG9EqjKsXwfqjQ5qtdxMoGVWyyntj4Kz7ny_7h7euwFs4xKjok2-40c1QZ-EvXS6mwn5NL0dcPe9pRMFaKHZg3ZKiV91QZGw=s4800-w800-h800"",""https://lh3.googleusercontent.com/grass-cs/ACvplmMRmQHxaRMsmnClUwOA8HrFHclr2mgWKJ8IHAtXWQ82vZYtU27eDFMAEgeD5SglxENx2y0Qg2IiT8ssrp02agTSU-cpvheKWZ-BfHINPK0ogPdThb4RPUQZ7-8e3vinpZIWC0U=s4800-w800-h800"",""https://lh3.googleusercontent.com/grass-cs/ACvplmNWm-_rzZT6cnm-LF8nxH0Zlixv4o_YimjKAkNFxugTzoYiUGttB5sFKpPGM5OrJjK6r9Mz0Q9WHpyvL7BqtEVdGQGFFJZS9TqqsKB6T0wq5U_KHjSTYlce7ysygXjhXlTeFaSuifKBAni6=s4800-w800-h800""}","https://maps.google.com/?cid=10055202363611576896&g_mp=Cidnb29nbGUubWFwcy5wbGFjZXMudjEuUGxhY2VzLlNlYXJjaFRleHQQAhgEIAA","[[[1020,1440]],[[1020,1440]],[[1020,1440]],[[1020,1440]],[[1020,1440]],[[1020,1440]],[[1020,1440]]]"
"雞排中隊","新竹市","24.799291","120.972208","{""炸雞/鹹酥雞""}","$","4.4","新竹市高評價炸雞/鹹酥雞，Google評分4.4分、累積976則評論。","{""炸雞/鹹酥雞"",""高評價"",""人氣""}","03-562-8001","none","","{""https://lh3.googleusercontent.com/place-photos/AG9NLjCLDxCXzqVYuCgubXGH9qNwtgkMeCh7KPssl-gpTop_SXEAhMKVOH4Fz7Rm1Y4G2kQsDnDpq6zif5iro1sAQRHEm4XftfoIJGDUlURekOjYjxbByptslB67qo-EOXbtTtfbfFPCPQjTSMbcBtk=s4800-w800-h800"",""https://lh3.googleusercontent.com/place-photos/AG9NLjC9R9-pH0oVwL_26n-Bg7wQli6TNGp7nwJqxbKvZ1Di3RsSTWohr4lh3Hp2Zrf2jE4m6hj0gDs47ySGZLMimnnAnBxwg3ldm-83tT5X02ANrlBZAodW4d8J7NhEVVGtTPQ7-zIdV0xvZ3Ma=s4800-w800-h562"",""https://lh3.googleusercontent.com/place-photos/AG9NLjD5mNJPnmtWa6aHKDOluACPRsdqzn2Oq8d3Sme-wWx_Pzs3NNHoOX5ikNcq_zjbRa0kEtHH_y2iE4dOHC3JJt5lK6DnI8N4ath-pDMA7w8kgYz3CNKoANHg9l1V58or3Mfu6-i4-cuPMrEBuokjCAnJ=s4800-w800-h800""}","https://maps.google.com/?cid=4825955524703165248&g_mp=Cidnb29nbGUubWFwcy5wbGFjZXMudjEuUGxhY2VzLlNlYXJjaFRleHQQAhgEIAA","[[[930,1590]],[],[[930,1590]],[[930,1590]],[[930,1590]],[[930,1590]],[[930,1590]]]"
"CHICKEN BOOM 炸雞蹦 竹北總店","竹北","24.83475","121.01472","{""炸雞/鹹酥雞""}","$","4.9","竹北高評價炸雞/鹹酥雞，Google評分4.9分、累積281則評論。","{""炸雞/鹹酥雞"",""高評價"",""人氣""}","0900-378-282","unknown","","{""https://lh3.googleusercontent.com/grass-cs/ACvplmPR2uz5vaaBAg_Lj6S1aEiyKoNYt_7nLLD_OiIwyi4I_26sBesZfjVKwqY9XKmwxeBZr_vO-CsFNDgof5VOp6eVpBwYfY52Prc4rcjEFPhyo0EUWZn1-ac54JCtchgvWdl_V2U2=s4800-w800-h800"",""https://lh3.googleusercontent.com/grass-cs/ACvplmN5W8x9fYYuxnIO-JDHasRvd0Dw9kAfd6in7tjG1hYiyEby17u4XyfEKoLKBU4Og7fgyopWi4JTqPYqw7jxUt_TTPGbVJFoMSPBPCpPo5r_GWNShdm37lFZ46hHkvePp52NpR89=s4800-w774-h800"",""https://lh3.googleusercontent.com/grass-cs/ACvplmOp22KXyorxVvq4_Ci7CJP4mXt9h2Nt8EQ3Top9GFntq070tY5qCbZ-Z5M4dsxFUgxxNZv1Gen0fLE4wh5Hxi9XIINU_fpY4-nbMDkZlj11l5c6Ygcw_rvM8-6LcIsatsNMBPOAKDECGHE=s4800-w800-h800""}","https://maps.google.com/?cid=13194994599213553191&g_mp=Cidnb29nbGUubWFwcy5wbGFjZXMudjEuUGxhY2VzLlNlYXJjaFRleHQQAhgEIAA","[[],[[900,1350]],[[900,1350]],[[900,1350]],[[900,1350]],[[930,1365]],[[930,1365]]]"
"壹坪半鹽酥雞","新竹市","24.79567","120.954268","{""炸雞/鹹酥雞""}","$","4.4","新竹市高評價炸雞/鹹酥雞，Google評分4.4分、累積348則評論。","{""炸雞/鹹酥雞"",""高評價"",""人氣""}","0926-158-551","unknown","","{""https://lh3.googleusercontent.com/place-photos/AG9NLjCyIahtEj6cOBQEfBLJnTVTvz5ySJsVzlWNA3_--0AbU7DWJkIODCxdoQ8iNDGHnPXDxNr9rNttgaMlo9IFNp-fSXhGCBQAhKh-tzNEds4WkapHlx5OhLSPz_FqjwuT9IaUiRLAJSmZFAMnTw=s4800-w800-h800"",""https://lh3.googleusercontent.com/place-photos/AG9NLjBdJtpc5Ne4S9jlwzQo0uS4GzOkUTJHsWGFbhqKBR8cyvnM4iedyfX_ac13YbkVoNLFWHGCRT9EIbbFlbkZInp90xhmZ8p_diWDH6QbEGEr5i3L4XFdkIhvqUYsuM6WXMCpqF8nkrPKMjtbFIr-u55o=s4800-w800-h800"",""https://lh3.googleusercontent.com/place-photos/AG9NLjDJIOZgWOxoDj_MEjFXgTlmTtMsZDdxkyWIrnYNbp0zl27h-pvZty4Lq-4xlKNuMWVKNJX14qbm7QCqQ6ZRKEIYeyz-ArxSXIleMW1iS_01-e-RhZY0Rpek7QtcKRVZJ7wRAKKHh93FSVaYp31qlwOg=s4800-w800-h800""}","https://maps.google.com/?cid=1817406424291381329&g_mp=Cidnb29nbGUubWFwcy5wbGFjZXMudjEuUGxhY2VzLlNlYXJjaFRleHQQAhgEIAA","[[[1080,1410]],[[1080,1380]],[[1080,1380]],[[1080,1380]],[[1080,1380]],[[1080,1410]],[]]"
"蕭家鹽酥雞","新竹市","24.799713","120.982353","{""炸雞/鹹酥雞""}","$","4.3","新竹市高評價炸雞/鹹酥雞，Google評分4.3分、累積397則評論。","{""炸雞/鹹酥雞"",""高評價"",""人氣""}","0937-998-874","unknown","","{""https://lh3.googleusercontent.com/grass-cs/ACvplmMh3cSHDQ_bwrdNRdPdV7PeBhKsAokco5YWH-8FEdLYbN2ebgxU5gNWLQynsdg7L-CDDJ6LWJafOs7uHoTX5pM7gL-x5uvEWhgOvIOffMDk3jMRC1o5eKtydMyUDGS6JP4F1ckW=s4800-w800-h800"",""https://lh3.googleusercontent.com/grass-cs/ACvplmOeT5fIJd3jEPayKDbRL5mWZCh5zSF0BV9ZZhM4PRYTl-Dc-UOdQLx5eyMLRipRuwQGmzndZ5HJWvkzdkpYSbEpXaFsXI9SQhgxL-iIArPLvaU92yxXl5sRibk1NVpT6B5TPYJCYLAuaXM=s4800-w800-h800"",""https://lh3.googleusercontent.com/grass-cs/ACvplmPcQUjZcmSS-Cg0lbunOBFhFN1RFLi_ECsHce9eeSyxr7EFtBn-WiwTChRofaGwWpiyaAnRHuqILKZdD5caNmD53ch5HU3r4RTV_zBHEvluowJ2rk6O-UtdQffCBaK34XihbbQ=s4800-w800-h800""}","https://maps.google.com/?cid=3761950315246676620&g_mp=Cidnb29nbGUubWFwcy5wbGFjZXMudjEuUGxhY2VzLlNlYXJjaFRleHQQAhgEIAA","[[],[],[],[],[[1080,1500]],[[1080,1500]],[]]"
"烤肉鹹酥雞","竹北","24.834414","121.009477","{""炸雞/鹹酥雞""}","$","4.5","竹北高評價炸雞/鹹酥雞，Google評分4.5分、累積251則評論。","{""炸雞/鹹酥雞"",""高評價"",""人氣""}","","unknown","","{""https://lh3.googleusercontent.com/grass-cs/ACvplmNLszCMTLoDZZYpTMZMDAiopHGJoFZibs2r3qP-Hp6mB6RsedUAxe8-fJyuE8TTEDawZY9Nj9kfsO3xq2MIUa1PBKqq1AGz4pEhlqJuorJe81mOp6oxziK3PVBiU-h9tr-EDH1tug=s4800-w800-h720"",""https://lh3.googleusercontent.com/grass-cs/ACvplmOeHckp8Ern0FjLPXitp1q15mYloAJzzLJA2no0qmyT1ToglIbEd8ZSgfNlsRb7IKArXyLDKLewjNZW0tDPxr3oEV0OLTAxr8-cDx3HeujpSsep7P-SGWQDTKsZFysvjMGmkh4wqOXq3Xk=s4800-w800-h800"",""https://lh3.googleusercontent.com/grass-cs/ACvplmPSfbD0XChjC7u1yrP1WXnYqtP_1KVWSfObb2FyapGgOOO0m8X1uR1iam0svIth9QPqahekVloZJ1O3ilj--WVJdEjT9wM6bTGNlZi5mscPPaB-XyCRYba_S3LPxXg8Q4cb65UB=s4800-w800-h800""}","https://maps.google.com/?cid=18189241388609048171&g_mp=Cidnb29nbGUubWFwcy5wbGFjZXMudjEuUGxhY2VzLlNlYXJjaFRleHQQAhgEIAA","[[],[[1020,1450]],[[1020,1450]],[[1020,1450]],[[1020,1450]],[[1020,1450]],[[1020,1450]]]"
"JJ Cheers Bar","新竹市","24.79764","120.996047","{""酒吧/Bar""}","$$","5","新竹市高評價酒吧/Bar，Google評分5分、累積5751則評論。","{""酒吧/Bar"",""高評價"",""人氣""}","03-572-7775","lot","付費","{""https://lh3.googleusercontent.com/grass-cs/ACvplmPHdTQfjw2e5N1REikFrbOopdnoqNM7xEclL4Ub3jVRDpbNnGKBpvjmwQg93N8e4bceVB5EfCVC4PdzpE1bRVfmOW7H4PX3I6uShZeCQI89X7dg0nM7-IFkUFT1LemHOohRH1-I=s4800-w800-h800"",""https://lh3.googleusercontent.com/grass-cs/ACvplmO8BrNgZOUag-nWrCSe4Rej1OlqhPvqyEuYAAEL0rtHmaxcxS0sWSDOPyheDHesgilCcOGTe6-WVB49JPINnvWq1yORlA_b_aXIKvp6fds8URZ3-ibFUEQdCurtb3zln5Pp3gyua-YuR8lk=s4800-w800-h800"",""https://lh3.googleusercontent.com/grass-cs/ACvplmOM6Msq2H1t8_bgTehTLLIQRsj9CG_2Mask1nj3brvlotRf5F2XmcUTFXJCIK0an4pFULsAu_40EwF91eITA95da9rpXtxNbImQ3Vnoxn0MRI15-bZUfxkjPI2WL0nh5ArD3JEl3Q=s4800-w800-h800""}","https://maps.google.com/?cid=15083122041808024943&g_mp=Cidnb29nbGUubWFwcy5wbGFjZXMudjEuUGxhY2VzLlNlYXJjaFRleHQQAhgEIAA","[[[1200,1680]],[[1200,1680]],[[1200,1680]],[[1200,1680]],[[1140,1680]],[[1140,1680]],[[1200,1680]]]"
"Eden Hall 酒托邦","新竹市","24.775097","121.026386","{""酒吧/Bar""}","$$","5","新竹市高評價酒吧/Bar，Google評分5分、累積1080則評論。","{""酒吧/Bar"",""高評價"",""人氣""}","03-666-3806","unknown","","{""https://lh3.googleusercontent.com/place-photos/AG9NLjBHsbXY905Xw8zP3Gx0HjySJvl9uslZ2bgmPEV3UJWn3Yc_4LGetIkgpGhsrQvtOOTGRDDI3zi4ItyDzXAbWxhVVc8iNriUcUBr9Joyig21wbdTSmMrTTn_eFHeZfZY5hW-CLgCibyR9OFSOo8=s4800-w800-h800"",""https://lh3.googleusercontent.com/place-photos/AG9NLjBtCew2NWJGfT7qpFfjq0dqovRCnXyIZZMSqPe8ouZqKoUmoK12Zy3VN5vZE5xbO8aFz_N-LPgKspuIhUCxyyM6E4M1ONI0ksOJ5odOabrYzVJoEUmipv3gWFwdkc9EVDcSgP0l5ZXyOJ1k=s4800-w800-h666"",""https://lh3.googleusercontent.com/place-photos/AG9NLjAxx7QhN_i0eARBn8NfPeXvqsgp78iiLAo9EE74KvWsssKkC_j9Gcxb_pxRn8AymSUtMEwOrHgR8FQu2jJI9ombndVEBNzKarVqlwGhNvsxlDeXAW8CFLeTmbTrn3eyHCa8j6kIKvBY6TKpkHwwo_1qSA=s4800-w800-h800""}","https://maps.google.com/?cid=1627518098959512799&g_mp=Cidnb29nbGUubWFwcy5wbGFjZXMudjEuUGxhY2VzLlNlYXJjaFRleHQQAhgEIAA","[[[1140,1560]],[[1140,1560]],[[1140,1560]],[[1140,1560]],[[1140,1560]],[[1140,1560]],[[1140,1560]]]"
"Bar Approx. 將進酒","新竹市","24.77831","121.019999","{""酒吧/Bar""}","$$","4.8","新竹市高評價酒吧/Bar，Google評分4.8分、累積939則評論。","{""酒吧/Bar"",""高評價"",""人氣""}","03-668-6335","unknown","","{""https://lh3.googleusercontent.com/place-photos/AG9NLjDFHteN4lBudUg4q68KTBJJnjhX70vtcFpiOSr2mf3xlyVNo9B9Asz3L7InsoCz7dOtl_3sxNFGZUQcaI8sfDWYtz1l1yyvcKheiRgk9SYuPXQjJO9XzCr9ar72pv623-a1TAKVpLjdS3UosXw=s4800-w800-h607"",""https://lh3.googleusercontent.com/place-photos/AG9NLjB5iUXvBr4lAghO8JvP1XzQrg6b6MiwPIvW7QF6yrBrwHLS5a1wIm1JBVA-cQovmzgVu4fNhtkmGSlb7LD-F1a6OnCvqi9q1U7TU6VHX7CXldJtiYhaqYfzhGZWki0tXT3kR9KRrGf6kXKfMGw=s4800-w800-h800"",""https://lh3.googleusercontent.com/place-photos/AG9NLjDkktUWd0l1Scc1uj1XSPc-xh6A85rzYmgbGS7K6s46ZpWKuePyvy4Hf2q8DDzhJJhoPiYNVLWiDj4dJW3TIllCFo4twdVlJ2XO8P4ZoiGycilbRXm8r8tV9XdvfPaqX9hf-5ikTfpMw9b_zZ-WM3ysLA=s4800-w800-h800""}","https://maps.google.com/?cid=12144863524410310328&g_mp=Cidnb29nbGUubWFwcy5wbGFjZXMudjEuUGxhY2VzLlNlYXJjaFRleHQQAhgEIAA","[[],[[1200,1560]],[[1200,1560]],[[1200,1560]],[[1200,1620]],[[1200,1620]],[]]"
"Bar Reviver","新竹市","24.800918","120.968808","{""酒吧/Bar""}","$$","4.6","新竹市高評價酒吧/Bar，Google評分4.6分、累積698則評論。","{""酒吧/Bar"",""高評價"",""人氣""}","03-527-8787","lot","付費","{""https://lh3.googleusercontent.com/place-photos/AG9NLjBSh6P_8KIRh6NPxZyZwK6zQtqfIVCVkUQnLBUYaZ5bZKUwFqXppBcajf-5Ls-jdK-IGiG0iYfUsHqgve3xrwtfHGs2IMGh6laxA20REBSCxQiGLM5VnGu5oZgPErGHZ_eZwOctTj8a4feCGA=s4800-w800-h800"",""https://lh3.googleusercontent.com/place-photos/AG9NLjBuMXntOtzXKPv7-ilLDTcEvisZ8CO5NuIzXK_vhLLEK8LEuZQybgqwvPHPDClqKXsQn4LKoghvA1qv1ABbjdpaqBWILpMSuBKgOuxa3ogyebVjD5rv-h8gwi8ZW-SdhKW--eqMR-FmRuKmlDmRqyZIdQ=s4800-w800-h800"",""https://lh3.googleusercontent.com/place-photos/AG9NLjDCXJFHxPgzyFKKRx_8hen8YZMYt1KBwQaXMuPgDnasmje3uKiAuY7yCoodsE_m9IJfeoTXFMWicU8ObAKek3qE9SKmlnGi2nxJq-jyUv26OmqfICDct249qkwwJR-QlOF8qRhQec-nH1Cl6w=s4800-w800-h800""}","https://maps.google.com/?cid=14399818955111600398&g_mp=Cidnb29nbGUubWFwcy5wbGFjZXMudjEuUGxhY2VzLlNlYXJjaFRleHQQAhgEIAA","[[[1200,1650]],[],[[1200,1650]],[[1200,1650]],[[1200,1650]],[[1200,1650]],[[1200,1650]]]"
"SODA場地出租包場","竹北","24.825135","121.008087","{""酒吧/Bar""}","$$","4.9","竹北高評價酒吧/Bar，Google評分4.9分、累積353則評論。","{""酒吧/Bar"",""高評價"",""人氣""}","0919-158-749","lot","免費","{""https://lh3.googleusercontent.com/grass-cs/ACvplmMpGi7YRhOCgLBoVYIpMHIBTP6OFLfizCEyauAURh00roXig8K_vFP2P-57NhE3OZoru7vbEL7k9Iyjx4UbkUpKGmAW6w5yjhrNFXUbL1g3OnzOt86_XbbrvWFym9NXq3x6bbBRvw=s4800-w663-h373"",""https://lh3.googleusercontent.com/grass-cs/ACvplmOGV0DlDVZqL82LJf7H6mnSfG_z3vhzgHoHdCzcmVSnrXNMHjeo92zxA4uI6DTyo1OpQL_IB2MOaaiuzcyMZDvHTzPA1ibw6li9NGgLtZkvPcqCj3ErSFSYq5mW0AwRRmsJBTyR=s4800-w800-h800"",""https://lh3.googleusercontent.com/grass-cs/ACvplmOdcFxW4G1C_gRjnmNQTiMYDnHIEqIjwYznENSwPbU_eKGsA0axzhgiSpLj1AC_rErWxoW0dDeq_eYre8bFs0lXDamg0xyy0Lew9DRH3K9adbQ1-jlIR2wELpRE3haOGcAEDmbzSPPZalYO=s4800-w800-h800""}","https://maps.google.com/?cid=6228148010352420509&g_mp=Cidnb29nbGUubWFwcy5wbGFjZXMudjEuUGxhY2VzLlNlYXJjaFRleHQQAhgEIAA","[[],[],[],[],[],[],[]]"
"Dela餐酒館","竹北","24.829565","121.018736","{""酒吧/Bar""}","$$$","4.8","竹北高評價酒吧/Bar，Google評分4.8分、累積393則評論。","{""酒吧/Bar"",""高評價"",""人氣""}","03-558-6569","lot","付費","{""https://lh3.googleusercontent.com/place-photos/AG9NLjAx8bL41L3pcAQkNDQmoNLunBpvN4JTBSFUnveixc1LyPSVZKqfNfBkWwFa6G4Rhy26fhjBzp9eyO5GN1PDZb4ZGEvz0sQjt5hOkVRzfUpyFWCOw9uOCFnEPskBZZmeKh8OyysbQrB7_Cq0=s4800-w800-h800"",""https://lh3.googleusercontent.com/place-photos/AG9NLjCP460BzcUagIb9tob_IfpeoXk1SExFNbKAFI4nmr2A-riSi_ZIZQzqBWPXsfAkOpYfYh0IXB_kdPoUpC4_KnDuBmM_29LvJSyW0tdOkrL6fGTCUOn7BeJLeLf9vqrTyol3pLlSfF7ij6Gin6j1BFui=s4800-w800-h800"",""https://lh3.googleusercontent.com/place-photos/AG9NLjB_zkC5F0rIz3aUFEnPcqxxpp9L1lrkaTn9ZUtmEIlIL9fVYWmq42mGTzBINTqKKc8KG0E6e0XryZbKChXz9M0jWDB25qw5wQmaDrw7-ZaztQcm1jxhpnfkzZLK0D8H8qkuwtdswnUDxb8RZGlEJ8ruZQ=s4800-w800-h800""}","https://maps.google.com/?cid=18343409458224079797&g_mp=Cidnb29nbGUubWFwcy5wbGFjZXMudjEuUGxhY2VzLlNlYXJjaFRleHQQAhgEIAA","[[[1050,1440]],[],[],[[1050,1440]],[[1050,1440]],[[660,870],[1050,1440]],[[1050,1440]]]"
"inBush - Bar, Cafe, Flower","新竹市","24.785998","121.014881","{""酒吧/Bar""}","$$","4.7","新竹市高評價酒吧/Bar，Google評分4.7分、累積346則評論。","{""酒吧/Bar"",""高評價"",""人氣""}","03-666-2592","lot","免費","{""https://lh3.googleusercontent.com/place-photos/AG9NLjB_KX7DlUAIAziE14ldnQD151qnRp4NB447rYovfa15PljxLP3_RzWey0hqlkCtXG4bSWdZ9X04IPS2ZMXwnjJnAexXYGq1V9IfDqDD-LH4XJh3Wbj_iC6BGWmi_8FeXDHV4TaZzUi0ADalTw=s4800-w800-h800"",""https://lh3.googleusercontent.com/place-photos/AG9NLjDgKcCkb2VGe4Uk2Pv8bi8ESqj4zWYWgDUJ-jgJg4kJO5EVQ4NvRxbq2zyWSXhgk7BCVb0XuJEhVLjqbWOQEMYRF3sFHjTktCm4__ANhSNBhKB-duutzUqh0HiUAVXtza5UaAsb9R_rYOFLU2sukJAYWw=s4800-w800-h800"",""https://lh3.googleusercontent.com/place-photos/AG9NLjDJ0WkQdFupHweeZu6v1CIRXY-GThs-s0J0IIwg2LwO4mqU9q2dasai1ohavxAKQ9DYhs8GOOJjmITrqg0Ka7mBNiMKRURPGuakEOFFtR4ra4b-wYwWIwzYWod8w3z2CQGHyYhFYMxHe_yOUNA=s4800-w800-h798""}","https://maps.google.com/?cid=9720416986302139321&g_mp=Cidnb29nbGUubWFwcy5wbGFjZXMudjEuUGxhY2VzLlNlYXJjaFRleHQQAhgEIAA","[[[1140,1500]],[[1140,1500]],[[840,1500]],[[840,1500]],[[840,1500]],[[840,1500]],[[840,1500]]]"
"Bar Tree Hollow 樹洞","新竹市","24.803058","120.97052","{""酒吧/Bar""}","$$","4.9","新竹市高評價酒吧/Bar，Google評分4.9分、累積230則評論。","{""酒吧/Bar"",""高評價"",""人氣""}","03-528-5528","unknown","","{""https://lh3.googleusercontent.com/grass-cs/ACvplmOVWuDhsn-yyK9LML9QT2Y6KvauOR8nSw4aOKTXRhibHla2vQHRxgTlnMLVGr_Nsto8U3XvRY9xlwoIJg5rT4pFa6utNtxFPTjYwZOtYY-NJ3mViirNujeShyPl8xik2g1_8Xj08Q=s4800-w800-h800"",""https://lh3.googleusercontent.com/grass-cs/ACvplmPenpKfjhGWW2A0wxV422qa7gXBCnpq1A_U597v3ZdqcMmJBL-Wy7nN5-mG5exZCQJC5mJeN8J8dKk__7QrGpUB5E18v5NJTmgEFaVMzc98t7W0c7vrTkUvH_eusz93zf2pUgI=s4800-w800-h800"",""https://lh3.googleusercontent.com/grass-cs/ACvplmMaBGzDCGG_2mjJ6jz_JY1yunBfastTHENVGy3Beca4smy-XqpKmydMMsbqPMRB45tGs-qFEF9RlhKrAKKf3-fGvprWQv8U_WZy1SSu0K9xc_eONn5TsRHNctQrb33ZsAQXRiUF_fsPY8Bq=s4800-w800-h800""}","https://maps.google.com/?cid=2686840549910988079&g_mp=Cidnb29nbGUubWFwcy5wbGFjZXMudjEuUGxhY2VzLlNlYXJjaFRleHQQAhgEIAA","[[[1260,1680]],[[1260,1680]],[[1260,1680]],[[1260,1680]],[[1260,1680]],[[1260,1680]],[[1260,1680]]]"
"Bar RoutinE 例行公事","新竹市","24.804462","120.969908","{""酒吧/Bar""}","$$","4.7","新竹市高評價酒吧/Bar，Google評分4.7分、累積286則評論。","{""酒吧/Bar"",""高評價"",""人氣""}","03-525-1127","unknown","","{""https://lh3.googleusercontent.com/grass-cs/ACvplmNBoiIc2EtjaD1Db8B6sPacuUBbFsp_MdtrWMoyHClLKUKj2E8V-M4WND2Q2B5bcJ2A-nqiPZQF029zu38h-HuXi_PNAFyiY4XfLHhVkGKEdXPiWxZtaET4C-k27cWY2K6t9Xcj-FqZg-sB=s4800-w800-h800"",""https://lh3.googleusercontent.com/grass-cs/ACvplmNcl3WgizbbjmbLgHw6o2Qa2JDIyMziHfX51ITZGAkf9RfjLfFRaTuk9gchTPFkxWkb50HjXOtEGTyTbi3aVuRsINgF-6fLnZXBiva9K1HK3IYQkdS6UQLdsrxD2G0ow9DSOvJ8DQ=s4800-w800-h800"",""https://lh3.googleusercontent.com/grass-cs/ACvplmORCot4u2iasHU86NZRVAMuQvNgUwR9xy1EIBxp0Xd7pXWK8araTJVk2SeHL0oaczIT8bxSVtpfI7yf277dLeVHJ1Tn-Rds14nWE3Gb9l_81aNmyEnPis9DSMEw543CgJCztUvJcc63a6Pe=s4800-w800-h800""}","https://maps.google.com/?cid=17057345140846168744&g_mp=Cidnb29nbGUubWFwcy5wbGFjZXMudjEuUGxhY2VzLlNlYXJjaFRleHQQAhgEIAA","[[],[[1080,1560]],[[1080,1560]],[[1080,1560]],[[1080,1620]],[[1080,1620]],[[1080,1560]]]"
"Laid Back Bar 來杯酒吧","新竹市","24.792885","121.007325","{""酒吧/Bar""}","$$","4.7","新竹市高評價酒吧/Bar，Google評分4.7分、累積271則評論。","{""酒吧/Bar"",""高評價"",""人氣""}","0975-321-637","lot","免費","{""https://lh3.googleusercontent.com/grass-cs/ACvplmNlEwteba33QMz-aEgvrRmIyo_TvG6nabKadXDB592-q6V7l4JYq8JUtPXv_sAQMIfv2l7nHX02VqVpQzmtFIHzo328BY0nNGJ81aYVB2XlQILqWTPTKtSHLUDNiwQGmezot_UquzCX1iyE=s4800-w800-h800"",""https://lh3.googleusercontent.com/grass-cs/ACvplmM7oAiszYJ0PP7nZc0cmbWeIXufUlIJ-PMEwaTmzRfN2Cun3pPhD4talLMQ4bKjJluC_bzVvHcngTtDSYpJEcJG72vVpEs7OLBln-W_oBqeXi8D019J4K4ekgrD62XtcTkmKCkw9H2rZ9m9=s4800-w800-h800"",""https://lh3.googleusercontent.com/grass-cs/ACvplmOpIP3ez73OinYys8k3424NCxxcTGjcrfsBV93PNs6m8SQ3S9quzDEWvluyMGAk_eV3sVudW9gvGM6qddW7qP1wimvvJDet4a3joZeyBOXtqGcB_woV-FF90uT8_aHmveueoSW6=s4800-w800-h800""}","https://maps.google.com/?cid=9661656741913102755&g_mp=Cidnb29nbGUubWFwcy5wbGFjZXMudjEuUGxhY2VzLlNlYXJjaFRleHQQAhgEIAA","[[],[[1260,1560]],[[1260,1560]],[[1260,1560]],[[1260,1560]],[[1260,1560]],[[1260,1560]]]"
"嗑肉石鍋-新竹西門店","新竹市","24.802438","120.964647","{""火鍋/鍋物""}","$$","4.7","新竹市高評價火鍋/鍋物，Google評分4.7分、累積2749則評論。","{""火鍋/鍋物"",""高評價"",""人氣""}","03-526-6068","street","付費","{""https://lh3.googleusercontent.com/grass-cs/ACvplmOPgP9JmC2liws8yk7mEJIJgPa7WUFyuLtMDffU2P57qyr-DelyGua5J4YJRc6JSJrmNVyM3cb8R9GXXuM_ZmLQd6PD2Noc3xI00z4ynOg-nMvmlBj_ps-fwfnlnnofwqV244lwHLvWysJr=s4800-w800-h800"",""https://lh3.googleusercontent.com/grass-cs/ACvplmORYVzaPjgj98-oah-AZvDcz5EYUD_pgJwXiv_nk2DBADB4dNPxLKt3Yc78jl7f0Hx7iJ1vWlBSbl8eaO6B9gd3k5PjHt_LFN3MuY0j90LXogx7nzKhy8c2fgJvnuEOANzdPD0=s4800-w800-h800"",""https://lh3.googleusercontent.com/grass-cs/ACvplmOoGr4OGo8xOYKtH8rTarFCdleF5dHuv_Dqo0ozYFk6j-MA6EgONlGS49-13BI0UjBSh2nFVJ7AYOZPIY6ci8Cn9i6g-6164G_-Fva4aokOvQWyWH3G2ZNtVUhYJTubeA0EanhdpvCjRWgL=s4800-w800-h800""}","https://maps.google.com/?cid=8770377116307389887&g_mp=Cidnb29nbGUubWFwcy5wbGFjZXMudjEuUGxhY2VzLlNlYXJjaFRleHQQAhgEIAA","[[[660,1560]],[[660,1560]],[[660,1560]],[[660,1560]],[[660,1560]],[[660,1560]],[[660,1560]]]"
"銅話鍋物","新竹市","24.807079","120.975231","{""火鍋/鍋物""}","$$","4.6","新竹市高評價火鍋/鍋物，Google評分4.6分、累積3084則評論。","{""火鍋/鍋物"",""高評價"",""人氣""}","03-623-8899","lot","免費","{""https://lh3.googleusercontent.com/place-photos/AG9NLjBECpqJ5HEgeEWPsD_EPukb8-ZbxCnY7NhPKI2jgR2h2bYstFzHRnn3N3WBKCO1dXW_fNxmyyi0JxP8V9wFASrxms88Le2qr9lcqx2H0pYRszbAY66TU9QFrMvAdr69DErXwgLFXgUNBl-0=s4800-w800-h800"",""https://lh3.googleusercontent.com/place-photos/AG9NLjAJ7u5nsAKUuKnIPmQEnoP8_kFu_nLE6qVnQwil4Kq_x0fADhODohp0noObLOkdOfdRPpiN4a_PjUVQLm4xVRdoylOMl_YNCy34f6lT63BS61cJ3Csx4CDodW90AfTaNzx7ebzBgaqnLvr6=s4800-w800-h800"",""https://lh3.googleusercontent.com/place-photos/AG9NLjBN-Nv6IerSFAXuTX-TTH0GH_tSOjaPon0pE0IbD7cJeCp82adStL9dNmLX_akgF-mvAesPSlEVbJyRKzNv8heZhrfwUxyDKUfKJ4prZj0tOEvPbkKtgN4SOFG1dm_XghuV1r5HAf7NqD5C1HiELAkbaw=s4800-w800-h800""}","https://maps.google.com/?cid=822480358017019848&g_mp=Cidnb29nbGUubWFwcy5wbGFjZXMudjEuUGxhY2VzLlNlYXJjaFRleHQQAhgEIAA","[[[690,870],[1050,1260]],[[690,870],[1050,1260]],[[690,870],[1050,1260]],[[690,870],[1050,1260]],[[690,870],[1050,1260]],[[690,1260]],[[690,1260]]]"
"韋爐新竹巨城店","新竹市","24.808847","120.973067","{""火鍋/鍋物"",""室內商場美食""}","$$","4.9","新竹市高評價火鍋/鍋物，Google評分4.9分、累積1869則評論。","{""火鍋/鍋物"",""高評價"",""人氣""}","03-515-2555","lot","付費","{""https://lh3.googleusercontent.com/place-photos/AG9NLjBK5YKObcqbh4IoDtDSnmwgUqY0z0vqOUqzWSxpTU8YtOc6rByZghRrjNcE2tF7A-J7Mle0np2A_9F6xhixy_qPHa-x59NNATAEoPibveckYcDFIkXmSel5tqlCYLhdN1QFWSgjN_tZLOkyNg=s4800-w800-h800"",""https://lh3.googleusercontent.com/place-photos/AG9NLjC12Gb7P4lI9v3v_ZcVh5PYfQq6Y91YWyRUkam7G9Mg_xgrJLRNosqtiI9ZawxIm9ShLSYeq4-72UCJGSwOZ0IcsA05UtBj224keyY7kqEVmrj4swC3SU-2S-Jx267CmOKDQzuPzG4AmphzT94=s4800-w800-h800"",""https://lh3.googleusercontent.com/place-photos/AG9NLjAwOVXN8i0nJEYc434jqiYNcM3bnLUmyJfU1gJdgfYOHW2qSdppZB66JZhz-yaRpUXoVAeNMst8WOMlkdlaKEIUbMvBoensc5M1jPyWB_dmd5f6ALLBOgw4m2t8xPnjSWm4lUXXsxZh04B-mA=s4800-w800-h800""}","https://maps.google.com/?cid=8451130992411079047&g_mp=Cidnb29nbGUubWFwcy5wbGFjZXMudjEuUGxhY2VzLlNlYXJjaFRleHQQAhgEIAA","[[[990,1620]],[[990,1620]],[[990,1620]],[[990,1620]],[[990,1620]],[[660,1620]],[[660,1620]]]"
"堝鍋火鍋專門店","新竹市","24.809176","120.972923","{""火鍋/鍋物""}","$$","4.7","新竹市高評價火鍋/鍋物，Google評分4.7分、累積2221則評論。","{""火鍋/鍋物"",""高評價"",""人氣""}","03-535-2330","lot","付費","{""https://lh3.googleusercontent.com/grass-cs/ACvplmP_IGp5Sag-9sBY6uyTKnOC0TukrbQeoRDrzCPwjvMNYa06KrONLhY6R_PlMkKThIvfky9uDM-Ntuql2rJAc-XuIVY1DfSy7RvCCRpbwCt3REqJvjOZPeGrZpLrjCtsIZctQsab=s4800-w800-h800"",""https://lh3.googleusercontent.com/grass-cs/ACvplmMVslO1gaCBfzBndWZQPxq2ykMFBWFuAQn4gsaZ0T-xKTz8D3VUIX19Xega9WrJ2iGqH1-qSVaEyvemLwmfy9HJ0bABe4VIms4o9nrFOArelFBsvHJWcxK30vIWXbK44OtojndYow=s4800-w800-h800"",""https://lh3.googleusercontent.com/grass-cs/ACvplmOFCzQknHUQRw3D7dnoQV9SOrhg2j9_nir7f8KUEdpp1b6au43mtgjAaftBelZ-wGvlhrF7v9cXd5CsEhFWZHUwInoYHqno-FsCYrzkQ0WXG572lfNMmJ3y6dGn3TIpLBTM0YLfmFq3UTfo=s4800-w800-h800""}","https://maps.google.com/?cid=12126502656220425021&g_mp=Cidnb29nbGUubWFwcy5wbGFjZXMudjEuUGxhY2VzLlNlYXJjaFRleHQQAhgEIAA","[[],[[690,870],[1050,1320]],[[690,870],[1050,1320]],[[690,870],[1050,1320]],[[690,870],[1050,1320]],[[690,870],[1020,1320]],[[690,870],[1020,1320]]]"
"宅米 丼飯·咖哩·定食-竹北店","竹北","24.811898","121.0253","{""日式料理""}","$$","4.8","竹北高評價日式料理，Google評分4.8分、累積1834則評論。","{""日式料理"",""高評價"",""人氣""}","03-668-2590","lot","付費","{""https://lh3.googleusercontent.com/place-photos/AG9NLjDaNkgMmynV6hnxXgu5qN2cSXpIVPaJxZdCg2UeD2Tt7sJTKzyB3QGJLb9WQsO6i0vUEhCGzoQVHqe8mxeHvZa8rZUx_-pePNTcUL083VBrRuDD5JTeKr01NqDla9-fQv11dq4qTimLWg8-HkdgXXLFhQ=s4800-w800-h800"",""https://lh3.googleusercontent.com/place-photos/AG9NLjAbK7kCsfGNAZcmk-IJqe_yk4wPPBXSKwJruSD981hK7pJafPYlROvuscaHgY_UDdGdLfTBR87GuifNtlCLF4tSNph2qt808S0PxsH9mzWYQitWdehJ3baaKFPpjDG77ZQ-pLgfU6x9viccyIS910TqSw=s4800-w800-h800"",""https://lh3.googleusercontent.com/place-photos/AG9NLjBidBGzCoC24h-3niUlp7lZPwe4agy_HU18o_DW5c3LvqrydmEH_CA0S08td3LpHUSUodG_341WVe7kisFF7M--qqEU5uwq27XoFVy8HJPb6yBMpQPmnSOu6WcutjEvnZVT6kOPfH_6QQ34NQaFNFeU7Q=s4800-w800-h800""}","https://maps.google.com/?cid=5923105144691809292&g_mp=Cidnb29nbGUubWFwcy5wbGFjZXMudjEuUGxhY2VzLlNlYXJjaFRleHQQAhgEIAA","[[[660,870],[990,1290]],[],[[660,870],[990,1290]],[[660,870],[990,1290]],[[660,870],[990,1290]],[[660,1290]],[[660,1290]]]"
"夯下去和牛燒肉放題-新竹經國店","新竹市","24.813609","120.968496","{""燒烤""}","$$","4.5","新竹市高評價燒烤，Google評分4.5分、累積3004則評論。","{""燒烤"",""高評價"",""人氣""}","03-531-0363","lot","免費","{""https://lh3.googleusercontent.com/grass-cs/ACvplmPM55exZoIT89HDZ75s6eDOog-JRaXuE5qIPSpxMMiPTTf9cakxz2w1uQqZqS6h4hm6Vvntj4GpgtiMkNE4_NG4F91_ityq6chGk0dLb-15BPCwfJ1BeevEuy62QNnRZBTphSLx=s4800-w800-h800"",""https://lh3.googleusercontent.com/grass-cs/ACvplmMPE-4NX1x4nOLLFQr_mhgFdOACjk8YF7gmadNhUTpCDu3rQrKa3HgN0EOCKPJnVDyNqxbV04z81ul9n-1-d5bhRIoVXxCRid0DcHECho2jox1iKjY-4yc1JUDjp6dBapHtEZPIs7YKIcH-=s4800-w800-h800"",""https://lh3.googleusercontent.com/grass-cs/ACvplmNqhSdCVZ6e-Qp_8c4dJPo8KfdW3FUMzM5AtihBTHl7AT_SgixE0gwHWm8QuaLFUu_48Sd9pnomFu51YzBd9Ejjo1I3FtQP2aEfYu4zJg3unN_9oiZWA45qQ1Fzr00m5EMFvxI0wg=s4800-w800-h800""}","https://maps.google.com/?cid=5221701985093097537&g_mp=Cidnb29nbGUubWFwcy5wbGFjZXMudjEuUGxhY2VzLlNlYXJjaFRleHQQAhgEIAA","[[[660,1320]],[[660,1320]],[[660,1320]],[[660,1320]],[[660,1320]],[[660,1320]],[[660,1320]]]"
"滿溢沙茶石頭火鍋","新竹市","24.821508","120.959661","{""火鍋/鍋物""}","$$","4.7","新竹市高評價火鍋/鍋物，Google評分4.7分、累積2098則評論。","{""火鍋/鍋物"",""高評價"",""人氣""}","03-533-9388","lot","付費","{""https://lh3.googleusercontent.com/place-photos/AG9NLjC02T4_Yxv9nzHzNI50YUYK3CeU1Vy5gKn9DWsDUKkIz6eYR5vo6r6zo7qvHpIHzSXlemGXXA2yz8LYDWV1dMf4QnYatCrtn-afMo2Bkb0JaO0tEzoZUk8MaHzdTl7D5Ush_x3Yq1i-MTJPIw=s4800-w800-h800"",""https://lh3.googleusercontent.com/place-photos/AG9NLjAHudutOcm_tHwVLzMjGggwX1LvGnwXg-CWkLICpVuhDE20P7wona3UiagdkKS_3JKMnGp3dz0cYlIrU7RGzdt4Fpt2sM6kUrMc-JGwDZZkd2o5V6UAM2RgNZ4r6OPNHAFWLguHJMsfwuac5A=s4800-w800-h800"",""https://lh3.googleusercontent.com/place-photos/AG9NLjATaIuQzLDYoUoMnRmPIKv3f7Nx79Mu3gat8OhxGtz5Vb_c5WeBvPMzt5NRRkP61ykipDSCcQhew1K4CU69ndlDOfWdBZrec4luyk5iByp7KsI2OH7zV8TIfTc552ds-oJLBNqxXyWj3GEPdFec-jbf=s4800-w800-h800""}","https://maps.google.com/?cid=10864209044171228040&g_mp=Cidnb29nbGUubWFwcy5wbGFjZXMudjEuUGxhY2VzLlNlYXJjaFRleHQQAhgEIAA","[[[1020,1320]],[[1020,1320]],[],[[1020,1320]],[[1020,2040]],[[660,870],[1020,1350]],[[660,870],[1020,1320]]]"
"阿叔燒肉竹北店","竹北","24.819019","121.025728","{""燒烤""}","$$$","4.7","竹北高評價燒烤，Google評分4.7分、累積2061則評論。","{""燒烤"",""高評價"",""人氣""}","03-668-5331","lot","免費","{""https://lh3.googleusercontent.com/place-photos/AG9NLjAoklC8Qedx3qyAd1M7JFhedGyhQygqFEIDC8FzqKw8-Osfbk7hVQLwmV2w1b3h3geGPLZgHr9-wJCUHHUgqHhqTW0AbPsRzWhJkt85zZaNksRO05_0YFHzZrTK3ES2gsgrMNmEV_oGRGzKpUs=s4800-w800-h800"",""https://lh3.googleusercontent.com/place-photos/AG9NLjA9VzIXqXdPs54wUenc5VtDSXxTHrpsFC_yA6zsvUl3QMiQBIbsf9FoM3f7ilWPxSKBV8rIdeER2rWvLsq3bf2cDi0NY5g6C6cEd59O-m31asgj2WuvKX2tms3lwfwTR2xyWN2LY9uaHXMEeg7W04oGCg=s4800-w800-h800"",""https://lh3.googleusercontent.com/place-photos/AG9NLjDrNgaNohpJyoz81fb03Ua38NrdOVfbrL4MH176A3ZNQn8GTAhkWukoYAQv4eO3XTO-wfFT3rrL0zXpCmm87W-Z9AVEcp2dIZOGVdzhLXgt_pejQOT2grvmuLq7E3sqnFwTNU2Phw87innI-w=s4800-w800-h800""}","https://maps.google.com/?cid=2762455246134860699&g_mp=Cidnb29nbGUubWFwcy5wbGFjZXMudjEuUGxhY2VzLlNlYXJjaFRleHQQAhgEIAA","[[[660,870],[1020,1380]],[[660,870],[1020,1380]],[[660,870],[1020,1380]],[[660,870],[1020,1380]],[[660,870],[1020,1380]],[[660,870],[1020,1380]],[[660,870],[1020,1380]]]"
"同樂食鍋 新竹巨城三民店","新竹市","24.809898","120.979217","{""火鍋/鍋物""}","$$","4.8","新竹市高評價火鍋/鍋物，Google評分4.8分、累積1746則評論。","{""火鍋/鍋物"",""高評價"",""人氣""}","03-535-8800","lot","付費","{""https://lh3.googleusercontent.com/grass-cs/ACvplmM3zuo9UEKAZP17C3u9PBbu81GZK9lxFynxINTGxFpxQ-oK4fYov7q-DEtmRZZ1NByayn9H9rCC2CHQFfgmHn8HecCboxc0zKfPGHRhMIgYjwlw8pKbVtVCnipqtPkPgIxSwtIlG9FBKT04=s4800-w800-h800"",""https://lh3.googleusercontent.com/grass-cs/ACvplmPXvdrYQ4Q8moxQ_sxSA1FP4FCxpGMPDYSnk5IUwJ61uqMJ1L8U1oPKZtujprPgCBOKgr4_wMxN0A2NFhIMQalikvkMcl6l_EB1sHUeqxFimOFXuuyeGTO7C8uf69cy9WhPIKPk=s4800-w800-h800"",""https://lh3.googleusercontent.com/grass-cs/ACvplmNujf_Dol3pk3WN-UVZL53DvhPsPUY8P5AGy46cKFo-Q3K3HJkkdoFaofXhhNWFcS3TehkfNcNr3jhUVSZbGrKPPEV44TLsQffclXLj7rnNGDslR0Nli1KJ-SI8x4lO3z9YeQ7PNaC6hms=s4800-w800-h800""}","https://maps.google.com/?cid=1501636474315715551&g_mp=Cidnb29nbGUubWFwcy5wbGFjZXMudjEuUGxhY2VzLlNlYXJjaFRleHQQAhgEIAA","[[[690,900],[1050,1380]],[[690,900],[1050,1380]],[[690,900],[1050,1380]],[[690,900],[1050,1380]],[[690,900],[1050,1380]],[[690,1380]],[[690,1380]]]"
"禧樂 丼飯、刺身、炭燒","新竹市","24.796229","121.006869","{""日式料理""}","$$","4.5","新竹市高評價日式料理，Google評分4.5分、累積2859則評論。","{""日式料理"",""高評價"",""人氣""}","03-571-8699","lot","免費","{""https://lh3.googleusercontent.com/grass-cs/ACvplmPkzdTXvDuTwAs2GHTjjiKM4lzpsXKxkssy3FGRsOQxUHNus5UU2ObxZ1rIfhijWkunlKDQYjOqSI2RgrLU8HWNk1bvz-KQYi0Ve7ziuEBG1b7M5KjH7l3X5FwVEKj1wPU8boqkkQ=s4800-w800-h800"",""https://lh3.googleusercontent.com/grass-cs/ACvplmMz4lVgaD0NIIFTVbe-HY3qcwoVqK6MbwygjUO-PVuOhvS0WG9Ahnjj4X9t4X70N_O8G9Q6UncUpLYZV-uxZv135D5J1Mqgvqj0-g1s3LhJmPfyXfbk9gcxk8LJK1d--DMReykE8w=s4800-w800-h800"",""https://lh3.googleusercontent.com/grass-cs/ACvplmMFyIhxPR4Ke6mY4rs3ERKv1hvx3MdqB3MqjjgbU9oYnpqEvfN5ccU2yzEvlL4rsTPY9ErYcIJsOLjljsxBX-cYJB3mzAnKyY-VpWRGVis1Bw4hnYKGMoD4jrSsx3LHfnRHteB24S0PXVzS=s4800-w800-h800""}","https://maps.google.com/?cid=2293476040154017493&g_mp=Cidnb29nbGUubWFwcy5wbGFjZXMudjEuUGxhY2VzLlNlYXJjaFRleHQQAhgEIAA","[[[690,810],[1050,1230]],[[690,810],[1050,1230]],[[690,810],[1050,1230]],[[690,810],[1050,1230]],[[690,810],[1050,1230]],[[690,840],[1050,1260]],[[690,840],[1050,1230]]]"
"沐府","竹北","24.81531","121.023673","{""火鍋/鍋物""}","$$","4.6","竹北高評價火鍋/鍋物，Google評分4.6分、累積2332則評論。","{""火鍋/鍋物"",""高評價"",""人氣""}","03-668-8907","lot","免費","{""https://lh3.googleusercontent.com/place-photos/AG9NLjCkJCYrOuC4p6jv3Q62ZBbJJarrk40xxlRt7FeCvUN1peVv_FcJ8arzbGpSsLc65NgwYGaq14XTAWEyBT-jvUhZf173cDyJ5c7RcL_W3WPrKKmFzmFyPtd1Nwfu2jbUOpITWr8xEG-VnDFD7w=s4800-w800-h800"",""https://lh3.googleusercontent.com/place-photos/AG9NLjA6P8aCTxgXUsCBRcR1hpZ0AnUYhpyZ3KXnPutshBHI4HFkpUIjkTWOhAv8TyQ0-XIhYMwt5ed0bz-qNV53bAxY2dpMKAe56MzltPp8m9juE18lIjNSuys73359bv6rG9cNlpVYllLBpZ4c=s4800-w800-h800"",""https://lh3.googleusercontent.com/place-photos/AG9NLjBj_pqA0oCrzGIIMhYd4MjJSeMgWtkLY1HQ3g1FhrRSnJ6kNPcydNmErUDDPxlboWZp8dMAVO5SCvMWcckuvOfDb6ktPY6ZbpHZsuLQ3tvz-yK3XFXXYSDBCyq79PqXnfjoQiyYlA8PSTHF4c1NRWmBmQ=s4800-w800-h800""}","https://maps.google.com/?cid=15386470269663254899&g_mp=Cidnb29nbGUubWFwcy5wbGFjZXMudjEuUGxhY2VzLlNlYXJjaFRleHQQAhgEIAA","[[[660,900],[1020,1380]],[[660,900],[1020,1380]],[[660,900],[1020,1380]],[[660,900],[1020,1380]],[[660,900],[1020,1380]],[[660,900],[1020,1380]],[[660,900],[1020,1380]]]"
"魚町日式丼飯","新竹市","24.815687","120.966251","{""日式料理""}","$$","4.6","新竹市高評價日式料理，Google評分4.6分、累積2179則評論。","{""日式料理"",""高評價"",""人氣""}","03-531-9650","lot","付費","{""https://lh3.googleusercontent.com/grass-cs/ACvplmMTxYZXVslItple7R6jkKMES45UzCECSUA9UMCNdsny7-4XALJZIYP2chcA1B2caKFceWWhWyzABmeDgOLks4fsvgVk2Jt4ZEcCpkpNgjDqdNUvIE_3A8kVVUb22vGC3QEr-Z0=s4800-w800-h800"",""https://lh3.googleusercontent.com/grass-cs/ACvplmNKpGGadDCyHqncL3u8hWsD7cU4vdV115AVVIG0o2BTNs903yS5a_vgButmXZIFedcFJHCTSrKg9hYs7xVpd3fJkPEMje_54W2DcDt6Y4y2BQ5eA9SUux_GIzaAS0Qb5w_ccfT-M0LInhg=s4800-w800-h800"",""https://lh3.googleusercontent.com/grass-cs/ACvplmN4lG_niOooKU83oMSxtsbtdxTR0hA3dgcuy_Ppn-W1Du5-ijyeijW7o2-VLe8-qiJ2IMwRmKfVPs7SilYxl9KAeGYuM56x5B--qOFJ6gnW-4VK8uhfCnkuttGfhGWXWOhKyWXfT1NKWh9L=s4800-w800-h800""}","https://maps.google.com/?cid=1431125054087666600&g_mp=Cidnb29nbGUubWFwcy5wbGFjZXMudjEuUGxhY2VzLlNlYXJjaFRleHQQAhgEIAA","[[[660,840],[1020,1260]],[[660,840],[1020,1260]],[[660,840],[1020,1260]],[[660,840],[1020,1260]],[[660,840],[1020,1260]],[[660,840],[1020,1260]],[[660,840],[1020,1260]]]"
"成都老鍋牛肉麵","新竹市","24.792947","121.002044","{""麵食/小吃""}","$$","4.5","新竹市高評價麵食/小吃，Google評分4.5分、累積3201則評論。","{""麵食/小吃"",""高評價"",""人氣""}","03-573-6399","lot","付費","{""https://lh3.googleusercontent.com/place-photos/AG9NLjCzcQXRKTj_SwDvs2-oqbYBE13i-QGAlqIF6eSz9i-fbGesotiWGQ21rb4m3guQo3f_Mo_kwPJ5dyT3z4dZ8BekeLz79gnGr1xVL3jFM4KNxLml_WURWKbxkKMLajMSvpdV4OF4FPhnIyvOkWGdKvCIGA=s4800-w800-h800"",""https://lh3.googleusercontent.com/place-photos/AG9NLjAx5xBsePQ2dnTBZ9x-tbsie0o_K7BxBQLkl8J_GnoexMCcwRKX9NbCxzRYYrl2FjtaPe7SYk9wxeJ_9ITn-OwksNI_f2G_ssVnfbtDmQnJPyPiAi1r9SDjgnIm4QPvWymLRH52260uBxGxByf0AkIhgg=s4800-w800-h800"",""https://lh3.googleusercontent.com/place-photos/AG9NLjCEt8K7DrZFjB_YapP60imCY_rBrNT9GSkC7kZzikuzQQl5-jQVd1Ggw6YgUUSRCf8Eh1bUvnRMGFsLdNwwwhlGWbT2-gx5SaWgcG2ovor-mcoNxpsfZgv4alrsysCAXXMo1niKJFKNS2u0bTZ1S5Y1uw=s4800-w800-h800""}","https://maps.google.com/?cid=7227787788242010072&g_mp=Cidnb29nbGUubWFwcy5wbGFjZXMudjEuUGxhY2VzLlNlYXJjaFRleHQQAhgEIAA","[[[660,870],[1050,1260]],[[660,870],[1050,1260]],[],[[660,870],[1050,1260]],[[660,870],[1050,1260]],[[690,840],[1050,1260]],[[690,840],[1050,1260]]]"
"段純貞 竹北店","竹北","24.811954","121.030702","{""麵食/小吃""}","$$","4.1","竹北高評價麵食/小吃，Google評分4.1分、累積6294則評論。","{""麵食/小吃"",""高評價"",""人氣""}","03-667-0557","street","付費","{""https://lh3.googleusercontent.com/grass-cs/ACvplmP68mJH45ooUd-GeLMMQBMvFSgocDBkd9VMIakXEhXYAvZYDqcMcRTPQXI_lMT0Rypvq8RlVC87xK2gZl1_T_Tumc3FCXZ_7LAV56erLToaUkudlxtkM6Eq8P86RBf9tfklmVH49w=s4800-w800-h800"",""https://lh3.googleusercontent.com/grass-cs/ACvplmMSW8J9QOmD5v1hhiwXousaqGWNecngddXheNLRXPcSZYiHDUa976xuuYch8pHZ4ejjkJlCtVfz5eT4r8-EiQG6Z6iuul-pPcARslI-AaUtWgIqgq6958dd9X6t7dpGszb0KNkREW2LkoEh=s4800-w800-h800"",""https://lh3.googleusercontent.com/grass-cs/ACvplmO03GSDoqSEYIdVFhfjaneHMI8DBEaLkeKgPGJXN9UBTlzNWpxvcfbWKdr5ZghVxMmmPi8_9T15fl1DJP51CuNxLeSMGW9FwXGEfOrZD07Ftw4kxY0_NQc7Rv-ObgWgrlx2ar-Qz7UqGRo=s4800-w800-h800""}","https://maps.google.com/?cid=12770658266043827724&g_mp=Cidnb29nbGUubWFwcy5wbGFjZXMudjEuUGxhY2VzLlNlYXJjaFRleHQQAhgEIAA","[[],[[690,1230]],[[690,1230]],[[690,1230]],[[690,1230]],[[690,1230]],[[690,1230]]]"
"牛洞 竹北勝利店","竹北","24.822102","121.027623","{""麵食/小吃""}","$$","4.8","竹北高評價麵食/小吃，Google評分4.8分、累積1494則評論。","{""麵食/小吃"",""高評價"",""人氣""}","03-668-8865","street","付費","{""https://lh3.googleusercontent.com/grass-cs/ACvplmOFRkYy8KP38yIt14Jr-fw3NXYBBC4rBbcew4GGJjqDyqZPeGwRsoAoosP6sccKaJ10C5rmWMowoPbMU8fpL67zLHPxUlg2HO4FVUlXjw-T0H2GzDQXsJMsNXUtGZD8oAIz5n4fWN6xlSP4=s4800-w800-h800"",""https://lh3.googleusercontent.com/grass-cs/ACvplmOaHYnxfKCuPay2yy9Of1t9A8cr2bR5updPCileoJBl1hZeT-SwANMwOyJ3LwgWdjx6hYf5eKcOX7n9RCVlelvxGsWoE3HJ8qLM_6rXcPgetzGnq9Sy2CY5G_ER9KSqFfBicywnaw=s4800-w800-h800"",""https://lh3.googleusercontent.com/grass-cs/ACvplmMdWvaq8RS1Cyts6lubA8Jhcm1G-WASNEDWFVXh_8vgh31gt3799mujdVzuQmj_YIuAjoczy0smOGT9BFMaD548wX_djPuUix-CuB9PCuddvzv-MNmT2UUiZQNE5qpWDvuOT7BH2ztZACf2=s4800-w800-h800""}","https://maps.google.com/?cid=5066977978024932381&g_mp=Cidnb29nbGUubWFwcy5wbGFjZXMudjEuUGxhY2VzLlNlYXJjaFRleHQQAhgEIAA","[[[660,840],[1020,1230]],[[660,840],[1020,1230]],[[660,840],[1020,1230]],[[660,840],[1020,1230]],[[660,840],[1020,1230]],[[660,840],[1020,1230]],[[660,840],[1020,1230]]]"
"璽子牛肉麵","新竹市","24.797423","120.985294","{""麵食/小吃""}","$$","4.2","新竹市高評價麵食/小吃，Google評分4.2分、累積4054則評論。","{""麵食/小吃"",""高評價"",""人氣""}","03-571-5959","lot","付費","{""https://lh3.googleusercontent.com/place-photos/AG9NLjAE9jaw2irOmIQWTi1IWH3bJv3ey-CxuTMuG8SOBa_CQB5S1ny7fwaRFRn9-MXkDC5tnYKiVwSNG_r3uvdzwz6I8l4f8Hh-7gpQoxzwM81URqVJiHd4-q4Ac6HqVu3jpnp65KZMPn2WjhkZTnh57DDMvg=s4800-w800-h800"",""https://lh3.googleusercontent.com/place-photos/AG9NLjD206psdT3-vEV3jH_wSE224yPZbX3GsjPRY_2CCZOYbchHVEzRka0fT5T3Ra6Uzh84NAdnQBWFXjYka5cpQAwriw36AfPQ2wT865v8M8Bu7rp1EqpC97GE8qYX_5C5g_2GrcrloKoVJLOMK9jg4Cz5_g=s4800-w800-h800"",""https://lh3.googleusercontent.com/place-photos/AG9NLjC2a_-oDTnEk6MG9FyD3_eX5AQ3xz1oonFwWR3cKhUoEj7OH6SDzL6WfWnBNFvLweMNK7ow0EG_E6mtjYXGbjZeLTCS1AaOAd3OyQy6rNon5oHDx6bTLiQakOVgyNG2KmRPo2nDhtVN1qme-nmGBPsx=s4800-w800-h800""}","https://maps.google.com/?cid=829674629728395397&g_mp=Cidnb29nbGUubWFwcy5wbGFjZXMudjEuUGxhY2VzLlNlYXJjaFRleHQQAhgEIAA","[[[660,810],[1020,1230]],[],[[660,810],[1020,1230]],[[660,810],[1020,1230]],[[660,810],[1020,1230]],[[660,830],[1020,1230]],[[660,830],[1020,1230]]]"
"段純貞建功店","新竹市","24.802646","120.993785","{""麵食/小吃""}","$$","4.1","新竹市高評價麵食/小吃，Google評分4.1分、累積4714則評論。","{""麵食/小吃"",""高評價"",""人氣""}","03-574-8838","street","付費","{""https://lh3.googleusercontent.com/grass-cs/ACvplmMQXn1RHTYfDnVtYUFEHPZySrI6awCG3RD6T_j_Xrz3dhdwLgpumbgQuu8bE1oE9Ec1Iqu7GnHEGuuH_WLWHXmz_5i8WKjTijH8JDpmJWJk0BsERc2ZDt9YH4-F2Z-1EmwZBuVv76M4yP4=s4800-w800-h800"",""https://lh3.googleusercontent.com/grass-cs/ACvplmM9Z_6mnaecBKFqS8NGh1xEYWCVYA2nfnFpfuzsqqsDSzdW8cHisZW4_V1HZwMawZa1jUElqRi3UksFGPO1sM5M242fAMkdFXrNiYNxTKAn8WXeOPp1fMz10IFkJJDXLXsEQHiBB6PHNNo=s4800-w800-h800"",""https://lh3.googleusercontent.com/grass-cs/ACvplmPJYdld3a0PzIwgFPh5uEw5MKMQT3-9LF4ZzQyP5xdaJdldjWOI_64d1rEhesI1LFGr5SuE6SkgiLBOTnpBl55qGoCwBnELu-hg4RJOBhDsBvt0c0JU8If3YbCOmbu381e8wVhnm6_49umL=s4800-w800-h800""}","https://maps.google.com/?cid=9931879535034389666&g_mp=Cidnb29nbGUubWFwcy5wbGFjZXMudjEuUGxhY2VzLlNlYXJjaFRleHQQAhgEIAA","[[],[[690,1230]],[[690,1230]],[[690,1230]],[[690,1230]],[[690,1230]],[[690,1230]]]"
"文化城牛肉麵","竹北","24.832047","121.010025","{""麵食/小吃""}","$$","4.2","竹北高評價麵食/小吃，Google評分4.2分、累積2573則評論。","{""麵食/小吃"",""高評價"",""人氣""}","03-553-0568","lot","付費","{""https://lh3.googleusercontent.com/grass-cs/ACvplmOUm4rCAZzqI4QUIqAkS-cdvTKwhuMsHSqnxfY_RnTuD7PhWdw0K5GlgtPo31e5hOlu2xmRvx_JYjfTqvCg4ehNp0Otk8BvmwCGB3V0_zspJhVY8zYTOB0Il6TxHVEeLYKlhqWR=s4800-w800-h800"",""https://lh3.googleusercontent.com/grass-cs/ACvplmOmTvIN51cx85J4xj6nXGwrXmXb-Bw5yGEOosBBZ6I2q2yACO9wWjVQ3eIrkGGNVBiOtsXiSHYByex52O576unGSdo-8fZzPLHtQWngsXZW71_lIV06G7hhgGCRSb722F_lZAN_P1t2Oy0=s4800-w800-h800"",""https://lh3.googleusercontent.com/grass-cs/ACvplmOHAEHUbTNt3yeMYyFGmqBIRJ7iYsjY-qp7o6EGSElI9Txaui7cTUwR7-j7UXizwq_HIcp9wDw6egE7dtRiqLlwVMWfCFjSPNn-28T689zBLzZzVZRx3MXNLA8H6UOQtmofDsE13k74Gn8=s4800-w800-h800""}","https://maps.google.com/?cid=15555440657003458609&g_mp=Cidnb29nbGUubWFwcy5wbGFjZXMudjEuUGxhY2VzLlNlYXJjaFRleHQQAhgEIAA","[[[660,840],[1020,1260]],[[660,840],[1020,1260]],[[660,840],[1020,1260]],[],[[660,840],[1020,1260]],[[660,1260]],[[660,1260]]]"
"段純貞牛肉麵-創始店","新竹市","24.818184","120.966977","{""麵食/小吃""}","$$","4.2","新竹市高評價麵食/小吃，Google評分4.2分、累積2517則評論。","{""麵食/小吃"",""高評價"",""人氣""}","03-540-8165","lot","付費","{""https://lh3.googleusercontent.com/grass-cs/ACvplmNH_nNNva8qru6v2pwfRhr5tkutyO_gPi-S5go6X3ZGn2Uz0799RGky4hbsvfi06DEQW26VWgxDUvKR5-RU7Fs7LXFlyKwF7yRNS-b1xqcj_xXzh_75_02R2pfTHOxVo2jXeg=s4800-w800-h800"",""https://lh3.googleusercontent.com/grass-cs/ACvplmPDHasmKfOIPrIwgxc3SW4ELlhkktsZfMolqkrsbzTd4gQ115vb_Ujsh0I9HCBXZwMd28ywCOXF1uJJw1Hx7vi8J3yjPHAZz5I-Szk_vEx5sokbAILMWLu-rOY7RLatG3xi2myfP5JCZrz_=s4800-w800-h800"",""https://lh3.googleusercontent.com/grass-cs/ACvplmNkmpz6MpHEIZySXYygS4arbFxRWpgUeVmwEhI8yl_sCBdzl9796OaaQp5FCnS2jN8iWYJ077wWvzM7ON_ys1of9-2f53K09uwdV418SmdyT4pbGAj3Vdc90wyNj-a27uXz4_Cjulotn1sO=s4800-w800-h800""}","https://maps.google.com/?cid=6697685633699051412&g_mp=Cidnb29nbGUubWFwcy5wbGFjZXMudjEuUGxhY2VzLlNlYXJjaFRleHQQAhgEIAA","[[],[[690,840],[1040,1230]],[[690,840],[1040,1230]],[[690,840],[1040,1230]],[[690,840],[1040,1230]],[[690,1230]],[[690,1230]]]"
"厚醍牛肉麵 新竹忠孝店","新竹市","24.801503","120.99013","{""麵食/小吃""}","$","4.4","新竹市高評價麵食/小吃，Google評分4.4分、累積1486則評論。","{""麵食/小吃"",""高評價"",""人氣""}","03-575-1186","lot","付費","{""https://lh3.googleusercontent.com/place-photos/AG9NLjAEe4SYez0gdCXFJDnb7uZLpCZJLimjlOgsRmd3OWp_FAdcvQBNEto2-IuiZeJExuExZk95xE8k7nyCiikRk64p8OR14n1SLbvnfIyhy_5Flhazr29-vWFDYDycajTtQ8odWlFWqk0cP7Rfew=s4800-w800-h478"",""https://lh3.googleusercontent.com/place-photos/AG9NLjD3J8JfvY9Nv8GsVdtNxL9tprNDvGe0vi5QgMtN8i2nCvvRgpdmJg142TPiEN332SRF8BTL4I_SFXSunNtRgUxY9Au81ka8dpG39txlVXsRD8cdw7Bay4CgfWQqS5Hx4i5whjtjCO24OCrJ=s4800-w800-h800"",""https://lh3.googleusercontent.com/place-photos/AG9NLjAUKWoKEfSiaYF3xjSeZnRTpWBb0VWQDVVD84IABH32q9VnpffOTveZZ_C2wH_OTUCGg3ocR8BocJ6RKaVB-Oy827HgDXWGnbDu1yUZRflR2oQhfXP3OXAu-2peYS5lG9ucWKFRME29wq71Nxiofg-4hQ=s4800-w800-h800""}","https://maps.google.com/?cid=16840780712073761570&g_mp=Cidnb29nbGUubWFwcy5wbGFjZXMudjEuUGxhY2VzLlNlYXJjaFRleHQQAhgEIAA","[[[690,1200]],[[690,1200]],[[690,1200]],[[690,1200]],[[690,1200]],[[690,1200]],[[690,1200]]]"
"璽子牛肉麵（竹北店）","竹北","24.822549","121.028567","{""麵食/小吃""}","$$","4","竹北高評價麵食/小吃，Google評分4分、累積2653則評論。","{""麵食/小吃"",""高評價"",""人氣""}","03-667-5539","lot","付費","{""https://lh3.googleusercontent.com/place-photos/AG9NLjBdRYS0jg5k0I3plQq-JzYZ6y0XIY0ssQJ-nrPfF_7OCS_kbaqjvKpFH1__Ja4gkb1kGOegw2PhZ8gPnMlMKn5d2Bmxdlqm85H__JyhB3Dz2XCpTtAIl4z0S3-dmuZ6tg_74XprQqV1Wgdk2_c=s4800-w800-h800"",""https://lh3.googleusercontent.com/place-photos/AG9NLjA8gCJR3tBEQW6aksiMKm_HPBwkp8I84x_O8kY8wFewkU5by7fNp3JFVKTLqGSzgmdAmteHF0AZgIE-DpFXiHVKYOQvjkfkwpaC2HoFyEte-4Thfi_uvWqsueM-1zBgar7X6P36wAwC0lAi6A=s4800-w800-h682"",""https://lh3.googleusercontent.com/place-photos/AG9NLjBE7YoLTTVMncFeqlhuPNhMaVd1EC4JV_Ru4TKzYXhqTHWG_WBtyTKDnr8713TzPi_idhkoivC8Ahxa_HTRLdjTV-3uFVo6uH96SOz86GDV8KgB2Q55rBCzJjZ7jV_-jcK4sP8pbnONkDhlBA67sk4pTA=s4800-w800-h800""}","https://maps.google.com/?cid=8436982289619348107&g_mp=Cidnb29nbGUubWFwcy5wbGFjZXMudjEuUGxhY2VzLlNlYXJjaFRleHQQAhgEIAA","[[[660,820],[1020,1230]],[],[[660,820],[1020,1230]],[[660,820],[1020,1230]],[[660,820],[1020,1230]],[[660,820],[1020,1230]],[[660,820],[1020,1230]]]"
"梁小姐米粉湯（文興店）","竹北","24.814352","121.021639","{""麵食/小吃""}","$","4.5","竹北高評價麵食/小吃，Google評分4.5分、累積950則評論。","{""麵食/小吃"",""高評價"",""人氣""}","03-667-6499","unknown","","{""https://lh3.googleusercontent.com/place-photos/AG9NLjAgE0hQez5qSdPqOyMBWaOaWMmagSTE1pfPjD9XrxyhphMdqG14brPwn8pYRCMafTRWRxEeNRgAY0KkbCuCaWF0tjzFszxuCcKi93sidftG9miaO7z3XU5QHY5Noq6rZfJOwGngCge-RZ8-h9w=s4800-w800-h800"",""https://lh3.googleusercontent.com/place-photos/AG9NLjAj_nGMrDsK3rkMLC8X_eZIAfKRmY9ZIKh9mJ7FRUiRGdhJuOLE-xzwhvZRHo4QW0VQmNE461LSlO-cqRpnZ_u66kXtLIyPVNDZohFfR6VLv1b-JSUvlTkyW2tlDMiWk5CRO131ib1akeTuMpXrDa0F-g=s4800-w800-h800"",""https://lh3.googleusercontent.com/place-photos/AG9NLjBcShufaxyGFa1FdLpaKNE-rYAaS7JQX2l72mXJiyWgYFnmEqbk16RCa6MbMt-6PjFKz4wJVLjxPXXsPBj3upxFTKvRVTD_EshfnpOpPlvZF0NYU_ivEhW2g1TJBeJmKGZx5pdxPb4PIQc0Ddf7mKVRUg=s4800-w800-h800""}","https://maps.google.com/?cid=2571271218722334609&g_mp=Cidnb29nbGUubWFwcy5wbGFjZXMudjEuUGxhY2VzLlNlYXJjaFRleHQQAhgEIAA","[[[660,840],[1020,1200]],[[660,840],[1020,1200]],[[660,840],[1020,1200]],[[660,840],[1020,1200]],[[660,840],[1020,1200]],[[660,840],[1020,1200]],[[660,840],[1020,1200]]]"
"福砌阿華什錦麵","新竹市","24.813229","120.978573","{""麵食/小吃""}","$","4.3","新竹市高評價麵食/小吃，Google評分4.3分、累積1279則評論。","{""麵食/小吃"",""高評價"",""人氣""}","03-535-1185","lot","付費","{""https://lh3.googleusercontent.com/grass-cs/ACvplmMchhSDmnOEbr4ZaxRWvihIWDWxfrZKRjfljQabYgJLaeTR0RYit3jZrT0vAe8u-rKFjeBO7H2PLMwwbd7kG3GaKAF8pft3Iwk9MQiN-ESNJY2yth7_6NaUg60t8zUIlL9Qa9sR=s4800-w800-h618"",""https://lh3.googleusercontent.com/grass-cs/ACvplmPpNl8Dv41Btd91Mo2IGbBJOHlW85ScT8b2U58jIDJuqZwIfhZa_20aT6XLAAG3EfBCP7H0-RQenYjBe_rcHJ3aOcP2cnQHl5S-heBD0H23lOlBvJptvQGvkrCwgbhTZnz7Z2opnA=s4800-w800-h800"",""https://lh3.googleusercontent.com/grass-cs/ACvplmOlHGzAwHe7wJGnV_JwUPatW7cDeC2oiwYD3IfjEBQ_Q5wVJnUrqOIm9JX4jvJWjhZFdBY03RKFAKuyKU8Yfjon_sFkyNAtETJk7qUcaQcXV7utA56Hz76OxrJxl-ZRhAe4L8MAlz6bbPs=s4800-w800-h800""}","https://maps.google.com/?cid=12434529203855918597&g_mp=Cidnb29nbGUubWFwcy5wbGFjZXMudjEuUGxhY2VzLlNlYXJjaFRleHQQAhgEIAA","[[],[[420,840],[960,1185]],[[420,840],[960,1185]],[[420,840],[960,1185]],[[420,840],[960,1185]],[[420,840],[960,1185]],[[420,840]]]"
"九添福牛肉麵館新竹城隍店","新竹市","24.803777","120.964309","{""麵食/小吃""}","$$","4.4","新竹市高評價麵食/小吃，Google評分4.4分、累積1014則評論。","{""麵食/小吃"",""高評價"",""人氣""}","03-527-7975","lot","付費","{""https://lh3.googleusercontent.com/grass-cs/ACvplmOORYoi3coBt9DkB0_J9booGbfAFBKyDak-67-AIfg4YC3O1UxqeMbkI9nmMM8WeWIIdGeN90PGB1dCNzzUywdVHqInSVaJT27pRKw2qSJbEE2zGeSOyOABYCUUOXn_Q34aeJwA=s4800-w800-h800"",""https://lh3.googleusercontent.com/grass-cs/ACvplmPlmx7NBA_SWMg3gCA2ePV4D4MdUwzTXL6y2_0RJqFVcei1uRX9nEgS77VoUZhNNnUfNjPvU0fJwD1D_WpkGqLAEG-DGQoehLnnRp5x2DOn3l3OGKr7u5qXpKIyD3y32nmlky45F8Nz0i-k=s4800-w800-h800"",""https://lh3.googleusercontent.com/grass-cs/ACvplmM5RJT1KbBaITKayjThnNRCZJpJqajVmMO03QSFgKcHgia-OMhSHv7g3ILCNgHvsUJIumhwAquDnQf2H4YyKdKoU_j9QeMnh95GOClHnY8CFTt50SqUTf_xzd8EOV1yWncM8IwN=s4800-w800-h800""}","https://maps.google.com/?cid=5325058845550330679&g_mp=Cidnb29nbGUubWFwcy5wbGFjZXMudjEuUGxhY2VzLlNlYXJjaFRleHQQAhgEIAA","[[[690,1260]],[[690,1260]],[[690,1260]],[[690,1260]],[[690,1260]],[[690,1260]],[[690,1260]]]"
"孫子文牛肉麵","新竹市","24.779013","120.985917","{""麵食/小吃""}","$","4.2","新竹市高評價麵食/小吃，Google評分4.2分、累積1348則評論。","{""麵食/小吃"",""高評價"",""人氣""}","03-579-7098","lot","付費","{""https://lh3.googleusercontent.com/grass-cs/ACvplmNGBKPpSehWYfnrwj92aTyjlt0t1qAPiVQabw7p3FNgs6TGSj-K5LrEsdXMWfIVbi8ywSJ3_nxkOmnSTOJE89qa9lUl1sNdtQZA_a1EQHZ-BeQitqoZR8P1xiJ2HelH1Tg1HO0sqwqshy15=s4800-w800-h800"",""https://lh3.googleusercontent.com/grass-cs/ACvplmO7EvYoCTKuolvJ7nd_NPgiLyx2S9P-n_zan8g5bEddsngzQssJ-8LDf9-5x4EkaWxp72r2PxsGQ44wbnPMFO-Ev3bGnr2u9mwrGAm-UfK0Zw_Nybt8hPX_vjtifjTj8z75t6hUkHaXB_8Q=s4800-w800-h800"",""https://lh3.googleusercontent.com/grass-cs/ACvplmOm0_4z764a_ITA6eY1Mi949u1CsdbpTVh5qhFOm-Ce_wjqEjwh3wZZoSW040lK2FULGeoOVbP25YY8ei02N1Bpu9QS1e9gPIw6r-nHzQ5M_jgZLw1TBYXMG7HyuuzmevyzDD1fZISqrOqI=s4800-w800-h800""}","https://maps.google.com/?cid=1942986373530326190&g_mp=Cidnb29nbGUubWFwcy5wbGFjZXMudjEuUGxhY2VzLlNlYXJjaFRleHQQAhgEIAA","[[[660,840],[1020,1260]],[[660,840],[1020,1260]],[[660,840],[1020,1260]],[[660,840],[1020,1260]],[[660,840],[1020,1260]],[[660,840],[1020,1260]],[[660,840],[1020,1260]]]"
"珍記米粉湯","新竹市","24.808617","120.97473","{""麵食/小吃""}","$","3.8","新竹市高評價麵食/小吃，Google評分3.8分、累積1289則評論。","{""麵食/小吃"",""高評價"",""人氣""}","03-535-3038","street","付費","{""https://lh3.googleusercontent.com/place-photos/AG9NLjB4A9uGkpzJ6idcYtQQgub6mHKbAv2sA5bKVIc9ttcjnoQ0masPRV5u2WnRSFsRAofLo56TGPRr4Z5sZLU-WQI0tM7CH1rRGqIgF78KglqZqKtyp0YrLyNNIgDMcyP9ro16v2hsgG7Zo3IFwgjcTtqg=s4800-w800-h800"",""https://lh3.googleusercontent.com/place-photos/AG9NLjAx6COm9L2YDfr8-tKmXbHYs5SasdYxVC2uTfEtoSCSscFaoyEv8AT9YIBZ2aKBzxEdzVVWJw5-9-5aPQGqEfPKtvT9KJPLLr1qF9k-150Z-NEIXkSMy9YZW_UGOsr_OhtDs7U-9VTfrZ0u-Fn0WQdbiQ=s4800-w800-h800"",""https://lh3.googleusercontent.com/place-photos/AG9NLjBQuSeB_pKhx8xKQq0sSI5jIb5p-9YyOjhBFlLaupAKZZZUtkcKT0ArbtlkPBH7NKb0I2roLfRyNnwmWsvKFSpNyoyNCJb2AvdUzyN4-m5rKvQXRieAOwScct0SHfgxX642m3ZxYLKEkP2u9Gr_mo51=s4800-w800-h800""}","https://maps.google.com/?cid=8916410869460933824&g_mp=Cidnb29nbGUubWFwcy5wbGFjZXMudjEuUGxhY2VzLlNlYXJjaFRleHQQAhgEIAA","[[[660,1380]],[[660,1380]],[[660,1380]],[[660,1380]],[[660,1380]],[[660,1380]],[[660,1380]]]"
"曾家乾麵","新竹市","24.803043","120.979396","{""麵食/小吃""}","$","4.1","新竹市高評價麵食/小吃，Google評分4.1分、累積1033則評論。","{""麵食/小吃"",""高評價"",""人氣""}","","lot","付費","{""https://lh3.googleusercontent.com/grass-cs/ACvplmM5-NemRhmODMX5xOce07e6Ny3NnQ_uhHp1FWKayRCdYHBw7QmqGNnFbNI-tKiW8gK_uj_LXgJOekU5sodD0na7rMMums3hDeHjGrH60vZa-abYZVUX-WkzPjDJGILNuY9SW_2A=s4800-w800-h800"",""https://lh3.googleusercontent.com/grass-cs/ACvplmPTMCCuG-0ogHHnbhY08x-zfHwBp3DdO4oR7o3iiVXyKZ8IP_60dKoJQGZ3QLKUXRMgb0vfjQywlegbnhHpKeAhZ9C0YH80nQLoJzTlPK8xjFYmKYVBa16UtEgQk_IMPfkFEiQ=s4800-w323-h450"",""https://lh3.googleusercontent.com/grass-cs/ACvplmMYHdhBexeNEkyApWMBzKpZdYk8C_zJu7d44eC_DumRYkx572mIh8bRUWIdlGdn5smd5pLMvO5wmaMvSC8YWG2IO9Y2tEPgHq8ubOkKHAv9RTo32MXwE8l9KczM_Qx3jLnIBFfsZIB30_qG=s4800-w800-h800""}","https://maps.google.com/?cid=1191329904140025677&g_mp=Cidnb29nbGUubWFwcy5wbGFjZXMudjEuUGxhY2VzLlNlYXJjaFRleHQQAhgEIAA","[[[420,1160]],[[420,1160]],[[420,1160]],[[420,1160]],[[420,1160]],[[420,1160]],[[420,1160]]]"
"恆心咖啡工作室 RTA coffee roaster","桃園","25.0079842","121.22238979999997","{""咖啡廳""}","$","5","青埔高評價咖啡廳，Google評分5分、累積87則評論。","{""咖啡廳"",""青埔"",""高評價""}","0922-161-968","unknown","","{""https://lh3.googleusercontent.com/place-photos/AG9NLjASs3y1jwb9gGa_psApHs72MWq9ztGVPSOj-m9cdogpBb7Se_G3xtWUlP5dTi3a9r8721bFP0qnH3BqEGAcsItCUizk5k3HV0zri3aOuNbeiu0KL4DJaz6-q-SmEF5jVLfQeMWVlFIUy3IS5bWaF1uPtQ=s4800-w800-h800"",""https://lh3.googleusercontent.com/place-photos/AG9NLjA1U1YWMQq6KK6I2zKy_dk6kU8VFShR3D9Dzwi0mAUvV42V_FYaiMBcWT6IET1CVYU5IMTiWAHP6Y3mE3o6OjasWZT0Vn78TV1Yq3GSbFkCSBiDJizUyTKPHTH-c9FYoygtm0wgWEAN14FoXA=s4800-w800-h800"",""https://lh3.googleusercontent.com/place-photos/AG9NLjAxbJN_5P1Uar4g3uCEwiwXvZe13t1FlKU-b0e6vQumOLHnLqY8dZXMNIBDKkoUkvuGdKg7bHA42iViVj5CY8dLljKTzfrV7MkKy1LZ4c2qLhvMmf5IgkjW7s1WQPGurURsZNC3ypyM37zxfA=s4800-w800-h800""}","https://maps.google.com/?cid=13989622074207976398&g_mp=CiVnb29nbGUubWFwcy5wbGFjZXMudjEuUGxhY2VzLkdldFBsYWNlEAIYBCAA","[[[660,1020]],[[660,1020]],[],[],[[660,1020]],[[660,1080]],[[660,1080]]]"
"坐著做。新星食堂","桃園","24.961613099999997","121.2236228","{""日式料理""}","$$","4.8","中壢高評價日式料理，Google評分4.8分、累積6918則評論。","{""日式料理"",""中壢"",""高評價""}","03-422-0605","lot","付費","{""https://lh3.googleusercontent.com/place-photos/AG9NLjDF75RWpWQQwFrVPwxuB1Q-elhyjhqUjF6DnfPey-FtCCl_H6dPLb3f0XjghLuLxCh7fin9xOrcHFRrpW7Qtb7erVGBYL93dFAS8RWK1O-jvEg_f6baEJMnXzA_ElLC6IRF2j3OkqK-Rgm-KQ=s4800-w800-h800"",""https://lh3.googleusercontent.com/place-photos/AG9NLjBxNKZVikqSX2OCnuzU241oCzJBxG3haizAKiaTp7FGeuRD3BhZF9UnUWfnEibBPiUAUwVOKWKjuRToUbvFG7voBU_0EeO4-0VS2bmVSnXxU5F72nCkboVXqYahWfQqz7kK7ZYluXWI24UoqSitx3iifQ=s4800-w800-h800"",""https://lh3.googleusercontent.com/place-photos/AG9NLjC_NdEUYgcIuVbDEYP1cwk-NCUnljfv_aDmu3vq2r1cMbYbpVE1zvN78tp46S-4guV-p9roXNuaSvymV6gEOb7fgkn6ssKzJdZo3IZTEIQrSeRBQD846c926UmnpfAoLWUqp7wvo-hqe7RP0Q=s4800-w800-h800""}","https://maps.google.com/?cid=16817162847858602182&g_mp=CiVnb29nbGUubWFwcy5wbGFjZXMudjEuUGxhY2VzLkdldFBsYWNlEAIYBCAA","[[[690,1230]],[[690,1230]],[[690,1230]],[[690,1230]],[[690,1230]],[[690,1230]],[[690,1230]]]"
"林燒肉（中原店）","桃園","24.9557461","121.2362917","{""燒烤"",""日式料理""}","$$","5","中壢高評價燒烤、日式料理，Google評分5分、累積3574則評論。","{""燒烤"",""中壢"",""高評價""}","03-466-3777","lot","付費","{""https://lh3.googleusercontent.com/place-photos/AG9NLjCpmu6o8J1DyBuGzW5RQ7IlkNUmNkys6KlUnDG-mV8CqlPs--MK2Wfwo-6wc_UX20GmbgZ5R9vz7g2Z8BtP3BGkbD9QjGvHDc52NZ2-2V6CLVL-xuxVElUvfreesQLOQlXztGqHxLduFnvRQ28=s4800-w800-h723"",""https://lh3.googleusercontent.com/place-photos/AG9NLjB11EengCWMzEGM1-WRvgn8TtOcTw_khhClmvltCJT8iBhZ-DnGyxNkCYkVQKZBu7s3aGr5wizFUwfTqPoIrkig38Y1UbXOtckMM76RvpVu5SLBJUjQzctPYRaJ8gljvzyH4y-NPR1ftXdah_jtdhPGFw=s4800-w800-h800"",""https://lh3.googleusercontent.com/place-photos/AG9NLjCZy2qqUq_6C8rWmnSzr6oxU4J6LLyuHe-uRlLDA1ki9C3AlyXFwmFBLoi-7IO3Ex0O0eyM7AVLeAZwZa-CzSoIw6b6_8CIAwgLh61ZGM0YjWvlq8R95ahw9BS3bYkXKVg41-Q4ztgrjX9M7srGcrtGxA=s4800-w800-h800""}","https://maps.google.com/?cid=16065235884207893211&g_mp=CiVnb29nbGUubWFwcy5wbGFjZXMudjEuUGxhY2VzLkdldFBsYWNlEAIYBCAA","[[[1020,1560]],[[1020,1560]],[[1020,1560]],[[1020,1560]],[[1020,1560]],[[1020,1560]],[[1020,1560]]]"
"肉次方 燒肉放題 中壢元化店","桃園","24.961725599999998","121.22657059999997","{""燒烤"",""日式料理"",""吃到飽""}","$$","4.9","中壢高評價燒烤、日式料理、吃到飽，Google評分4.9分、累積9129則評論。","{""燒烤"",""中壢"",""高評價""}","03-433-1767","lot","付費","{""https://lh3.googleusercontent.com/place-photos/AG9NLjDzjEv-Eu3S-AWaBqO3opX2nxnDfkgjpsd6nz1m1fRu7yff2QTWvH9rLN_IHlWiqbC-Jt0O3esQ4QrmqSEreFwm2PESJafbqxJeOwUQtj40phX-nKu83fR9dw7fu3RiuQncxRozo80TNv3DtOH546ue2Q=s4800-w800-h800"",""https://lh3.googleusercontent.com/place-photos/AG9NLjDU3Zxgw3PuLK7IcS9eY35WCcNaOCXvio6HdAfvCms9Jp_cmqp_a8Eb0VlyrFhssvoWMpSje3f0jOv_2_NqSeihmZoeIvo8xrdbXVs5iihuHRXEODeHaiGc0uv3antdYPMcQkmmgGbyNMKefQ=s4800-w800-h800"",""https://lh3.googleusercontent.com/place-photos/AG9NLjAcCQ0UF7Br9vxAcXYWQxm-pwbsEBHwm7w79LKv8ZeywWC79XnBn8KiXBJi9slUMYAU_O0W4Qu8MBtm9LSR--P_IeO1HZdTrGsx_7k7FMg31Pw8uz4a2aXlnOJUrrUES8X3VOfIKO5jaFRGYW3HIqWDuw=s4800-w800-h800""}","https://maps.google.com/?cid=5891219085408729371&g_mp=CiVnb29nbGUubWFwcy5wbGFjZXMudjEuUGxhY2VzLkdldFBsYWNlEAIYBCAA","[[[660,1380]],[[660,1380]],[[660,1380]],[[660,1380]],[[660,1500]],[[660,1500]],[[660,1470]]]"
"和牛涮 日式鍋物放題 中壢元化店","桃園","24.961725599999998","121.22657059999997","{""火鍋/鍋物"",""吃到飽""}","$$","4.9","中壢高評價火鍋/鍋物、吃到飽，Google評分4.9分、累積15740則評論。","{""火鍋/鍋物"",""中壢"",""高評價""}","03-435-1057","lot","付費","{""https://lh3.googleusercontent.com/place-photos/AG9NLjDVl9wKAm7aaCITns7dQoslfEcHyVOllI0iV5nWBgo_JVgajeHNXzqtpR-NA3I0mptL22IjNxDsOMIBJnmJtEzCwbQOC6aMz3_A-8pe4xJOYR430d2plqv2S6p8md8Kt8uoArFuUokxyVXHWO1CiQof=s4800-w800-h800"",""https://lh3.googleusercontent.com/place-photos/AG9NLjDfm2uKwYjgl5FH1whKZ-uKjd3X0EVVdvMK_sR2PDtF0xRdYOrBRO3ABXNcDf7lzyivrkfZ7-PeAOZnN8U01dQ_qIFuR50EeQplTuK7WZVUMyFYcuS9pDyQsKIDlBkyIHHOPVzhpcKdHmdauqG8honInQ=s4800-w800-h800"",""https://lh3.googleusercontent.com/place-photos/AG9NLjBsiyTiWfc9hXa1UkMMV6L8HonDTbCyKMW-n3NTz86oCEAhqVVcr_r5jBGsZlz0CdQZvFPgXgWQhx3g8myZugn2j6IPf4cTuhlyXeIK-sdC5F2Wxa17-DtL7fB0jvN2WPwrrPUeU2FyoKLoiM4klPOvYQ=s4800-w800-h800""}","https://maps.google.com/?cid=12671515768121164049&g_mp=CiVnb29nbGUubWFwcy5wbGFjZXMudjEuUGxhY2VzLkdldFBsYWNlEAIYBCAA","[[[660,1560]],[[660,1560]],[[660,1560]],[[660,1560]],[[660,1560]],[[660,1560]],[[660,1560]]]"
"米塔義式廚房-中壢萬家福店","桃園","24.947042399999997","121.2445984","{""義式料理""}","$$","4.8","中壢高評價義式料理，Google評分4.8分、累積6122則評論。","{""義式料理"",""中壢"",""高評價""}","03-466-5868","lot","免費","{""https://lh3.googleusercontent.com/place-photos/AG9NLjAfUkBGuCrVkVdGJ5OGvHFJ8QZv6qDWiwhdDRJ8IR8lEFZH_naTbrb-rV4FgqXq0J2G5J-eAI2CsoLJKjn-vr8gCSN2ilSOH_PNo3lXhe2xBeG8704BlTHMCJ-5agibEIzkwxxp8nw6Ik0prA=s4800-w800-h800"",""https://lh3.googleusercontent.com/place-photos/AG9NLjDchIPxW7naDwnUmyhoPiPfVvUVC71QucdBDIo0mDH-EBIMZCCJ2n9Mosq30PlNeg6MmEVD68IP4lCBAM2u4ZAhcccdLTJpPVYpIHvnSo5oY1D6QWA7fh9b_bPMNh2HE4VxBHMCmYNak19qc0o=s4800-w800-h800"",""https://lh3.googleusercontent.com/place-photos/AG9NLjDa1aqLm8dYkpTWoIqSHIi0HClpwqt9SW9AG8TL2AT-MeeuthgG_IQ_e43utXhRPMZ4gdElm9xWjQtBsw-qukp4uCG3gmDJgnXIdSvOBi5F4GdEWJBnzTIblqsG_H2PqiwntiGplqBH2O0grLtvTZMocg=s4800-w800-h800""}","https://maps.google.com/?cid=13746985273599645717&g_mp=CiVnb29nbGUubWFwcy5wbGFjZXMudjEuUGxhY2VzLkdldFBsYWNlEAIYBCAA","[[[660,1320]],[[660,1320]],[[660,1320]],[[660,1320]],[[660,1320]],[[660,1320]],[[660,1320]]]"
"南桃吳記 蛤蜊麵","桃園","24.975342599999998","121.24817439999998","{""麵食/小吃""}","$","4.8","中壢高評價麵食/小吃，Google評分4.8分、累積4211則評論。","{""麵食/小吃"",""中壢"",""高評價""}","0903-978-737","lot","付費","{""https://lh3.googleusercontent.com/place-photos/AG9NLjAfOaAtdj8k8gPY_BQob_hThBXocbrJ5Z0f8WMJ-MwHiJdraxxElZrXObZtdxHoZttPgP08S8ivFmkjMqSp6Jj5QV0uYcuBu1cbyZM52OSXY43yoBBVIQDg8es7Th-ZactFc-wByqPyTPCQFcML5u-N3A=s4800-w800-h800"",""https://lh3.googleusercontent.com/place-photos/AG9NLjDBuDd8RiLTX8v058tUQr3nWwPa3I3Lhz5dqtIp1UkFZ8AQN4r2PIpAGNUaD1wzb8fivZ-fT-2uJAtNQqta_W0O5vx09eGgCtTx1TMHj6xvWJ1B_nEMkfOm7_1kATMdIrPoSQz_QvP9V7kzhg=s4800-w800-h800"",""https://lh3.googleusercontent.com/place-photos/AG9NLjAfz6MxFnFUdPDibC189OvQBrpc_DGPiIrracqxqF5wumEHkVnvJq8ZTN8Vxfy0felxyk427AmxqZOK2NBLFrI1ShG9sURCcmF_CmupwAL8Ex2k3hBFj0TuggeaVyOnKF-iz50JCvcP-bYF1NbvnoXLzw=s4800-w800-h800""}","https://maps.google.com/?cid=4327085097363435572&g_mp=CiVnb29nbGUubWFwcy5wbGFjZXMudjEuUGxhY2VzLkdldFBsYWNlEAIYBCAA","[[],[[660,840],[1020,1200]],[[660,840],[1020,1200]],[],[[660,840],[1020,1200]],[[660,840],[1020,1200]],[[660,840],[1020,1200]]]"
"Garden 313","桃園","24.9662626","121.22396059999998","{""韓式料理""}","$$","4.9","中壢高評價韓式料理，Google評分4.9分、累積5706則評論。","{""韓式料理"",""中壢"",""高評價""}","03-455-5868","lot","免費","{""https://lh3.googleusercontent.com/place-photos/AG9NLjD4gIENIHAbyaqPtQcWv9QdKZZh9wNfuw41I33QCYfahB77TfBhcLuWjYBcFgjW-fZfdPtHer_yJRuZTK9s8VS6mGcm8vry3RHNUbJp0kXzC4PQfDUK_uIUjCHutXFglw8uvX1aSSrq2_eO_g=s4800-w800-h800"",""https://lh3.googleusercontent.com/place-photos/AG9NLjBOUrdTyCqNUDbaQeN1JnF0ppMIAVl1nlMDgANpm-PT0TMulGDdma0UwntOtCopUPu3WVgiGUHvI06xJhYh6cadQuoPmF1t6qWQ4rgUNk9xP799C3QUIbi98FNSms1-y6n0MdlXQ-4CQCd7cA=s4800-w800-h800"",""https://lh3.googleusercontent.com/place-photos/AG9NLjCSRcd9AOMrCooeRcvsDhgHjDJ0psq6AY4X7onEwzj7CQg3Ts4SYarm9bdAh43QXJyu5yEXH9jOLs1y-NX2U1xXQdcr_x7QMUNSvZOsLNfu1nmq4oDdm9MgU3uDlQquK7X-vu9qw2hVFr9CCKml-RPpIw=s4800-w800-h800""}","https://maps.google.com/?cid=7447868227765433214&g_mp=CiVnb29nbGUubWFwcy5wbGFjZXMudjEuUGxhY2VzLkdldFBsYWNlEAIYBCAA","[[],[],[[720,1200]],[[720,1200]],[[720,1200]],[[720,1200]],[[720,1200]]]"
"樸食鍋物","桃園","25.022963299999997","121.21700930000002","{""火鍋/鍋物""}","$$","4.7","青埔高評價火鍋/鍋物，Google評分4.7分、累積1899則評論。","{""火鍋/鍋物"",""青埔"",""高評價""}","03-287-5028","street","付費","{""https://lh3.googleusercontent.com/place-photos/AG9NLjAnu8Rc8Yv__OCVhhBufbdc6zpctg5N4okG_frYwwpFzCqqSGl7cSp2jBMmm-gn8ExqJVsQyodDvFjaglpyD-rU7ImVQmx0d5mBMthn711WcAdSzObKinutYqeCeYs9SNZtzPLxsznajmTJ=s4800-w800-h720"",""https://lh3.googleusercontent.com/place-photos/AG9NLjA7xneoED-2BjAcIf6JR56QWElkPA_TCHBir7kzVXRFv-OLuMwtBIxLRZwshFR5Y91LwYF20X9ThgOgiA_cM61z1qZxZhDM2_JIatYcOYwZYIelfTtgvK3PCaqYpXjbBgej0PVfOi_Hd0vZEQ=s4800-w800-h800"",""https://lh3.googleusercontent.com/place-photos/AG9NLjBOHk8XJKJKl_iG_0dDNDL6tMM1NtPMZMXf0q7maV2fJ1220gNy4RCibRceeGgV6b1YIvzSBTccFxziVl0BSXnVykiwg2_lUvQLkJvF-PWxOhyqoeHRSORecDWcP5DklFWiRCLir2SXBKUpkpDqrYj26A=s4800-w800-h800""}","https://maps.google.com/?cid=14471951678238547032&g_mp=CiVnb29nbGUubWFwcy5wbGFjZXMudjEuUGxhY2VzLkdldFBsYWNlEAIYBCAA","[[],[[690,900],[1050,1260]],[[690,900],[1050,1260]],[[690,900],[1050,1260]],[[690,900],[1050,1290]],[[690,900],[1050,1290]],[[690,900],[1050,1290]]]"
"凱青埔最鮮生魚片","桃園","25.0153634","121.21220839999998","{""麵食/小吃""}","$$","4.9","青埔高評價麵食/小吃，Google評分4.9分、累積566則評論。","{""麵食/小吃"",""青埔"",""高評價""}","0966-975-125","lot","付費","{""https://lh3.googleusercontent.com/grass-cs/ACvplmNVRYEfH4cADipg0ZlpQBU1DolMbtQAzx40bPL5QylFNtbTGc6Au0Gbt4-yGowTcMMynEVlRNvG8xt66ihquSPzjJQmtPkBwc73Df-2gU2tkY9Hc0HqBD7bBHxYopzrxvdi5DEgwOx44F4U=s4800-w800-h800"",""https://lh3.googleusercontent.com/grass-cs/ACvplmMNhqw8NN5hZ1ntbb0EihO3KjOBhqMh_H1s5q25WC-GranJb90yizRww6Cu2LEEEwHZkxBgz9Jl1lToh3PBE1x1QElCw7WrzbWO8agZcXJDPEkwrAvGL0MAA8CH8ITVT9G0y7Eti9y3zvNp=s4800-w800-h720"",""https://lh3.googleusercontent.com/grass-cs/ACvplmPqkncnLKHwv-WFUa-Ghx85NFT2xZzzfMLVDz0p3AMfdqLODlRSkQvmSTvd2Q51vkOh87eu0PVQKwHcSrpV1kkHoAAvvAemO8tBP-NL_5JHaxRsyr1zaRI_32W2JIzz3WF6EFEe_wq46g8=s4800-w800-h800""}","https://maps.google.com/?cid=14828459182760259132&g_mp=CiVnb29nbGUubWFwcy5wbGFjZXMudjEuUGxhY2VzLkdldFBsYWNlEAIYBCAA","[[],[[660,1200]],[[660,1200]],[[660,1200]],[[660,1170]],[[660,1170]],[[660,1200]]]"
"川三 上選燒肉 Chuansan Yakiniku 中壢店","桃園","24.9575312","121.22371179999999","{""燒烤"",""日式料理"",""酒吧/Bar""}","$$$","4.8","中壢高評價燒烤、日式料理、酒吧/Bar，Google評分4.8分、累積6873則評論。","{""燒烤"",""中壢"",""高評價""}","03-422-3633","lot","付費","{""https://lh3.googleusercontent.com/place-photos/AG9NLjBJRBWz-nG5bV7UZLIU9JqZlO0M-Oi3fypacLReKZVAkHV83R1V6viHuuziQ_Cyzauxk4F2ysbXklmqoCVO57WjLiI-MWyC16yZJOnwx5jM7zjNHCKXVYkh0RtpWi7AD_kIX-QAz4Zh8v766yc=s4800-w800-h800"",""https://lh3.googleusercontent.com/place-photos/AG9NLjA2Qd97avFGgYK9ULsSy9pUI-hJFT86dpAFA4CkAV7cgo2FJMRAHtn16VWkyxDJ_Zykl1NcCaRVJEiHVGMS8lgn_qw1GVbnE9deppjDXHT_P5yylgAaiL_U8ibF9vjkeG3wIlIMPpCur2eAkus=s4800-w800-h800"",""https://lh3.googleusercontent.com/place-photos/AG9NLjDHGvMU3dvWQ8tgoMO8s5qsUdSoIL4nWjeIPxyg3bDwQkrs7B47fGdq_tWjlMteGBTttCW4xjs44c02FWcZntMrvCOwW_dvkMWijWCKUARM1eMytkqQPTxuZggMala8huPhGP32D21o6qfDW6FsCU7AmQ=s4800-w800-h800""}","https://maps.google.com/?cid=1436253654205983231&g_mp=CiVnb29nbGUubWFwcy5wbGFjZXMudjEuUGxhY2VzLkdldFBsYWNlEAIYBCAA","[[[720,1410]],[[720,1410]],[[720,1410]],[[720,1410]],[[720,1410]],[[720,1410]],[[720,1410]]]"
"怎麻辣頂級鴛鴦鍋","桃園","25.013011","121.22234490000001","{""火鍋/鍋物""}","$$","4.6","青埔高評價火鍋/鍋物，Google評分4.6分、累積1917則評論。","{""火鍋/鍋物"",""青埔"",""高評價""}","03-287-1171","lot","付費","{""https://lh3.googleusercontent.com/place-photos/AG9NLjDvreyjvAaRcVasgdf305sZayqKTMQerC4fKjG0HExnsbdP5lAjy6pJt7EigtiBzCIBO3UQCybnwdJaNJ-XNMzKyb6ljER8iqP868w4XFnztRRxTyj8ONLmlKLeNPQMZW8t3k-lZUPuN81VQX3jBU_5cQ=s4800-w800-h800"",""https://lh3.googleusercontent.com/place-photos/AG9NLjAWcWP71KQFR4EfWsCY9c27TTtvV132zbFksWxwuVx-EfW8AoduMEg2qDTfTtSmTJVsbxyDTySbQYd3qojTf-V9oWdkwXkPOEJi0wC3Trp9mawb3L85ncHM1eqYfnTflv88qbNVE1kyA9Te9A=s4800-w800-h800"",""https://lh3.googleusercontent.com/place-photos/AG9NLjAXAB02XUcWTB8dnl0Ahf3Wah7eAgK8iLeRwdAFSAOIg_If1NEusYh1xXLUQurJ3z7XUgMi3snoSH87WZdQGZzUWd_3wWA7iRQcu1cwr2kHGSd8q5wFABkcQv6qweapj7yQ5e2JVm47g4PUo4PlwzoL4g=s4800-w800-h800""}","https://maps.google.com/?cid=17202017391859346408&g_mp=CiVnb29nbGUubWFwcy5wbGFjZXMudjEuUGxhY2VzLkdldFBsYWNlEAIYBCAA","[[[690,900],[1020,1320]],[[690,900],[1020,1320]],[[690,900],[1020,1320]],[[690,900],[1020,1320]],[[690,900],[1020,1320]],[[690,1320]],[[690,1320]]]"
"Angle 371 西餐廳","桃園","25.0049599","121.21038359999999","{""牛排""}","$$","4.9","青埔高評價牛排，Google評分4.9分、累積1411則評論。","{""牛排"",""青埔"",""高評價""}","03-453-2115","street","付費","{""https://lh3.googleusercontent.com/place-photos/AG9NLjBmeeg_KwoGYNPZr4eYitEt11V4AENWUC2NcIK-Paqsq324ZL6zLzsHS7CdCTJ9dsrAg6v5UFU1qMkgVm3y1PE6nuZanzRcfA8yLMNYIUVllbiDh5P3a1ZnUC_oY2tukSNriYQu4Z946KtTuQ=s4800-w800-h800"",""https://lh3.googleusercontent.com/place-photos/AG9NLjDAdPF_M5DOSIETTvdcRwemcRHyuUdsVsy7KTXiy_o1dnIveCimgNz1lZaOd7cqA95r-MqdL_FiFnllw3hxh2hkByFyffMevVyTvfn9V6MhwcKukfzhAstzU2knc69AzDXUjWbk2ZSIEe4nCe6pIs4Yhw=s4800-w800-h800"",""https://lh3.googleusercontent.com/place-photos/AG9NLjDl0J1ifL3CvTTTQM6Yw4VlPmvQwkUg94fquLbi818mqkQ5JyxTa8dXOshZDSv8I4WAm8MkdGkXKr-R3oya0qrkiJNhnEf4TJjX53dx6FtKwruSGwkUahfhdqjDiVi0-1IrFjgmDFn5xixY1bmN10is=s4800-w800-h800""}","https://maps.google.com/?cid=15199042620038988155&g_mp=CiVnb29nbGUubWFwcy5wbGFjZXMudjEuUGxhY2VzLkdldFBsYWNlEAIYBCAA","[[],[[690,930],[1020,1260]],[[690,930],[1020,1260]],[[690,930],[1020,1260]],[[690,1260]],[[690,1260]],[[690,1260]]]"
"TOBU飛ぶ 居酒屋","桃園","25.0129542","121.2221768","{""熱炒/居酒屋"",""日式料理""}","$$","4.7","青埔高評價熱炒/居酒屋、日式料理，Google評分4.7分、累積1304則評論。","{""熱炒/居酒屋"",""青埔"",""高評價""}","03-287-5665","lot","付費","{""https://lh3.googleusercontent.com/place-photos/AG9NLjDWEJQn9q28qtIrYxxDOIwhokuF5Fq8tfrXcpjQQYlBHuyyqfNuaXDjbUAC5cSc5lwU3MY_rrhtUetVB-X2EX3iGMiXY1fwzYkXJUMexphVchqHoiWvE3BuuptNmSSmSruYzBlXDGqG6VRG5c4=s4800-w800-h800"",""https://lh3.googleusercontent.com/place-photos/AG9NLjA693KsdgcclWaZvNufE3thRGzutsvCecTVqvo_qFUld0pYkUQekff5bDdSxvN5R_NnCifKI04OnVHFjbbORq8CO0un11GBjenK4AqjaPkZVBkI1EFftA5rW6IwQmg8JuimyTiwB8EZaWNZ_2-N9nr-dA=s4800-w800-h800"",""https://lh3.googleusercontent.com/place-photos/AG9NLjDcQO_0qj3SKa_88TI-RXYpMlXUZeVHbwhnnbxVMda64pC6NF3PJ3OFcxzdjTIncEGhpDoBjZ9Sv8rrYp6es59J5bcDuR4ddKgFBQNUsYr1rzy3gg_eDk5Zb5RV9iQBtqA53SszqJBtDeKFeiRw9B_x=s4800-w800-h800""}","https://maps.google.com/?cid=10774579383775284644&g_mp=CiVnb29nbGUubWFwcy5wbGFjZXMudjEuUGxhY2VzLkdldFBsYWNlEAIYBCAA","[[[1080,1500]],[[1080,1500]],[[1080,1500]],[[1080,1500]],[[1080,1500]],[[1080,1500]],[[1080,1500]]]"
"日嚐海鮮鍋物","桃園","25.0055282","121.21171489999998","{""火鍋/鍋物""}","$$","4.9","青埔高評價火鍋/鍋物，Google評分4.9分、累積1596則評論。","{""火鍋/鍋物"",""青埔"",""高評價""}","03-381-1881","lot","付費","{""https://lh3.googleusercontent.com/place-photos/AG9NLjBrZCxxQ_C1fBS2DnuhLvmk1-QWar5U7nzzZhNrzSXunxsaQCHw7sIThMnLRYlA04F1OnQnVl2AjGTuju8NdLQrQbsV7XZE_2-5tRb0tiNv3RNmRMQQE-kBDXvW-eyNcuS4VIORZHVGpFeR=s4800-w800-h800"",""https://lh3.googleusercontent.com/place-photos/AG9NLjDXJ8U-Pzqrsnl1Trz4X9EhvjoL-zU3BPDMyNbBt9TiOCy2O1-fh55sVddx7IMJ_nxa_R52tVW0kMGJueV2FrA_CwNfXvmwTXYk_PLTSvWsRjIxwps5Tr9yLQAkjqOBxLofmRQw48HNKguHGzgfI6snWg=s4800-w800-h800"",""https://lh3.googleusercontent.com/place-photos/AG9NLjDfclgfS17JfBYoxTH-y2QSReRWgKoFt8WljgDj2aYcuJiXmDKVppfvlVv-HPb9TdiT-pk1Pwbiv0xkIKiAq5hLS4HIqmOyV3GP15VlF0QCsk3WS7F4-K1q4Hu20V10Pd0WWp8rKj1SonEM43K0m9_Z=s4800-w800-h800""}","https://maps.google.com/?cid=16964125778588868429&g_mp=CiVnb29nbGUubWFwcy5wbGFjZXMudjEuUGxhY2VzLkdldFBsYWNlEAIYBCAA","[[[1020,1320]],[[1020,1320]],[[1020,1320]],[[690,930],[1020,1320]],[[690,930],[1020,1320]],[[690,1320]],[[690,1320]]]"
"鍋泰暖。泰式南洋火鍋-桃園中壢店","桃園","24.955159599999998","121.23617909999999","{""火鍋/鍋物""}","$$","4.9","中壢高評價火鍋/鍋物，Google評分4.9分、累積1832則評論。","{""火鍋/鍋物"",""中壢"",""高評價""}","03-456-1105","lot","付費","{""https://lh3.googleusercontent.com/place-photos/AG9NLjDBNIv06yvaYhHreDS2ls1rvMtW7VFtj6gdl0Ws5gwzyx5qd_eJ0sUiNgKosCG2GHk0K59v-QF-dveNfHd_tJW2IX61Fr5Knnn6vNIDcWcWL36k6RqSOZQGYvovQPGkTWNWYk852y6aL7yN=s4800-w800-h800"",""https://lh3.googleusercontent.com/place-photos/AG9NLjAZRBYjp9H6lGj0XeZZHyzsh4lM1ptxHJuvhujAosG0OJagG8-Ch1YyGdKhdpZGe1FcGSrOdhCPCV5p0-XjKa3LnKtx-eKHR49lX-N6bRxh4E3a7-sQclQ5nR_lilXpS2KgATou7u7qMqCHGQ=s4800-w800-h800"",""https://lh3.googleusercontent.com/place-photos/AG9NLjAQ4lGH-J9qd5HWBcy1KFHpAu3LdVXW1yDArXS7O-qBQNpQ90ypU6Klx8_uMAp0r1dkRFhYv0n4w3CbqY5uZuDEf7JZ9GxaQkI3SnCdgg2LbeqD6RhVxiuzKplIJ5qHFqSezK3pL3L6jr2Y4pJpjL6J0g=s4800-w800-h800""}","https://maps.google.com/?cid=14526097140492094369&g_mp=CiVnb29nbGUubWFwcy5wbGFjZXMudjEuUGxhY2VzLkdldFBsYWNlEAIYBCAA","[[[690,870],[1020,1320]],[[690,870],[1020,1320]],[[690,870],[1020,1320]],[[690,870],[1020,1320]],[[690,870],[1020,1320]],[[660,1320]],[[660,1320]]]"
"小牧鍋中壢店-熟成原肉吃到飽","桃園","24.954433700000003","121.2357871","{""火鍋/鍋物"",""吃到飽""}","$$","4.9","中壢高評價火鍋/鍋物、吃到飽，Google評分4.9分、累積2918則評論。","{""火鍋/鍋物"",""中壢"",""高評價""}","03-465-0026","lot","付費","{""https://lh3.googleusercontent.com/place-photos/AG9NLjBCxjBC-sgmmD5NoEk6kYruoAx9WiFAlfctFbNNp71uKz7KHlPH7AtnNhdNsKfTL_6-Bc5Zs5BihMsWpid5BwsrpkFCxW-3WgykhsSnC301Nj31LUBr9iKncvaVAQ7MyfHY4asX5EFBPDU63wdaGMrXiw=s4800-w800-h800"",""https://lh3.googleusercontent.com/place-photos/AG9NLjAjJTaGsjUBn4Site6fPcvXeaGr6KEQiOhl-QqbjZYnUpHNGP1PZlYBTklpEgit1Hfqk3yoRDYuGp9vxir7NSiNAg3mpvBTugouShUhea1gD3YYdOl3EDUOw7SzoCOwOFVxPhUy5d21KpsJ1A=s4800-w800-h800"",""https://lh3.googleusercontent.com/place-photos/AG9NLjDPCCRHIGXIQn2gcC71mBRKu7zyKx4w4MFf5VWTKGdSEih9Ogm3XrFzCopSI6ov-8FM4AEHnwaFT30CSbk-WJU_ZJrjwoxGUD7-K_FQq3xykqgrbhnQghD3UgFZsCXHU76JqVxBCF92EfVLhcR2iWaN=s4800-w800-h800""}","https://maps.google.com/?cid=3119438768528093081&g_mp=CiVnb29nbGUubWFwcy5wbGFjZXMudjEuUGxhY2VzLkdldFBsYWNlEAIYBCAA","[[[660,1320]],[[660,1320]],[[660,1320]],[[660,1320]],[[660,1380]],[[660,1380]],[[660,1380]]]"
"焼肉スマイル（燒肉Smile）中壢延平店","桃園","24.955586099999998","121.22272779999999","{""燒烤"",""日式料理""}","$$","4.8","中壢高評價燒烤、日式料理，Google評分4.8分、累積5994則評論。","{""燒烤"",""中壢"",""高評價""}","03-426-2277","lot","付費","{""https://lh3.googleusercontent.com/place-photos/AG9NLjBdcOvlBNBUrBOjeOTCHNEeQ6zZ05ioXJOVigr-mp6I5yzyN-b2cHNdLQhAFxQ2mxj2DhGg2WP3cKcaUXKVJGdv32S9YkmGHlDVRf2qTr-u5z_WC84WFMYNJT4eo43Ifiy8lc9K7WY_ipa2yIg=s4800-w800-h800"",""https://lh3.googleusercontent.com/place-photos/AG9NLjCfkEugSwr7sOjxksawEEGZW0w5wNVMPfmSe-YwJVEUU-Ki9DBPv8G59Fcg_Pff2DxXXtf4N02Uiw2TTnkMW4b0MpsXAaqIxh8skoAfgcg8rXHUqWj3HknISSog7fd1RbNESDUloBTcLZpXeqg6T4Nc=s4800-w800-h800"",""https://lh3.googleusercontent.com/place-photos/AG9NLjCemlNTwQBx_as7sfjHhsCFjIN5tH8MUQxuO584-u0nV7b7bjifox6DAird7CZvHGp0jS1IhpX6QkGt30-XzI33cKwO7RlOMLtN1myjavtCubZEyb2Hom4cGbiWND0TvlxQz44Cv_1ipLwhmpvb3rA7_A=s4800-w800-h800""}","https://maps.google.com/?cid=13691055745079963027&g_mp=CiVnb29nbGUubWFwcy5wbGFjZXMudjEuUGxhY2VzLkdldFBsYWNlEAIYBCAA","[[[660,1500]],[[660,1500]],[[660,1500]],[[660,1500]],[[660,1500]],[[660,1500]],[[660,1500]]]"
"時辣苑 • 和牛麻辣鍋 中壢店","桃園","24.9659434","121.22253780000001","{""火鍋/鍋物""}","$$$","4.9","中壢高評價火鍋/鍋物，Google評分4.9分、累積5553則評論。","{""火鍋/鍋物"",""中壢"",""高評價""}","03-422-6164","lot","付費","{""https://lh3.googleusercontent.com/place-photos/AG9NLjCWgWyNQOuyfznNn8HKod-tmTayiETkOIySTY0Sb-ENUBBrSTAQDo-9YKcwP1drKmtvGyeTyivCdjkAONb2jYfbocenDQ7LmPYI_t9vCO-Ypma-7G1MgRaprodFLrxO3yghGe-sPXXork5F=s4800-w800-h800"",""https://lh3.googleusercontent.com/place-photos/AG9NLjDt1qMqRw3MlAEQFi2f6IHTbptk-qejir7KmIKOm21bNfREQ2Nw5dpwF8G7z2JKjgvcFBWBrjCITdIVEH_A0cWgkIKXuR0wen62CsijSPMWKRqUt5Lpl9TEeCMRpHGO340U4r20cFFtRY9a2A=s4800-w800-h800"",""https://lh3.googleusercontent.com/place-photos/AG9NLjAZvDEJIzdtD-mpwww2xvWcEibp1d0fo6U5WgMpfHGnLo8TaGTvxq0SH4vjVz-27AXY0yTtZXexaysdyU2HqxY1yU5PQAzegGTi8nqr0pxsvoS_zd0WaXO8SswbI6SJ91oAftDdlvuCe9Zs5Juh3ofAaA=s4800-w800-h800""}","https://maps.google.com/?cid=5563544410642525875&g_mp=CiVnb29nbGUubWFwcy5wbGFjZXMudjEuUGxhY2VzLkdldFBsYWNlEAIYBCAA","[[[660,1440]],[[660,1440]],[[660,1440]],[[660,1440]],[[660,1440]],[[660,1440]],[[660,1440]]]"
"三柒燒肉專門店-中壢店","桃園","24.9601331","121.2209715","{""麵食/小吃""}","$$","4.7","中壢高評價麵食/小吃，Google評分4.7分、累積12163則評論。","{""麵食/小吃"",""中壢"",""高評價""}","03-427-7000","lot","付費","{""https://lh3.googleusercontent.com/place-photos/AG9NLjC18LnBU1sFUh4JCgMcAdx107N0JPdQX0sTAE-9-uQX_AU_Fs7VixVfmeHw9S46Sc5XWpdH-ZAJJZycKPDRaoRGW6cnlFkEG1NPLuDMSjGUrT-czy0BjCAhLXFRtKeTvEQ8BRHTDiH1jlxvXnREBbRB-A=s4800-w800-h800"",""https://lh3.googleusercontent.com/place-photos/AG9NLjAAs2WldCMxsaFf8IJifZJeKl3kqdcuVT68HjM5LG_LlOlDOHwr5ky5AB-v15r1gnvMMRuvwc1yq5J179LaVrREzbaBJ8imjri7KS7h1pCTO0RHXe8Ii8OP7j6021mjoFpas8K7YrUxmrNzPkMvE2-h-Q=s4800-w800-h800"",""https://lh3.googleusercontent.com/place-photos/AG9NLjAr_zT-fVXDmV6QP4SiCbCnCc4b7bEhEVIY8_fetbclnIko-aDTQpSfFA-EnaTRU3DuVprlfRoCLCdVG441hGoERkvFhE9rqZErqFfTmyv6rWz37ruCWEPSuXthMvBWzyW6erIxS5QUF8jy3NM=s4800-w800-h800""}","https://maps.google.com/?cid=13891680221452866040&g_mp=CiVnb29nbGUubWFwcy5wbGFjZXMudjEuUGxhY2VzLkdldFBsYWNlEAIYBCAA","[[[1050,1500]],[[1050,1500]],[[1050,1500]],[[1050,1500]],[[1050,1500]],[[660,1500]],[[660,1500]]]"
"橫山水一方","桃園","25.0213595","121.21849299999998","{""麵食/小吃""}","$$","4.7","青埔高評價麵食/小吃，Google評分4.7分、累積820則評論。","{""麵食/小吃"",""青埔"",""高評價""}","0903-256-662","lot","付費","{""https://lh3.googleusercontent.com/place-photos/AG9NLjB5-MdklxF4PtCPpzSZC2Q0pKqeR59oHdDJwRZcFLLBTOJrHCsFniYfNvq9EM9QEfqc7orwQx4liGAx6ogh5uEqIfLLGY7T6ke6wZrDj5scwH6rnRC_t2fL5t-Ol2PZkJ6HvlrWfQQ_7rod6g=s4800-w800-h800"",""https://lh3.googleusercontent.com/place-photos/AG9NLjC1WnuT5l8ldAbjrAOnbYYZSw6VDyBrHpV33iV5QR4WJKUBLfL4N_NWLJejidWp--lkG0ipS2EG_5H4hj1T4iW5F0Qf0M_JMDgy21QGj6Vkpc_M4g0jIQV89JGG555L2OT-Djq8W7ZHravkVA=s4800-w800-h800"",""https://lh3.googleusercontent.com/place-photos/AG9NLjALJjPWc7y4rZynJf-N_-DSUa0iBUSqNXiQrSfnK_Sry556sK4DJ0Zyc92e3CGU_isrbiDpe6eiHK1C52_-_bROFaLUMR-0Yk_jE9hIhdPZJ2SodJwIpjh2Lu8bshYlmLijTsVj7H4vdFXzkHfVAhMNtA=s4800-w800-h800""}","https://maps.google.com/?cid=1947158726387277852&g_mp=CiVnb29nbGUubWFwcy5wbGFjZXMudjEuUGxhY2VzLkdldFBsYWNlEAIYBCAA","[[[570,1050]],[],[[570,1050]],[[570,1050]],[[570,1140]],[[570,1140]],[[570,1050]]]"
"武田信玄","桃園","24.944796699999998","121.2482485","{""日式料理""}","$$","4.9","中壢高評價日式料理，Google評分4.9分、累積16420則評論。","{""日式料理"",""中壢"",""高評價""}","03-466-2633","lot","免費","{""https://lh3.googleusercontent.com/place-photos/AG9NLjAmtDhCb36FMADwB3nDKfvaUqzQM6NewMYI8G17GumiBTL3nzHg4pzoS3oaavjtul9Nzp4fsuk8suGZWUQwTpqEHVpuqL26dKS3MODeOKUtKxtuuT7iR8y3YIU2H039fIMtJDh-TcM1mWECQDMOlqozig=s4800-w800-h800"",""https://lh3.googleusercontent.com/place-photos/AG9NLjDKC_pNTJjjNCym2hjuPdtugt0TYrEaLOeF6GXPdrlTfhx8jPIGHbYGG2MmU1ekkvQoeKqhdTnpBdrfx9fNuGwc6jI7SIuWA7t8HQPpVb5zoFuqoXAa14lgT-lEuZz9PeVhGhnSUIui3oOxOOvJKujp=s4800-w800-h800"",""https://lh3.googleusercontent.com/place-photos/AG9NLjB7LDlV5O00IWuRQ4KJGDZ3sqMyB99MbgeayGBfvMRpJPmbAotHPGsz62M_O0ZStYZ3b5h_oZ6r5VeEye-MDHL24PrWw6hdZ-H1CajGWuvqtcVsizF2WSb3PIfdPpldlB5owvNcBzS3N3rj1wX164Rphg=s4800-w800-h800""}","https://maps.google.com/?cid=11056378142967640920&g_mp=CiVnb29nbGUubWFwcy5wbGFjZXMudjEuUGxhY2VzLkdldFBsYWNlEAIYBCAA","[[[690,870],[1050,1290]],[[690,870],[1050,1290]],[[690,870],[1050,1290]],[[690,870],[1050,1290]],[[690,870],[1050,1290]],[[690,870],[1050,1290]],[[690,870],[1050,1290]]]"
"CP Cafe","桃園","25.0049599","121.21038359999999","{""早午餐""}","$$","4.8","青埔高評價早午餐，Google評分4.8分、累積376則評論。","{""早午餐"",""青埔"",""高評價""}","03-453-3330","street","付費","{""https://lh3.googleusercontent.com/place-photos/AG9NLjAxajKQ5g9PDsk0rx9kmxSEGToD8U1Dc9UV71bFVHxelNCwvI-in-xrhiT3wP1D0UNcWYUSDRpQawcCot61zVBoOJ0w7hHe_LrpNStnlOU8XrNfaIfxkIK4yZ3qAJkrul40K4QfBwOERGuEeA=s4800-w800-h800"",""https://lh3.googleusercontent.com/place-photos/AG9NLjDoh6B9PJvBVhfMJH6aOdLpn55GQ0P7LsigQhIYpvOVmJtjXavSJBwcmC-amvmWUAko_wPn22hrzt1fLpiwNWH0olpgGwEoK5b7RyDDlX34QcsF8iv8VB8LcLGFLNMYpdnB-idkcsyWG07yCCU=s4800-w800-h800"",""https://lh3.googleusercontent.com/place-photos/AG9NLjDSPaXCjYdNVvGLMzzACqRJf-AbFPvdrYa9BZr88lOVHzMIUsQGc8mwEd7mRod6-LWlaNWMy4hr0iGFERNOr_j5SVjaixODbU5Z4wgYYvWG0Qz_G4WHMyXqOuH8DijcS6dBIa5R6c068p6pFnU=s4800-w800-h800""}","https://maps.google.com/?cid=8484334047250161262&g_mp=CiVnb29nbGUubWFwcy5wbGFjZXMudjEuUGxhY2VzLkdldFBsYWNlEAIYBCAA","[[[600,1200]],[[600,1200]],[[600,1200]],[[600,1200]],[[600,1200]],[[600,1200]],[[600,1200]]]"
"錢都日式涮涮鍋-中壢新生直營店","桃園","24.961370799999997","121.2227726","{""火鍋/鍋物""}","$$","4.9","中壢高評價火鍋/鍋物，Google評分4.9分、累積9176則評論。","{""火鍋/鍋物"",""中壢"",""高評價""}","03-280-5321","lot","付費","{""https://lh3.googleusercontent.com/place-photos/AG9NLjDyZf6Ygeh13Xes0Tgu8YJgjE_nU84ExUJZD1y01L44NajWg1IQh7V1qEEwtbquG5G1EWixyZugfHV6m57FdEfqgWVOQKaShN1sUyRPfgIo22IzzHsoFln3fNdnUfKQmPT3Gym53bq1vyZujqbFM86RUw=s4800-w800-h800"",""https://lh3.googleusercontent.com/place-photos/AG9NLjA5hmsEYwchK9rzMOxYzw4F401hreqBakxx4H0MJflD_rSlALawO56Hul10_LMiHghwq1jzgR72f3uTYGzCr2qIP56z6Lw6X74HpeGYQS9xWOOggW57WZY5uCTbokKm_Je6dk5SKKEn_Ih5WA=s4800-w592-h394"",""https://lh3.googleusercontent.com/place-photos/AG9NLjA01_EDhg_3_oo1mOn9AkrjGC5LSwBI8JP6H6G8bRakbqQZ0X0y32XPcKNoRvu1pbCnj7ECA09sOYQ0JT5DN_FLb5b6gQ1oaFIH4PfIsAZ38uey1be46BTXDEDTyAM5cHru7fPBQjeoHwoh_ypC7HxtuA=s4800-w800-h800""}","https://maps.google.com/?cid=17875857996860627432&g_mp=CiVnb29nbGUubWFwcy5wbGFjZXMudjEuUGxhY2VzLkdldFBsYWNlEAIYBCAA","[[[660,1620]],[[660,1620]],[[660,1620]],[[660,1620]],[[660,1620]],[[660,1620]],[[660,1620]]]"
"和民 手作廚房 青埔大全聯店","桃園","25.0131648","121.21723799999998","{""日式料理""}","$$","4.7","青埔高評價日式料理，Google評分4.7分、累積1229則評論。","{""日式料理"",""青埔"",""高評價""}","03-287-2169","lot","付費","{""https://lh3.googleusercontent.com/place-photos/AG9NLjCbXr8XaiaxJcn44vYo1dJ-ZXq1SNq9bunij_o9YI9fry-vRfOJrVBRxLM2s-QVzXfkdqnrq9S-x5O0V1y233JKRr4zmpf3vDnCTQLJ8vZYH6p7nbW8cE-fRtkpe_M88gB0vrh6rHVeBsKRZAX9roYiEA=s4800-w800-h800"",""https://lh3.googleusercontent.com/place-photos/AG9NLjDWVK6fcTZserVroj6Atl-GrQNAPkPS-PJSL8s-s-NghYBeha3J-lWF8tRA8Uhw__u1s7dTKDSyZP3NApAtDGPCHtGNIEUJinMpUJWN3jzFs8UXUyJqT23ENcwv673CcW-0qJXGs0gurpBz7z02yQztpQ=s4800-w800-h800"",""https://lh3.googleusercontent.com/place-photos/AG9NLjC-_hEJ4XehaGrNEkXS-0UvoZ8M3D3exC3IioBmML3Bcv_vlrzphCXH5TAcD2yn0jcYR9eKqTdD7kvGJ4_QPO9_ItkEbPvUGku6oePsS1bBwul7IpAJiQEh1odQrOqigu-hDEaBDsuV6mkPhNAhKyx_9Q=s4800-w800-h800""}","https://maps.google.com/?cid=15951771455784882188&g_mp=CiVnb29nbGUubWFwcy5wbGFjZXMudjEuUGxhY2VzLkdldFBsYWNlEAIYBCAA","[[[660,1320]],[[660,1320]],[[660,1320]],[[660,1320]],[[660,1320]],[[660,1320]],[[660,1320]]]"
"墨sumi 海鮮丼","桃園","24.955520999999997","121.219247","{""日式料理""}","$$","4.9","中壢高評價日式料理，Google評分4.9分、累積4635則評論。","{""日式料理"",""中壢"",""高評價""}","03-426-0608","lot","付費","{""https://lh3.googleusercontent.com/place-photos/AG9NLjChWoKYbc9SxXPwrA2g59zgfTDXojTAV6gqE1499t_rZ6Pc5Kd19g64e4kd6gBQUOfT9YJX4YXadIhMRvFE0jv0kwqPt5ibMCRsiVnzuMw3LI_y7Mq9jR7zkIQh8VuyVmX2BvstPDeXPrQwHQ=s4800-w800-h800"",""https://lh3.googleusercontent.com/place-photos/AG9NLjCNqdEElft3SJz17eIOho6CCddxzkhigOfofXHmX2R0t46h6W0Dt09sUEtUQG4RqG4DvkFaP-m0TqiOqni3vy5vlr4mfbpxXDdUbwrLODs3TRsCyI7wZTt-RE4ACO2eoYMdBzvVX51ecj2wFA=s4800-w800-h800"",""https://lh3.googleusercontent.com/place-photos/AG9NLjD2DhO6qePsXrqSWIW8-MBCaRbBbdZFBNneQ7KfwMs7mKRO3nkmFSOmNloaOoqZaaQZCjbDO2Icjut0g4yXlTTIU44tKer2813xX1VAXlv4EOEOeCIvQFtWvGklPj7B1pRFwxFLcwzf0GTSxG5sa3wI=s4800-w800-h800""}","https://maps.google.com/?cid=8623513841122329127&g_mp=CiVnb29nbGUubWFwcy5wbGFjZXMudjEuUGxhY2VzLkdldFBsYWNlEAIYBCAA","[[[690,870],[1050,1260]],[],[[690,870],[1050,1260]],[[690,870],[1050,1260]],[[690,870],[1050,1260]],[[690,870],[1050,1260]],[[690,870],[1050,1260]]]"
"京都二条茶寮 桃園中壢店","桃園","24.9626301","121.223913","{""日式料理""}","$$","4.9","中壢高評價日式料理，Google評分4.9分、累積2002則評論。","{""日式料理"",""中壢"",""高評價""}","03-422-1226","lot","免費","{""https://lh3.googleusercontent.com/place-photos/AG9NLjBCQGFz1oQ4DT17Hgcs2g-tO2yp7KHAiKFTZwyXvFoKzoTjEzJtOfLBJD6ZGYUXf0283gkjTiJAiqsU2binMOBvweii-y1ZX9IiGKFeooH2Qxmvy3KtuuZjA1iSGAHfmYXzv6Iyi5DGh5QXxQk=s4800-w800-h800"",""https://lh3.googleusercontent.com/place-photos/AG9NLjD_WnfdeQGeFZMGjMnWYyJKC9S4isTMn7QAFi9OkAYD4sCkOXf-_NEyMb-OBoBBxZUIysLwZAqI3QhvvVb-U7tXCg5m6aYNxz43-k7vDV5t0MF0JFTN3Jf5Q6eFIXTNVzZ9Ub4_dKdG3FduF40=s4800-w640-h640"",""https://lh3.googleusercontent.com/place-photos/AG9NLjCWKx-L0aCboxYzwftB1hQyVFgGGoVgaen07FKOtF0UHtqzaMh85cHmXAK9bxmlyAdTIEseYzyAzih_1_bCjF50dDE1IurPAWIXhnwL9z7-KlQ36KM1Fx2IXaWkwss9T0SoVNMp0oj8kxUJT4tTvu1new=s4800-w800-h800""}","https://maps.google.com/?cid=14416913201771020971&g_mp=CiVnb29nbGUubWFwcy5wbGFjZXMudjEuUGxhY2VzLkdldFBsYWNlEAIYBCAA","[[[660,900],[1020,1290]],[[660,900],[1020,1290]],[[660,900],[1020,1290]],[[660,900],[1020,1290]],[[660,900],[1020,1290]],[[660,960],[1020,1290]],[[660,960],[1020,1290]]]"
"赤富士日式無煙燒肉鍋物-中壢店","桃園","24.961315","121.22307160000001","{""燒烤"",""日式料理""}","$$","4.9","中壢高評價燒烤、日式料理，Google評分4.9分、累積7038則評論。","{""燒烤"",""中壢"",""高評價""}","03-280-5152","lot","付費","{""https://lh3.googleusercontent.com/place-photos/AG9NLjC_gCz5rabEx2BOvRP9GVK-RYMXh5d7-F2XZOZao3wgIFx7bKEe-j_MzaexhczSJmDe8FZkDWXzgqEV0gbGfaCnulRRHjGTMd_Rde-cQqYnlrl8FFCcphcnJV8EFupTq_kdDZv3Mmk2vgot=s4800-w800-h800"",""https://lh3.googleusercontent.com/place-photos/AG9NLjDZTZ-MK_ML80z7JeY35P-ZnN9aKMDJwR5Lt8I3rc6dIJGDdOeKnBLfGIMk1pebkUgoltCKFHXR9dXOEFNT7qHJAZsMkD44AmTSyUDsddGS0L6zncleQYZpXb0a5Hm25TtY_O3vQvNyI9b-lvoM-RWpGw=s4800-w800-h800"",""https://lh3.googleusercontent.com/place-photos/AG9NLjD2KmkwsMe3UTc9fOOE8io8jzz7gf-lGIf4K83G4VWl5RonHE8-aGY_hS1474_012GRMC8Fi17h_EgM0TAJw6GAbBWA-YRiF_JU-KZlQtLCFwPCwAclSR5-V-5lwp1VrzOLuiwr7_YsT7r1oA=s4800-w800-h800""}","https://maps.google.com/?cid=9479323809946566706&g_mp=CiVnb29nbGUubWFwcy5wbGFjZXMudjEuUGxhY2VzLkdldFBsYWNlEAIYBCAA","[[[690,870],[1020,1350]],[[690,870],[1020,1350]],[[690,870],[1020,1350]],[[690,870],[1020,1350]],[[690,870],[1020,1350]],[[690,1350]],[[690,1350]]]"
"三十六號轉角披薩店","桃園","25.0073488","121.2124127","{""義式料理""}","$$","4.7","青埔高評價義式料理，Google評分4.7分、累積1813則評論。","{""義式料理"",""青埔"",""高評價""}","03-287-3172","lot","付費","{""https://lh3.googleusercontent.com/place-photos/AG9NLjAbfRls1ZOODk0HXEpnPvy6t2Hul96vHrRFRt5cP_UIQNFA7vPaGvkMXGxM8gEP4LH4nNG4KNlXPGAUfB93UN1jv5715vA7aP2RSjrIX6D0rxlv1yhAHs3d5q494MHUpxs4A6T70I63ae59Nw=s4800-w800-h800"",""https://lh3.googleusercontent.com/place-photos/AG9NLjAU-P08pqVU7VmvvTC1N5dBrNblAF8WLPcVviLKlJBGWEZXSwsXnWQ6nAPf41-ZFDay2CTRhqd6Ijwb6tQxVgir7aONPAh5TU02gLGodFnll9FwAeOPt4WTRAAQGWKebDSUJLBkLgXRPRVHkA=s4800-w800-h800"",""https://lh3.googleusercontent.com/place-photos/AG9NLjAEjwigMIhCjQZPV3sAd8yfz951AtuESKUwmjP_bFAMMxM4M7w8ARxKfRSfoWmW9xWYdeXzm8hD4g_7qVYKjP0l6801v6oBv5LJHhUYQt5tKBVt03-Ik1NOZqNnw8B2mZgGZX8Pq-C4Y2dHWZkPn80tdA=s4800-w800-h800""}","https://maps.google.com/?cid=11010405318415010459&g_mp=CiVnb29nbGUubWFwcy5wbGFjZXMudjEuUGxhY2VzLkdldFBsYWNlEAIYBCAA","[[[660,1260]],[[660,1260]],[[660,1260]],[[660,1260]],[[660,1260]],[[660,1260]],[[660,1260]]]"
"夜更かしBar","桃園","25.014944699999997","121.2183266","{""日式料理"",""早午餐"",""酒吧/Bar""}","$$","4.8","青埔高評價日式料理、早午餐、酒吧/Bar，Google評分4.8分、累積923則評論。","{""日式料理"",""青埔"",""高評價""}","03-287-7013","lot","付費","{""https://lh3.googleusercontent.com/place-photos/AG9NLjC6M2AnKTCapr2wVgQ3Z4v7_0rJglCLxGpRtD_LFdEOE_b_DqLMg4DHO1x7QRYkjm8KEwXpJQE217sHLBvN8aQJZlZ_7VpfFK1uh5It3j5gF380ATmXaFyw2BR9B1sEtRawBqOh-VOrxNgCpZv8q2OS=s4800-w800-h800"",""https://lh3.googleusercontent.com/place-photos/AG9NLjDRGDMxDYxuO541I_Bw3nvGiRil5LUlINTadn-94IDU2k_BAFfWvZUUV8jk5lIFadrAOMFpiLaWkVM9kEjIqY-8GiD8CPHpzI6tHtqOGoRN0aVDEEfmPeSGvUWeTMU7rOj_fEstpJJdDNhHsg=s4800-w800-h800"",""https://lh3.googleusercontent.com/place-photos/AG9NLjD2J9mGFyHN-Ndgb_XLZiOxR9mhOKcnMR5MOXalcC0uDjzCYQYIsnDI3ZuzmC6fTdMJ5wZ1dFoXWzVzJEBNLMNxi-EvZxuN2_ZViw3cXhM4dmIV7duMoSIa2jZ0AThNApCIXJfuewL4vHwYKC0UzchTHg=s4800-w800-h800""}","https://maps.google.com/?cid=2925291083752921764&g_mp=CiVnb29nbGUubWFwcy5wbGFjZXMudjEuUGxhY2VzLkdldFBsYWNlEAIYBCAA","[[[1050,1530]],[[1050,1530]],[[660,960],[1050,1530]],[[660,960],[1050,1530]],[[660,960],[1050,1530]],[[600,960],[1050,1530]],[[600,960],[1050,1530]]]"
"拼食Puzzle Brunch","桃園","25.0042365","121.22236740000001","{""早午餐""}","$$","4.9","青埔高評價早午餐，Google評分4.9分、累積2237則評論。","{""早午餐"",""青埔"",""高評價""}","0958-592-252","street","免費","{""https://lh3.googleusercontent.com/place-photos/AG9NLjAk2cA2MLM1BahH2_WXlB5kSp6wHNHGR5F_hTuY7gCoJiJJlCl5uCcvOoI-ZaOPrhYxcgjatFXtg58Wyvv5TQes4oUlLqC59n96UE6NgleRsJ7zghI94zm16s3TByIP3otM7qml4K1MPbhags0=s4800-w800-h800"",""https://lh3.googleusercontent.com/place-photos/AG9NLjAO8NrGQCTiEqUmNNf0YFmL1e95DXypcyazSgqO9jX5pfP2FgmCkGY90g0-yrBIs_dvKEWNOlLveighloXrcgBb_kh6omej9Xp4xbOz-uR1ghrKwpO7KivPMEiUlR5jWrVEhbqVWUjGNjLLt5k=s4800-w800-h800"",""https://lh3.googleusercontent.com/place-photos/AG9NLjCjbWfIJG3sUBuaaj20ZG9wXn_v0acgcUMb33ZOByIcmRwETdNiSByZWr7Df3R45QiLw80pKAkqag5X6PAuiMklpLmZhuS-7P8SIPPtdaci4zWEA13C6mGZ6IMgRVo_dzXdEWTi2S48TpcNZdcejzKiHg=s4800-w800-h800""}","https://maps.google.com/?cid=10969736309110598541&g_mp=CiVnb29nbGUubWFwcy5wbGFjZXMudjEuUGxhY2VzLkdldFBsYWNlEAIYBCAA","[[[600,1080]],[[600,1080]],[[600,1080]],[],[],[[600,1080]],[[600,1080]]]"
"Lavish 132","桃園","25.008753","121.21286560000001","{""麵食/小吃""}","$$$$","4.9","青埔高評價麵食/小吃，Google評分4.9分、累積229則評論。","{""麵食/小吃"",""青埔"",""高評價""}","0956-986-998","lot","付費","{""https://lh3.googleusercontent.com/place-photos/AG9NLjCY2-hUlQgGgl79zMPnT4epf6J6Wf123x9zC9Flk6XcbGzF5Jp29B-nE_RUOXNGZvdoBb5bORyBbRmcA963jRdiFLo9JGU5j_OWuOKP1t-PRO21KWeFVj4OS-uXGdlKBhyx5c4yCztgYzfulw=s4800-w800-h800"",""https://lh3.googleusercontent.com/place-photos/AG9NLjCANSPLjgG6BCcHALDm0dDGvKoP3zCnzk4PdrEqXRi-ZCpjaWUQnU_dGb3AIP_zsn-Vz-BEkKHNoqrGcS4fHfNnKkTVI2GhGSRl59yx4tWLNnZfmSvb-QdhcpgQ6Rm444a-xlTh3rHXsJnJn8uYoFYu=s4800-w800-h800"",""https://lh3.googleusercontent.com/place-photos/AG9NLjAn7KcEiRQOHvtbEvEATmhepphmafbrun5cWvg-2D535dAjc0cElgGp6EZZ51pv54ju7s3Sx0XMgCcSOz_aYP4WijML4K5akPAEuKrJiCb9kPtrUF2cunJNvDRQWHOCF_AkWEAZDD17ttZjNpeLgb4qZw=s4800-w800-h800""}","https://maps.google.com/?cid=2161314014100459969&g_mp=CiVnb29nbGUubWFwcy5wbGFjZXMudjEuUGxhY2VzLkdldFBsYWNlEAIYBCAA","[[],[[600,1320]],[[600,1320]],[[600,1320]],[[600,1320]],[[600,1320]],[[600,1320]]]"
"燒究食寓 青埔店","桃園","25.0137678","121.22198639999999","{""熱炒/居酒屋"",""日式料理""}","$$","4.8","青埔高評價熱炒/居酒屋、日式料理，Google評分4.8分、累積1092則評論。","{""熱炒/居酒屋"",""青埔"",""高評價""}","03-453-1969","lot","付費","{""https://lh3.googleusercontent.com/place-photos/AG9NLjD5r90mkurkZgVGWTP3LE8I8fAM-WLX0U8HlAvHtV4Sx5j8r6hPpw8dezWCvf-t4SBHQAgHTJo9_XPTgCIX2KHCNqmPr7-vibJt0W5wWyXz60eCyIEQGMXyqk8Z45kTdg5Dow_wv86YbXDIsp8Qs-N4rg=s4800-w800-h800"",""https://lh3.googleusercontent.com/place-photos/AG9NLjBKvCCLDxDInwZK-DZrSBx8WKuD3VqQvdcnDPKnjc61T8YiHoTwZF0ddZ6cNSqjnFbyKstkS60e9dPAHRFp0PXxLxEwxENTexQOXWFjlQf_QSc55u5ZWIVYqRL4hZ2EHhFAp-L2Yid3XjwTc-2xfVXW_A=s4800-w800-h800"",""https://lh3.googleusercontent.com/place-photos/AG9NLjD4KnpSb0X20bkkjzqbEAdlgmNwe3pFZG9awlE0CDfMSgEje8YtEIQuv35fAG-trio8CEfK0xnEukp2qCAm5VeS5cb7sj6HOVEUjTZtjq2nO_St2ZM7YH2oOIkFsmyl3TR3pHtNRBTlf_WY5cXRcLtK=s4800-w800-h800""}","https://maps.google.com/?cid=17315872303907577398&g_mp=CiVnb29nbGUubWFwcy5wbGFjZXMudjEuUGxhY2VzLkdldFBsYWNlEAIYBCAA","[[[1080,1500]],[[1080,1500]],[[1080,1500]],[[1080,1500]],[[1080,1500]],[[690,840],[1020,1500]],[[690,840],[1020,1500]]]"
"茶自點青埔環球A19店","桃園","25.0019989","121.20246470000001","{""麵食/小吃""}","$$","4.6","青埔高評價麵食/小吃，Google評分4.6分、累積1562則評論。","{""麵食/小吃"",""青埔"",""高評價""}","03-287-7368","lot","免費","{""https://lh3.googleusercontent.com/place-photos/AG9NLjCAFyZecsgoNOs7zAEk6DOk4aobl9GYVuq-u_MtdTiWeytD8QkjRrekrg9LxxuPszmrzLebNOeFUFy2SzAY_E8LABp-jdYmgPH_puZEtvyH7x3WKugHIFOMzQ075EGAW-qaYdVPcG0S1lRQTMc=s4800-w800-h800"",""https://lh3.googleusercontent.com/place-photos/AG9NLjA74XGSjeYf9Orb2ivii8dtdGWnq069ZOY_3LiOnKl71FHBcDv2PnUfygVzpIe71Zk_Ah_Onr6k_l0-OvlEQvBkNsK7aO8hyo6EB2L0EtxaubPvtUPjqDb8nUK2HMrOR4WQ3SPn4EoGvxG8tw=s4800-w800-h800"",""https://lh3.googleusercontent.com/place-photos/AG9NLjC2xAeDrw70Yyi-vWPXNkPpOyOiRivXgzng91Ifvy-aBzP-SIgKN-RQS1gkQb43s8SVnY16kOaHUq0JqqfbTWVaL-2EDBlMxA4_KWEaUmfy3ui5p2S5rWpOk3izrwaa_4ddYmehlAGcypuxEGqQ3QHxTg=s4800-w800-h800""}","https://maps.google.com/?cid=12333723725234681027&g_mp=CiVnb29nbGUubWFwcy5wbGFjZXMudjEuUGxhY2VzLkdldFBsYWNlEAIYBCAA","[[[660,1320]],[[660,1320]],[[660,1320]],[[660,1320]],[[660,1320]],[[660,1320]],[[660,1320]]]"
"這一小鍋 桃園新光青埔店","桃園","25.0167833","121.21338499999999","{""火鍋/鍋物""}","$$","4.6","青埔高評價火鍋/鍋物，Google評分4.6分、累積3126則評論。","{""火鍋/鍋物"",""青埔"",""高評價""}","03-287-5488","lot","付費","{""https://lh3.googleusercontent.com/place-photos/AG9NLjBxU6wga_A0UUmNy0VPZI4XZ-GPqGm04r4Lk1BKhktCGrSu_q6vDc0rwr3f714uhES26t7X71jSltHMW8j9sUY0EnAaTaQ2JT4LufvdqpMsjDbeSz4p-AsdtGBUyUoVt0FbRyNABsMb3r8tVA=s4800-w800-h800"",""https://lh3.googleusercontent.com/place-photos/AG9NLjDQm1jO1UcUrP3llWR8T3d9ibTsrEHyxllpK9SsrQ_a8057WqE5qdeKd6tQb1XA3VKpmBEUdP3EaLQmiTvns3MEJwelYEijIxOaI_s8HWuMmoY1CJSNtJQu5oSoYNB898Q6JQBYNxs0wS2iSZLqsCW1dQ=s4800-w800-h800"",""https://lh3.googleusercontent.com/place-photos/AG9NLjA_xzIS4z-ugw8WuzNG2Yflm6mVbA2EHJf-DwsMh5_lRFiw7lMwwmmXAhBF0kvd7HTEorsgutaa6_bhxsZ_nRT9dx8Zj1PAuC-vf8gh-Tdnql7iVa6NwcmS2cHF9DuM6nFXhqW2UHWclem0NlLPjfBJWA=s4800-w800-h800""}","https://maps.google.com/?cid=14906874686516670755&g_mp=CiVnb29nbGUubWFwcy5wbGFjZXMudjEuUGxhY2VzLkdldFBsYWNlEAIYBCAA","[[[660,1260]],[[660,1260]],[[660,1260]],[[660,1260]],[[660,1260]],[[660,1320]],[[660,1320]]]"
"立晉豆花","新竹市","24.796863600000002","120.99839779999999","{""甜點/烘焙""}","$","4","新竹市高評價豆花甜品，Google評分4分、累積3899則評論。","{""豆花"",""甜點"",""高評價""}","03-572-8389","lot","付費","{""https://lh3.googleusercontent.com/place-photos/AG9NLjCxi11BoTLhXfnIKg8pWZfxdil4E3WSq-fPQa1KMAjbnbunofEMm6oi_oruhV9FQHNft4BOCGsJTyBYbeccjZ0fAHtA4dYx0gpbKEfuy8uxu4wfOx7JS6AHrzoWlVUL1f_Js_E2keIayDiFJxg=s4800-w800-h800"",""https://lh3.googleusercontent.com/place-photos/AG9NLjDF3Obt2HM7RLW1VfgkK4SOMeqYhHd_NP-CMOiHRlGUa5HRbVReafEKTP-z4pZQAjcrLDHCVR_69iqPCUKVhx6tpW4VA-nbxYM0UnQqYK3OeWknuH0EsxsybklvrXT0saGpDqD4VTWz4wKZnQ=s4800-w800-h800"",""https://lh3.googleusercontent.com/place-photos/AG9NLjD13epNyu9e9GaTZkNIR-DSJoP8n5bbwTPaOexyGO6CgoRZitViBvPiYvBKxhDl3y4Z6EIYF4-PVBO4-FvrYDFydA0up9q5QK-vBFOHr7KUhVovTFq6SWqQrffEta0mdZqWocEnx3sUcAqRUZNGklrfFA=s4800-w800-h800""}","https://maps.google.com/?cid=15133552663902237137&g_mp=CiVnb29nbGUubWFwcy5wbGFjZXMudjEuUGxhY2VzLkdldFBsYWNlEAIYBCAA","[[[720,1430]],[[720,1430]],[[720,1430]],[[720,1430]],[[720,1430]],[[750,1430]],[[720,1430]]]"
"好豆味冰沙豆花","新竹市","24.803296","120.97000309999999","{""甜點/烘焙""}","$","4.3","新竹市高評價豆花甜品，Google評分4.3分、累積2365則評論。","{""豆花"",""甜點"",""高評價""}","03-523-2860","lot","付費","{""https://lh3.googleusercontent.com/place-photos/AG9NLjCAOa2K_jy4LakvH80a4-bQrFum8IMaybEVunbAJyH2NPPO6CT4ztkeBXvxUAD3SHut-lLjz31TWlRa9EiyayLrBEMk3jyr5VOSzMN9mp6dXzNPcyNROPW95b2o_1br5nVaMX4fUxdK7WdMCg=s4800-w800-h800"",""https://lh3.googleusercontent.com/place-photos/AG9NLjD_vki2WPeCVobVVriGCxWwsT0b2X17YhcDvfKB6-uHPZaQhwjp7V9h5lYtktOA2o-SAGvi7e-y4pw7ZT5OImPcf_wX5lVjixzz0ldfjPwI40a6Dh53VrZyetuiXbacYHFKg4fLHOnGE0H3=s4800-w800-h800"",""https://lh3.googleusercontent.com/place-photos/AG9NLjAUQM4b4uHFQcnxwWzA5gADK2eCmWS0KlgiizdB58vEF73bNG2TAZlkeIIbBVuRIIUgqV24BvPvdkzBEK1PmXymhyfe6PXdj0ICum4xmkoE2XuJmR_C4tLZGX_RfUM8XSwcwrnsKqCk5OXOMiIg81PrsA=s4800-w800-h800""}","https://maps.google.com/?cid=7492295268154360523&g_mp=CiVnb29nbGUubWFwcy5wbGFjZXMudjEuUGxhY2VzLkdldFBsYWNlEAIYBCAA","[[[690,1290]],[[690,1290]],[[690,1290]],[[690,1290]],[[690,1290]],[[690,1290]],[[690,1290]]]"
"豆戀迷 新竹清大店","新竹市","24.7967997","120.9993823","{""甜點/烘焙""}","$","4.2","新竹市高評價豆花甜品，Google評分4.2分、累積1040則評論。","{""豆花"",""甜點"",""高評價""}","03-571-6658","unknown","","{""https://lh3.googleusercontent.com/place-photos/AG9NLjC4jixfc-WXasg4I-oUbfNAqW-9pBU53Pu6oBBGfJ2PWk1vT_8CK9lzkBMGB-UVNJgUJovXXqa_uceJyEHefuJE9-ne80TYFZSpyfJJZyvN0DkXqwqhmejIXoO_hmxTep3N7PZKc-MG_xbk=s4800-w800-h800"",""https://lh3.googleusercontent.com/place-photos/AG9NLjB2c02kQoXDh7pH8DBHObG1cHmE9t-wJFxU7WX1sMg22CseZFAfovyZ15fOQrCfztoVqnDc9oTefrqoSyNrzdb2QLTSCiQSKil0AXCLe-VRek2DTva9mwjxkmtglib-AYB-n3_RLjZ9hXDadg=s4800-w800-h800"",""https://lh3.googleusercontent.com/place-photos/AG9NLjBLFYeYH147zLS7A_oQnjW79yirEpO3Ej7fVNI6RAZnkp4mPpNYFeL7u7AvXuQUmqrjdmm3419FW9dvj5tX-z0uPC6fOaZdDyfM10aZycgKUQkbb4x3CZeswTsSiGTDjDe9yj2JgYXGmwaWVvz64ruMLQ=s4800-w800-h800""}","https://maps.google.com/?cid=17918392952961934904&g_mp=CiVnb29nbGUubWFwcy5wbGFjZXMudjEuUGxhY2VzLkdldFBsYWNlEAIYBCAA","[[[660,1380]],[[660,1380]],[[660,1380]],[[660,1380]],[[660,1380]],[[660,1380]],[[660,1380]]]"
"冰境豆花雪花冰","竹北","24.8300315","121.0086514","{""甜點/烘焙""}","$","4.8","竹北高評價豆花甜品，Google評分4.8分、累積122則評論。","{""豆花"",""甜點"",""高評價""}","03-558-8807","lot","付費","{""https://lh3.googleusercontent.com/place-photos/AG9NLjCGJOV-rvThn99E8VxhW6F_XI1UtvZZm1uQsMdf-pg8rTKTME4EPYxLFvmRu_Cm9VFyepdBizTvck6hRu37_zmcW-Pk08s_0lqHfbcWTIXmIdUmWTXo1o3d1_7e6aH99IxfR2DytBxLB-jQIT6DWHKCKg=s4800-w800-h786"",""https://lh3.googleusercontent.com/place-photos/AG9NLjAoiHaqJ5ntlbBP6sLRUkAkDbf8rcwH_3Hs5aIzgNL2HdVSQRqFfXl0oVjG2bT7ARAcYYLstpWk6su7VRWINmmxa-AaWLWHprdu44IXGVKYwOpiCdpg9Y-Cq_FIJbP79I7qUfh21GZqMvxlubP7HNKBsg=s4800-w800-h800"",""https://lh3.googleusercontent.com/place-photos/AG9NLjDnLB89RWhQLamCYirn0jeetVM7emOLSfiZzEHGAXKMQgkiet_Csbh1leVH0WIxrcca1vz9fKSlMWQFhCQhNmVO81pvZt5t82y6grcMDSJ1keyk-ZjOFf2Rm9j-dZIhwIemiYxJtUG05G275YHdZ7Dr=s4800-w800-h800""}","https://maps.google.com/?cid=2896939236903139065&g_mp=CiVnb29nbGUubWFwcy5wbGFjZXMudjEuUGxhY2VzLkdldFBsYWNlEAIYBCAA","[[],[[660,1260]],[[660,1260]],[[660,1260]],[[660,1260]],[[660,1260]],[[660,1260]]]"
"豆飛甜品","竹北","24.8309847","121.02586649999998","{""甜點/烘焙""}","$","4.8","竹北高評價豆花甜品，Google評分4.8分、累積389則評論。","{""豆花"",""甜點"",""高評價""}","0905-465-816","unknown","","{""https://lh3.googleusercontent.com/place-photos/AG9NLjBfv5aCga-a-Q2dvyUQb-StPXaqf5SGgSQhkeAixNTZJTk5fJC7UUOw-y8A7SsOZsH6-gkO-nNPJMGcTTAQWs2AdNYBMcZKkqrtpZFpshsldggHXyBZQg_wcNeVWYjTD06KaUzx-ej28MgM=s4800-w800-h800"",""https://lh3.googleusercontent.com/place-photos/AG9NLjClWdkI6yrNaQEoeoQsXkL8-t-KQI--Ke6jno1I3NBsOfUpy4brOigVgS3rRKDt9qLE6UtoFXAPt19QI7HLptkNXBdd_7cxewM1BghpJVmuLKk8BD3JE6j5wrURO2JgRwWiA0FacJI4TrTSTw=s4800-w800-h800"",""https://lh3.googleusercontent.com/place-photos/AG9NLjDfSOFIE7NXRwf2xbTuJiCHq4DKptevjDrGjEWYtEq7_tm-n_g06anXT4_X0X2-QzPNgTYMxyeiNe6JTcGcX4LdjByhtRWzW4S3oNplxuj8LJSFt7DF_unS0mwPql0yXFBakwSfVhCFkh6lbcOISy2cpQ=s4800-w800-h800""}","https://maps.google.com/?cid=12024583495794929076&g_mp=CiVnb29nbGUubWFwcy5wbGFjZXMudjEuUGxhY2VzLkdldFBsYWNlEAIYBCAA","[[[720,1230]],[[720,1230]],[[720,1230]],[[720,1230]],[[720,1230]],[],[[720,1230]]]"
"老豆花 プリプリ（建中店）","新竹市","24.8026706","120.99609500000001","{""甜點/烘焙""}","$","4.2","新竹市高評價豆花甜品，Google評分4.2分、累積733則評論。","{""豆花"",""甜點"",""高評價""}","03-575-0733","unknown","","{""https://lh3.googleusercontent.com/place-photos/AG9NLjBlLboHcZXxpPMwECVRSWa7ik8rTIOQ8XCsHKSDmCqYRv-6GPSLvw4s672HoWiKjUnbO7ldNUnwSo8IG1NrOIj4SGl93XDHomNgKrg3CxRcogVbqyyyK00JMvlWPfdDi5_qKg7-C4b-FmrrMg=s4800-w800-h800"",""https://lh3.googleusercontent.com/place-photos/AG9NLjBa79Y6VzjrwUeYrubZmhwlOkXrnISJiqQz8P2mw7qqWI0XjO246Z98sIRfwhPe7JodcK_IQXIH8X8kJVPfDQrNy55ttZQTuYq7WW7iZVhKVD3LHZfiyLcU1dyVF1Cf8J8XtX18dfgOx_Um=s4800-w800-h800"",""https://lh3.googleusercontent.com/place-photos/AG9NLjAtaWB0QAbT5-fwe3yL7zAp9qPTU32Yk1RoaQoJCQG3PoQrwysMeS_iNLKRm86t76HwG6dHOxu7guzpoyftlRjsECvaxvnFd66UZtrPIwmgKuNPiDxgKg0ILR2t4JNB5iMtJPdEkCtztsQC7Bxym6zaVg=s4800-w800-h800""}","https://maps.google.com/?cid=13155296008680294811&g_mp=CiVnb29nbGUubWFwcy5wbGFjZXMudjEuUGxhY2VzLkdldFBsYWNlEAIYBCAA","[[[660,1260]],[[660,1260]],[[660,1260]],[[660,1260]],[[660,1260]],[[660,1260]],[[660,1260]]]"
"匠心豆乳","竹北","24.8105041","121.0289299","{""甜點/烘焙""}","$","4.4","竹北高評價豆花甜品，Google評分4.4分、累積266則評論。","{""豆花"",""甜點"",""高評價""}","0973-443-934","lot","付費","{""https://lh3.googleusercontent.com/place-photos/AG9NLjBmJgfGPoLf55EcAqxQrZnVWogAlMaKo5MmlTGVpN0zB7xw3HTtdrAqbqX3luv45t-_tG2DzHrOu7YeHow_XTRGyRHFpP5A0bb_fvmN3fMMhH9I3qz5Xiw8p8_LfifOOqR9Jd4mYHBhnAt_=s4800-w800-h800"",""https://lh3.googleusercontent.com/place-photos/AG9NLjD24zmyBJXKxRGXG7XqzsGO2MzStVPccVazii-1bJqk7uymlOf6eKgtas2Gsz1O0_bcrqiC0hw-X-Pn1ucHB7W1FqXOxpSVSeqsKZscKFZwIhl0QVK-dn2OCJEHq4gtnZf3ux2iSolN5Z_9TA=s4800-w800-h800"",""https://lh3.googleusercontent.com/place-photos/AG9NLjDvm3eVAgQGL5ir1LZ8ZKQH7EA-wIyKLbXiC1csHQ1JrxZop2kP_CS3dbnPmExh2JNdwA-X51DDNFQFl6qbL-lrG2H3qEy66dT_EzrtCUOW0ZjVkI4kd_nAuYeQTNwWUBz03MN8227jOhpw8J-f7CdoFw=s4800-w800-h717""}","https://maps.google.com/?cid=15698354074684909591&g_mp=CiVnb29nbGUubWFwcy5wbGFjZXMudjEuUGxhY2VzLkdldFBsYWNlEAIYBCAA","[[[630,1260]],[[630,1260]],[[630,1260]],[[630,1200]],[[630,1260]],[[630,1260]],[[630,1230]]]"
"小叮噹甜品屋","新竹市","24.798011","120.98478039999999","{""甜點/烘焙""}","$","4.4","新竹市高評價豆花甜品，Google評分4.4分、累積634則評論。","{""豆花"",""甜點"",""高評價""}","03-573-3550","street","免費","{""https://lh3.googleusercontent.com/place-photos/AG9NLjAEbXcBgaP-NCyX8GO0ISJaZ8-zntE5KDANCPSpkJeHAIkY5wrej99b03hVuhQ-AEUmnOVpPwiRqm6qF9PuzrsaugGabvoNrxjn48CQ0fMXEx5Tnky8EaajzqzTU0tj3IsU_dTXqZU5cEYZsOs=s4800-w800-h800"",""https://lh3.googleusercontent.com/place-photos/AG9NLjB807QXKfSvui7QGR-9QSDO8fSM6oD_I_RA0ziaWk_TlsjQwoRCgmB2XYeTdxpFbnbw8FPgu6Ek1nuMOa8IEV3R-6a4csEdCbRO7bSHrIUw08Y5TX6HO4WPxR6oEdQltVZn4K-m5sfG0J4wWITBYZLAnw=s4800-w550-h440"",""https://lh3.googleusercontent.com/place-photos/AG9NLjCULAgU5to5RzOFMVwtgl3ALP83W1MHABPNnxAtS_tqXaUVAu5cRz-3PAGDnIjTKwHcpqk0dBQOBRJ3Ua28i-Cp3YRJVE1l_NBfglg80do9JICz_CUZVohieG0BZHrrU1mlhH9sGXlFCw2Y4W7nS4lzbg=s4800-w800-h800""}","https://maps.google.com/?cid=692923975579673578&g_mp=CiVnb29nbGUubWFwcy5wbGFjZXMudjEuUGxhY2VzLkdldFBsYWNlEAIYBCAA","[[[660,1230]],[[660,1230]],[[660,1230]],[[660,1230]],[[660,1230]],[[660,1230]],[[660,1230]]]"
"百分百豆花","竹北","24.8259524","121.0094132","{""甜點/烘焙""}","$","4.3","竹北高評價豆花甜品，Google評分4.3分、累積324則評論。","{""豆花"",""甜點"",""高評價""}","0955-600-118","unknown","","{""https://lh3.googleusercontent.com/place-photos/AG9NLjCSqTYhRuljXaILUS806loH6XKWdrCB7T8od_U40hMO449Vg1H4eYy31IfoJu8sLFvRY9cm9P9vkEWoL16nxPVk7EhGBEz-E_Klcvj3TE9HqXPh7niyXsgPlTgIQ_wv4MrRsVveld8W8m6TAlE0hmrYeA=s4800-w800-h800"",""https://lh3.googleusercontent.com/place-photos/AG9NLjCD5JWrC4p-IwiR7xYmWcOnd5QuX-JHfXnXXeWJkXXg1CuEFTPLbJ7yyxNH62-BeL0QcH3Dq0QQOBy4EhfPH0aQP77ndk3yYo-6YLqiq8beI0dvOIQfwKyJtfo7lVb6y47SoLKsEbxTGMXsWg=s4800-w800-h800"",""https://lh3.googleusercontent.com/place-photos/AG9NLjC6aqtBGZ0SxUPI4gucYQu6yMIVNnyXrV00rNUjTONESL-9JbWiE2pC4TE_lv0jTZryst1VX-iYcplfzDKxJNZxsCQBedS7t1LvLl3aOunKD2bZozs9UbekydW4FXT7K3XO8Wp-SyJNruYWfit4uWR3cQ=s4800-w800-h800""}","https://maps.google.com/?cid=11090209081777393146&g_mp=CiVnb29nbGUubWFwcy5wbGFjZXMudjEuUGxhY2VzLkdldFBsYWNlEAIYBCAA","[[],[[660,1260]],[[660,1260]],[[660,1260]],[[660,1260]],[[660,1260]],[[660,1260]]]"
"竹北秀蘭豆花","竹北","24.840389599999998","121.00138489999999","{""甜點/烘焙""}","$","4.6","竹北高評價豆花甜品，Google評分4.6分、累積1244則評論。","{""豆花"",""甜點"",""高評價""}","03-656-5867","street","付費","{""https://lh3.googleusercontent.com/place-photos/AG9NLjD5io_DTsPosDTvzj5IKM9ehp14hALFTDu6F4osrcfD3W0yNDePr9W06PKUtOU__ySCRsZPvpOybqK06_bggbHu_gZbHvPoukfvtAdcPmGw0osCg0WAP8XjDtwi2UEAPJphwtcdM8L-Y3Iu8w=s4800-w800-h800"",""https://lh3.googleusercontent.com/place-photos/AG9NLjAbKHmhgRBayD1xJw2kCoSAHy36YofZ6_XOOEb1IVHrGRiRVIYbe4EhCJQgMAP1XdUbkqgvY1vSrFXDlJutbJeWtGCU-IzUD5n_eODgS80q8LRKihKAQN2BHTZ52c4ej-az0wF83-77Yssu0Zs=s4800-w800-h800"",""https://lh3.googleusercontent.com/place-photos/AG9NLjBP_PGZdU7NvJswAQAEHWAvgau1O3v5H7M9M9WT5r0K00tLeb_2OtRSzBZqxPYu0snRj3JWu2XVzyet8tM3o-y1qndYbc9QCR8oHmHXPfpXGe_-Mo0T6Rg6q0yndalR5nueXFl5p_0gPc3k=s4800-w800-h633""}","https://maps.google.com/?cid=2422550077167392121&g_mp=CiVnb29nbGUubWFwcy5wbGFjZXMudjEuUGxhY2VzLkdldFBsYWNlEAIYBCAA","[[[630,1320]],[[630,1320]],[[630,1320]],[[630,1320]],[[630,1320]],[[630,1320]],[[630,1320]]]"
"東東石頭火鍋","桃園","25.0065001","121.21351539999999","{""火鍋/鍋物""}","$$","4.6","青埔高評價火鍋/鍋物，Google評分4.6分、累積499則評論。","{""火鍋/鍋物"",""青埔"",""高評價""}","03-287-2601","lot","付費","{""https://lh3.googleusercontent.com/place-photos/AG9NLjA9XcfmM6fe63eZlfIQs3vD9il09lIjfM7lVVeb6-UZt6A9Ugj3J5Y6DBYQFiW2urz_Z9-bd7gRA7RWhuxibbgQId_ubSpIxwEh2NAwcEBTWEZtfp1FkQcPZRIKv8yvYv1j7RhU1YuV9wzVudGcMKDPOQ=s4800-w800-h800"",""https://lh3.googleusercontent.com/place-photos/AG9NLjAs5gTdRZqGRjg1_2Yrotb9trg-QZ2Kv4B3gC4qvKXKwo8Z7b0lnYiOUozfkxcWRJVmudc5D8gs8X7jopA0w2ei9t7OMBJIUUaGAkAC6fdoRtBI-wYOfGumx70ZEcD5Lp03ymYTukPeUMBMqQ=s4800-w800-h800"",""https://lh3.googleusercontent.com/place-photos/AG9NLjDzpH2XuZlxRg7Hh66oF061VwTEIXwHjBYvXbMamY3AypqGZdqZuPF37hudfm2-_jIAr_5eLAR4rXO46oXppBnijbweYh6hhD_IUtLJfRwfId8T-IT5iZyVsXfrc52ClM1pKnarQGH2-Eg1sCxwFIIQKQ=s4800-w800-h800""}","https://maps.google.com/?cid=12304733701693385758&g_mp=CiVnb29nbGUubWFwcy5wbGFjZXMudjEuUGxhY2VzLkdldFBsYWNlEAIYBCAA","[[[1020,1440]],[[1020,1440]],[[1020,1440]],[[1020,1440]],[[1020,1440]],[[660,900],[1020,1440]],[[660,900],[1020,1440]]]"
"鮨立手作壽司 丼飯","桃園","24.9565076","121.22034370000002","{""日式料理""}","$$","4.8","中壢高評價日式料理，Google評分4.8分、累積525則評論。","{""日式料理"",""中壢"",""高評價""}","","unknown","","{""https://lh3.googleusercontent.com/place-photos/AG9NLjB26dfTgPlOLKlEbxYV_KqHy4XfimR1cg4niqeoDUr0GxCtjo-oXxhMexUXt4XLpFi3EEg027G5nHF0epWro1gAppTYUDw9lAnOK99O-gwCNFGkbs9Zeb6UE6Lcw9xuQukLQUyM2MtmAge-ibY=s4800-w800-h800"",""https://lh3.googleusercontent.com/place-photos/AG9NLjBE3U2-l-331RfqVbOCw1HpjHGQJ2CF_-Ixg7lhjyIzkwwFuOz8WVtzI8A6aLDwg90yLGVIHYHq2AQMTYj-e1W3jU1iOZnqBo5ABGZ0Lmxra-M2UBB1n5hpig51aNOqyV3mbfwPGfezQX5t=s4800-w800-h800"",""https://lh3.googleusercontent.com/place-photos/AG9NLjDYw2yNhHQq6vi-0_qzrrIGJWGgRhF0nD8om852sosn3fUr8IwFnF68kqdIrT32k4rPNisbx411yJBrKmV577rJ52t-5qAJ-72Dy1w6ahW7jx3GN9XinwPayUTt4LYF3Tapqg-gwlaY-FaX58B3wT2M5A=s4800-w800-h800""}","https://maps.google.com/?cid=6472169606424256032&g_mp=CiVnb29nbGUubWFwcy5wbGFjZXMudjEuUGxhY2VzLkdldFBsYWNlEAIYBCAA","[[],[],[[720,840],[1020,1230]],[[720,840],[1020,1230]],[[720,840],[1020,1230]],[[720,840],[1020,1230]],[[720,840],[1020,1230]]]"
"加分100%浜中特選昆布鍋物-中壢店","桃園","24.955776999999998","121.22559699999998","{""火鍋/鍋物""}","$$","4.8","中壢高評價火鍋/鍋物，Google評分4.8分、累積3811則評論。","{""火鍋/鍋物"",""中壢"",""高評價""}","03-422-1230","lot","付費","{""https://lh3.googleusercontent.com/place-photos/AG9NLjC6gNJCAsnbw2vbdMyB6RaGiDjNXzKCfV-cGYQDIXTyjEEARgeH8HJ6VUmMnOgtbiU0TRMmV7q0dfeR8lAJAv7ml-ETQD6CHLk-YPCSJcXfp2kQCYor_e3wE-OOfMbHyGuR7_8f1B3DGn73bg=s4800-w800-h800"",""https://lh3.googleusercontent.com/place-photos/AG9NLjDgcwE7fHTRVhuB_GoE8YUzAswVcnRQpC99W95TgSXKbPYFJgfNzsu3vDxg1GuEsuQV431gIHoCOEK8owEkxE2Qy7taUOBC2K-DWRIq9vwS6A02p_v4PZ4tz1xhsmmtPErQPwzg1SQiPzlfoKBnAXeXpw=s4800-w800-h800"",""https://lh3.googleusercontent.com/place-photos/AG9NLjDH2XR92wOVMjdRVAKja7T7_QGfK5dyx2e39pNdanqvsx2iq1zhyhj_zOJkN2-NhbGhtcmc5PbBI1WleWdPKJV5d_uWws2WOLsg5kN00tkVuMlNKbYZa2X_WGSUeIF9u1RFzsncdniGytkNQQ=s4800-w469-h358""}","https://maps.google.com/?cid=12973164441260666621&g_mp=CiVnb29nbGUubWFwcy5wbGFjZXMudjEuUGxhY2VzLkdldFBsYWNlEAIYBCAA","[[[720,1380]],[[720,1380]],[[720,1380]],[[720,1380]],[[720,1380]],[[690,1380]],[[690,1380]]]"
"義想 PASTA","桃園","25.0074498","121.21342220000001","{""義式料理""}","$","4.6","青埔高評價義式料理，Google評分4.6分、累積52則評論。","{""義式料理"",""青埔"",""高評價""}","0936-766-488","unknown","","{""https://lh3.googleusercontent.com/place-photos/AG9NLjDfTBh9oDQFYQxUasWk0TOq_py2x7uIdKcAaIIVeB6H1nrZRVPD210n_kDaNYnE52b0-44mGn6QLuMDcF4053ioJ2j1LYDtq0TU2t7UJE7H8rxvqWKmJ0vGAaM3RKwyMw2j0Pki6Ad7qe0kiyvYJJhQ4w=s4800-w800-h800"",""https://lh3.googleusercontent.com/place-photos/AG9NLjBn0EpUUV1KIwBZP87NzM8F9EOORkrdqRHF3IJdlpFfCsstwz20gGyZ0q4mNu9awOEebeS7Jqs9nSfUDoXCEjIzanbufhSqXluG_ALEIHuTdb-Jkbdpx7-MHI6quu4K_uZfFW2-aEh58npNI4-isjVyGg=s4800-w800-h800"",""https://lh3.googleusercontent.com/place-photos/AG9NLjC_u5hpbQ0KGmmwU0gt0Tha7Wi-A9FG11ERttARHty0pePkW46uMGxwuFBv4er2t7FJU1rASIF4y1c6Wd9MIONditneeu_BTDEHDtPOeBRiSr4qJtFZdtHgW6xPh1pTuyZLfQSU5qKvcYGA7qKZ3eoPVA=s4800-w800-h800""}","https://maps.google.com/?cid=14489670305368297660&g_mp=CiVnb29nbGUubWFwcy5wbGFjZXMudjEuUGxhY2VzLkdldFBsYWNlEAIYBCAA","[[[660,840],[990,1200]],[[660,840],[990,1200]],[[660,840],[990,1200]],[[660,840],[990,1200]],[[660,840],[990,1200]],[[660,840],[990,1200]],[[660,840],[990,1200]]]"
"藏王極上燒肉餐酒館 - 青埔店","桃園","25.0230481","121.21831350000001","{""麵食/小吃""}","$$","4.7","青埔高評價麵食/小吃，Google評分4.7分、累積367則評論。","{""麵食/小吃"",""青埔"",""高評價""}","03-287-7568","lot","付費","{""https://lh3.googleusercontent.com/place-photos/AG9NLjCQGdGjOAXgLfiNNN1tGvQEuj_unkTkKjrBRTKF5_xztrU4zAy38HbKEJDvxX1D2GNgsRVJ62_hz-UTLWDnmfqJews7uUYe4-9wFgPRrM3cB5o3hv104JmQTvUYPzE7aKVll4SmASRk4PmT8tE7d-DM=s4800-w800-h800"",""https://lh3.googleusercontent.com/place-photos/AG9NLjDJGjsaKNKDXn_u_AwjJqUzKc97QeH2t09lVnYv1Dk7zZhoHBv4uCfxT5MbVQ7_mI_uMT13qWk8zU80yLcE_Uvqd2Aykq9H_6yX0SbRjxQHxvpt7iKJchEk37PGK1Igy_M-DRCScRfDa6t4ZVN0N96L_g=s4800-w800-h800"",""https://lh3.googleusercontent.com/place-photos/AG9NLjC74MAx1NTFYG8oRJsRdJhEtGBcwU_MiPDPLW0y5upfOK6XYs0DyaRLUCUqqD5D38BCr7NrsVm2QehzMvPOr3m5ZCX10hQnGACisVypomN1D3fQH5ICVfAV3JM_kqHHJCI9sNiTpKN3GIBaXD4KAo7F=s4800-w800-h800""}","https://maps.google.com/?cid=10159384367966420043&g_mp=CiVnb29nbGUubWFwcy5wbGFjZXMudjEuUGxhY2VzLkdldFBsYWNlEAIYBCAA","[[[1050,1440]],[[1050,1440]],[[1050,1440]],[[1050,1440]],[[1050,1440]],[[690,960],[1020,1440]],[[690,960],[1020,1440]]]"
"祥祥台式小餐館","桃園","24.9643308","121.2239744","{""台式/客家合菜""}","$$","4.7","中壢高評價台式/客家合菜，Google評分4.7分、累積1125則評論。","{""台式/客家合菜"",""中壢"",""高評價""}","03-426-6995","lot","付費","{""https://lh3.googleusercontent.com/place-photos/AG9NLjA_58kS8dNu0FQ_zAnSaNTwjKqz1IMxaO7Ko7-t7sHcJHPKmoNRlNCJS2fu-5sczY_2WZDzGQvaKPAF_gLfqUAMk7GYGScO4Ejaio1SgDYP6MBIc0tvdW4GwUPhM9PKmjToSzJfvejmM6RHkr61QMM9YA=s4800-w800-h800"",""https://lh3.googleusercontent.com/place-photos/AG9NLjChVmiDzP-FpzMhvKN0Dg1GJLV4E-c8zgcxQyb1nwgFjAgqIwLnVHxdcupa27y16uUwp0Co7Jr7M0RcabAeufVyQvDDalAIEtwAeRe0eA06a8uLhvhF7dz8K1i4OxFbGa4mH0xrfXHGPmM3mB8I-QRz9Q=s4800-w800-h800"",""https://lh3.googleusercontent.com/place-photos/AG9NLjByJuu-nXoXfPXbSusvot0-udZhYBwuczn4pWWb6XgANQbukyAz5gAwb53kS5qi1YiupjCwFGXg3qxWMDMXsAhlQf5cvC27gYlZn918RrHfLvWTIoMnw-ziMGrgUQL_nG4SqKpqOQaApTmxKYrYqPl1=s4800-w800-h800""}","https://maps.google.com/?cid=8863369145304572400&g_mp=CiVnb29nbGUubWFwcy5wbGFjZXMudjEuUGxhY2VzLkdldFBsYWNlEAIYBCAA","[[[990,1440]],[[990,1440]],[[990,1440]],[],[[990,1440]],[[660,870],[990,1320]],[[660,870],[990,1320]]]"
"承意港灣大同旗艦店","桃園","24.958558999999997","121.22374529999999","{""麵食/小吃""}","$$","4.7","中壢高評價麵食/小吃，Google評分4.7分、累積1094則評論。","{""麵食/小吃"",""中壢"",""高評價""}","03-426-6789","lot","付費","{""https://lh3.googleusercontent.com/place-photos/AG9NLjBVhNeXJl7iTyA8UGQk1NQpXVhkC1iCCZAFe843CjccqrkP1Z0GeFKQXhgH3SF2az_RO2pMFYOiO8xW3oZmFpJ3hjJ3DL5m09_6hqxNTRGUBX0J8V_cW-67oXTskVBb4O85YcYk_h1upeUKZ9P6vkb9Wg=s4800-w800-h800"",""https://lh3.googleusercontent.com/place-photos/AG9NLjB5llINjZVfRwM18iSCRWyLKhPy8KucVXec3mzRRTL7PswCF3WXDlcwkoT1ey-FMUBN4SoybDbZMv7ZMrMDGoAnszbrhG_g03E8k9vfHQjQ5E-OEU2OaCNLtpossllxTDtuMBcbTFxYm0AvX6l8s0XR=s4800-w800-h800"",""https://lh3.googleusercontent.com/place-photos/AG9NLjAhe3Mi3Ce2OTN3Hi7E1Yy1cU-Bg7BXdC4WQYYa0GA39gxSwVMqCYIlSxya3XhNw0lQ_Enpa4las1fV0DFAOyBc2j-S1_EMYd389K4iY03j1I8sm0hd_XqsXd4jN_xzE6Xymetr_LAoxO6a2y9TnB9Bng=s4800-w800-h800""}","https://maps.google.com/?cid=6296675929808620264&g_mp=CiVnb29nbGUubWFwcy5wbGFjZXMudjEuUGxhY2VzLkdldFBsYWNlEAIYBCAA","[[[1050,1740]],[[1050,1740]],[[1050,1740]],[[1050,1740]],[[1050,1740]],[[1050,1740]],[[1050,1740]]]"
"JK STUDIO 義法餐廳","桃園","25.0145382","121.21279089999999","{""義式料理"",""甜點/烘焙""}","$$$","4.4","青埔高評價義式料理、甜點/烘焙，Google評分4.4分、累積1355則評論。","{""義式料理"",""青埔"",""高評價""}","03-287-6660","lot","付費","{""https://lh3.googleusercontent.com/place-photos/AG9NLjBRfMuIinjUJlVFSYA6uA-mv8luWmRpS6YXFnyLQ1RJraCI7CQAETGZNW8FemQ20swXlL9h1mEn9J0uLQohy4ZVEkTBIWZmdiOP-K6QwVeyTNsvPJPCep5BVCSm70LYEeGQQzx-Ir87fV7mGwI=s4800-w800-h800"",""https://lh3.googleusercontent.com/place-photos/AG9NLjBpX0G2x4CzdKV2P6NSZS845Z7FmIsXy06qBfiakjQiYNW8Bb8_IPrfsGEyLv-LPIwvWAou34_ckD1tq2rmEOtAHHZjIiD_yZ7ZDQZCCr40MrHlMtUHA3Tnlrqb35LtsHghrerh5uJPvhc8hdGi5XrBlw=s4800-w800-h800"",""https://lh3.googleusercontent.com/place-photos/AG9NLjBrxU7vXFEEAz1iXQWZLFIdETUyJsjNUTqKFhIHs8gkHu1oqrceTjh8q_y1ZqfWvWFA1nNV1pUvMGI4E-Z_z9W5v3EfFteKG2J-Rrbkxlbi2V_nkcUK_8CQeRYoPyu-NlAtAVPpc9WWAai3VXQ=s4800-w800-h800""}","https://maps.google.com/?cid=9055734915380322762&g_mp=CiVnb29nbGUubWFwcy5wbGFjZXMudjEuUGxhY2VzLkdldFBsYWNlEAIYBCAA","[[[660,1260]],[[660,1260]],[[660,1260]],[[660,1260]],[[660,1320]],[[660,1320]],[[660,1320]]]"
"北村豆腐家 青埔大全聯店","桃園","25.0129593","121.21756579999999","{""韓式料理""}","$$","4.4","青埔高評價韓式料理，Google評分4.4分、累積381則評論。","{""韓式料理"",""青埔"",""高評價""}","03-287-2766","lot","付費","{""https://lh3.googleusercontent.com/place-photos/AG9NLjC2BrkUcjIdiSAuCkZV3p9OURWzMIJOipciyXJRBe30Wr1sBmFW4P8Hll23bDJTF7OcHNYJ-WUlJcttksLcdUA4pb88Xryuk859qS43lHqLpi5H76n7D5U5aoGTFp9vKJW11zM86bYIJGEllEz0jum1=s4800-w800-h800"",""https://lh3.googleusercontent.com/place-photos/AG9NLjBq-Fc9vRJWrOlXmncsLkQMTCCEnx0patEgZB12Wv0976f1Ytja-KVRrLBcYiDy-s4Bm4qmGgi7mzPc5vtyFj7SOKF3XC0nwe-VDgRsNX-I_rzQ9L-mLdS2f6ec_p2zN7JyI27gPFIfiSbcS05pgNkqzw=s4800-w800-h800"",""https://lh3.googleusercontent.com/place-photos/AG9NLjDmJCQw0aD9yR7BQnb-Gg_XHzDOVzWdhCobry3pqXrN0I-nX0W9AV07buOF1MwbMVc4hpzLax6hiI04saM77nkdwTGup-TUfDXFp0zJ3Ot50yQz6lLl3NPdA_1yW3VmLLEHxSQoYdqfzWiFOexy6v3Lrg=s4800-w800-h800""}","https://maps.google.com/?cid=5129435217789283625&g_mp=CiVnb29nbGUubWFwcy5wbGFjZXMudjEuUGxhY2VzLkdldFBsYWNlEAIYBCAA","[[[660,1320]],[[660,1320]],[[660,1320]],[[660,1320]],[[660,1320]],[[660,1320]],[[660,1320]]]"
"彭麻記麻辣串串火鍋青埔店","桃園","25.0040245","121.22273249999999","{""火鍋/鍋物""}","$$","4.6","青埔高評價火鍋/鍋物，Google評分4.6分、累積160則評論。","{""火鍋/鍋物"",""青埔"",""高評價""}","0909-890-861","lot","免費","{""https://lh3.googleusercontent.com/place-photos/AG9NLjBjBSDY5UiafkcG9pASgQl23aYszny6UXwe0RHK4y-etq8prHZht5CazrWCBfwUlRtXWrpEbLMx488vjZOCbjrH_yJgqi2PN6JhhYT7RTNj_oIHtpcdnTX8SYRCVd6_Mz_WSoPTcobulWGsB7M=s4800-w800-h800"",""https://lh3.googleusercontent.com/place-photos/AG9NLjC4uRKLQLQ9Nc6kh5CuP7VfFjluFgeQP218x90GKmyAHe8iw9r0W6mHbPcG9Gfu6PKgYYayz1pWS10_auo1cj00JiPLTWJCi0NPrMsoyldOZOZ_i4q_UcBLXh9t0yt8fMloTnQoHMhBbwfmvpvZHKU-bA=s4800-w800-h800"",""https://lh3.googleusercontent.com/place-photos/AG9NLjAjmbESujtj-ORgM63VkZ14PMsRf1JoicuOnNJIqjPJgqjeXpWlSUjgAFVSkbWt0OSfnoqKmv2F9FYQViIc1XScizEPhEhXkuZ4DKT7nOgLELsH2r4y0jW9z4edf06YLEs_akvTQzh1DIBtIA=s4800-w800-h800""}","https://maps.google.com/?cid=17045975501574552370&g_mp=CiVnb29nbGUubWFwcy5wbGFjZXMudjEuUGxhY2VzLkdldFBsYWNlEAIYBCAA","[[[1020,1440]],[],[[1020,1440]],[[1020,1440]],[[1020,1440]],[[1020,1440]],[[1020,1440]]]"
"花。韓食","桃園","24.964491","121.22626600000001","{""韓式料理""}","$$","4.9","中壢高評價韓式料理，Google評分4.9分、累積578則評論。","{""韓式料理"",""中壢"",""高評價""}","0927-356-153","lot","付費","{""https://lh3.googleusercontent.com/place-photos/AG9NLjDTkzmsKKCgMl09C2N9W5i2DS6rCUMzQsd33bMH4eADMV6pvxmzhUYqDFcXMQqp2cuTiG88Y5osQkx6fqMew2tAEduy_AQJL7B2efmhPGNP10ZqA_7Y3YKgPpydhhZTykEIORqJKtpkpeAkdw=s4800-w800-h800"",""https://lh3.googleusercontent.com/place-photos/AG9NLjBSZe_Zbfb5rYU3ByXa0w8ONFZ50y64-cuoBSJENKaNMwjWDBnWll6417czZoOkUq3CHlu6RmdIJlUbF8Dai_ZyOWI6C94BICj3EkueDZZtg2j3jKtXioRd8hbAu6sgRJFabZymQpZrA18aAeY=s4800-w800-h800"",""https://lh3.googleusercontent.com/place-photos/AG9NLjAAj9GCqab0mi6i73JZUoeltFmW7XldbzbhCdtoquNkEVzS2ENeCCCm3vdoOfpA-9IaLqiBv4WQnTdRpIh66b1uLM5PF5UKm5Qv8TeDxFah3EdEEtCob5ZWgXCEncDG7yzBZMPo06zPBnMidRSbSnApeA=s4800-w800-h800""}","https://maps.google.com/?cid=13519726212807721726&g_mp=CiVnb29nbGUubWFwcy5wbGFjZXMudjEuUGxhY2VzLkdldFBsYWNlEAIYBCAA","[[],[],[[720,1260]],[[720,1260]],[[720,1260]],[[720,1260]],[[720,1260]]]"
"串燒小棧-中壢燒烤美食宵夜小吃","桃園","24.9672633","121.2312444","{""日式料理""}","$$","4.8","中壢高評價日式料理，Google評分4.8分、累積3179則評論。","{""日式料理"",""中壢"",""高評價""}","0936-336-499","unknown","","{""https://lh3.googleusercontent.com/place-photos/AG9NLjDOzdtFTJDNOV3RFUeJlQ0ijcRJ4M23FushxYyYJFOmSRWnFvLgYnIvpQnDdBLHZH53BFaJ-sN_Gm4c2DA18akVhNDIXfcsfEq8w8QEOQ4In9d5ho15n0hidhLIhhVTFG1VZGgMYxMq7Ni28lU=s4800-w800-h800"",""https://lh3.googleusercontent.com/place-photos/AG9NLjBnnhdEVid4Vq9Ur47NgCQFhG_7oCclj16nJQ34AfSz0HcvQHIEsgdbixGSJ_F2FN01ASV46OM1m1NRaTAeAfsvjXfmyzXMDYVTOCAsMJwxcGltMVnD31Y13ydLCKER2ALftSBBru-eo0ch_reItJ_w=s4800-w800-h800"",""https://lh3.googleusercontent.com/place-photos/AG9NLjDBDgrHqUD5yr4GtPGwLv5wqiv0CUtQj1g2H5U8uvbFnpjjk_5YLfAyenjldlVUv7e-wcrxxJEdG5n6YI5mPmNkKzeoR-U3ZWCF8zpii1hxqQEcTj-RNtxp3narGS7dIjYuwUyI9G6vmsUiGB8NVfaU4w=s4800-w800-h800""}","https://maps.google.com/?cid=1977414961795373950&g_mp=CiVnb29nbGUubWFwcy5wbGFjZXMudjEuUGxhY2VzLkdldFBsYWNlEAIYBCAA","[[[1020,1500]],[[1020,1500]],[[1020,1500]],[[1020,1500]],[[1020,1500]],[[1020,1500]],[[1020,1500]]]"
"米炭火燒肉小酒館","桃園","24.9602376","121.2228459","{""燒烤"",""日式料理""}","$$","4.8","中壢高評價燒烤、日式料理，Google評分4.8分、累積1983則評論。","{""燒烤"",""中壢"",""高評價""}","03-425-0088","lot","付費","{""https://lh3.googleusercontent.com/place-photos/AG9NLjDVypRyRJWeYbmwSXShQgmJlLqOmz5JrteX7EEK48daWJ99oO8Wdc8sUP5AR6n62_rl0IFtBiGMGpLSJBPKtAaJfXOxlFZHOzOoxbbJmPv9jfrFAIuzIYSWLZQ0SaM9JpmCgQGUMSWuV1lQIPA=s4800-w800-h800"",""https://lh3.googleusercontent.com/place-photos/AG9NLjDfxeYukGiS9Dtogw0j2c7TuMuNY0QQPWVF9HSjOIQcbSEyy194dfvv3ncm6UeN8vW6QKUXOkAZvYgrjwSJfoDd3_wf70LiJHgxekDr7xXwrRTVcK20-y0fLI2MDqLkIC6IblFEwU_A4X6Ttehb8P-6Kg=s4800-w800-h800"",""https://lh3.googleusercontent.com/place-photos/AG9NLjATyz8aZbSeoXB5upVxPZulVHyb5Prk5Ze5QA3pNH7W0v2n9uitIVnikQZoxO1WWUUezAsurMn4u-t8Z6eYb4W8CrF451s0cAsNv5e_D3A5RQNosVl64YlDoGrWYQa7wSWS6HcmPXBhGCyi=s4800-w800-h800""}","https://maps.google.com/?cid=15966548883356928039&g_mp=CiVnb29nbGUubWFwcy5wbGFjZXMudjEuUGxhY2VzLkdldFBsYWNlEAIYBCAA","[[[1050,1440]],[[1050,1440]],[[1050,1440]],[[1050,1440]],[[1050,1440]],[[1050,1440]],[[1050,1440]]]"
"夜葉食堂中壢店","桃園","24.955408499999997","121.22043350000001","{""熱炒/居酒屋"",""日式料理""}","$$","4.9","中壢高評價熱炒/居酒屋、日式料理，Google評分4.9分、累積1800則評論。","{""熱炒/居酒屋"",""中壢"",""高評價""}","03-425-7159","lot","付費","{""https://lh3.googleusercontent.com/place-photos/AG9NLjDXg6yVYzFf3OiESnf9xRWBcYpza3a1fI1jKZCl5VyqoXEUH3jD1bmmA6uIadbq9jvF6wNQxIz_i6PrdKA07SdfGJOdnVlpvvlCFDg_5lIsUQtIxGQs0Re30LRtYj1T-dvU3gWGlKjY6PAJmWaawjEnOg=s4800-w800-h800"",""https://lh3.googleusercontent.com/place-photos/AG9NLjD3EAsZ2mw_AspkNvQg0_RN1gJAwph1q07pmI_mLU-jOEf-zvtd8JlDWHEz-wanYfnbmu4U4RzW0R2dSoDSBybeUTKua9UZ_SeibwAZGgX2RXj-qaTtcGYqpcEm-efQW0DyC2pyhVYJGYtK9ypH_e1B=s4800-w800-h800"",""https://lh3.googleusercontent.com/place-photos/AG9NLjDcABUlYbYeb1KZ_JFZBHC2c7ZGP0excy2IC3ikqsBPaGDESvkgXH1fVDf1pEAdaUgn3Yvr0N-S01qYbKZ2dntvZLNZvqR-m-QQCgR73Dcttqv7Vx3gZjVfvnf1bkOOvpKOncwheLTCywromL-jlsYA=s4800-w800-h800""}","https://maps.google.com/?cid=7068285810459600317&g_mp=CiVnb29nbGUubWFwcy5wbGFjZXMudjEuUGxhY2VzLkdldFBsYWNlEAIYBCAA","[[[1080,1500]],[[1080,1500]],[[1080,1500]],[[1080,1500]],[[1080,1500]],[[1080,1500]],[[1080,1500]]]"
"涮金鍋 和風涮涮鍋 中壢青埔店","桃園","25.0016768","121.2039331","{""火鍋/鍋物""}","$$","4.6","青埔高評價火鍋/鍋物，Google評分4.6分、累積1302則評論。","{""火鍋/鍋物"",""青埔"",""高評價""}","03-287-8567","unknown","","{""https://lh3.googleusercontent.com/place-photos/AG9NLjDAiXmzHhlyvAFmSC43s6OdxdtQTRTIFCN101MC2NnmJFv6eJU3KEyy_Dssq0ldh6Cmn8Dy2nh1F5SdHTa3SvafnTfWCbrV4GGckj7D1UL7oIkeP3xmh5uusgBELWlT3yKtvbKkp9jUK0OH8zjHX0Lu=s4800-w800-h800"",""https://lh3.googleusercontent.com/place-photos/AG9NLjDhLbjRnOyMGyLh90LF1rJ28SaFm8rSlVi4_oxhD2gXYUw_uhv9HhhdPFSYWZixHdYjZiH6Yj47-mdTevnI78sBO76uxv_VasI7JdgGOl-oz4YL8kRb3EFcWUi6ZZIeFevlROwWQh_z8axbIDSotobA=s4800-w800-h800"",""https://lh3.googleusercontent.com/place-photos/AG9NLjC7_VikKhmG2yX9STfZOXFLFpNAsi9u6U2-moeSWYqQYbSIP8O_wgKyAOs05GANb6BhrI5qrGlDsreRynovKUpDYUQCsGxFEsLdW26eToWYwOvzaWtW7ul5QWzZPlOwBHngonJN5Ird-QS4VmHYg0qVnw=s4800-w800-h800""}","https://maps.google.com/?cid=16841863597959477807&g_mp=CiVnb29nbGUubWFwcy5wbGFjZXMudjEuUGxhY2VzLkdldFBsYWNlEAIYBCAA","[[[660,1380]],[[660,1380]],[[660,1380]],[[660,1380]],[[660,1440]],[[660,1440]],[[660,1380]]]"
"CU 部隊鍋","桃園","24.956768","121.2400741","{""韓式料理"",""燒烤""}","$$","4.8","中壢高評價韓式料理、燒烤，Google評分4.8分、累積2483則評論。","{""韓式料理"",""中壢"",""高評價""}","03-466-3800","lot","付費","{""https://lh3.googleusercontent.com/place-photos/AG9NLjDHxUkxNY92PQVA6lzQJ5kSDAD1oND5fJKnLBNOOmbnTbb5H-2VB2cGe2jaJ5UihEHxc2C5rObbkfvvHpNDWNRj_OYCMuG_5KG74l0Hg86Ab0BoCQIttW-dDwCXbtbnt-3Cn-IMhHCfifZZ1w8a-uNt7w=s4800-w800-h800"",""https://lh3.googleusercontent.com/place-photos/AG9NLjDqU3vkHU9rBMh1xt-kNHMW-FszyroOiyRLOTvx3ZjH3qn5KwtrU78lGM_gNXuRBbKN1d_dX_4K6w5CpLLmI6tf80L4ywhmT6zudJScDnH7RTjspbR-G_7eFULbhZUVGvo63GZQJaGpeSXkCWd-mjs45A=s4800-w800-h800"",""https://lh3.googleusercontent.com/place-photos/AG9NLjD-VvXiz435HWQ0zrpH_9KbsVhI5N2xC72UtI1H3fO9lfou2TXRkKFvS0DWbHmfSK_WYzM2Jt-DnV9p-2CKfpoLMQEEJXU-ofD87-bdJc5neT_2yOAZ2WqCjIgYoi67rAh1UR9l_VdLBVqqCB0ZqIA_=s4800-w800-h800""}","https://maps.google.com/?cid=6422129512250430901&g_mp=CiVnb29nbGUubWFwcy5wbGFjZXMudjEuUGxhY2VzLkdldFBsYWNlEAIYBCAA","[[[690,900],[1050,1290]],[[690,900],[1050,1290]],[[690,900],[1050,1290]],[[690,900],[1050,1290]],[[690,900],[1050,1290]],[[690,900],[1050,1290]],[[690,900],[1050,1290]]]"
"Mr.May義式百匯 中壢店","桃園","24.9569537","121.2476081","{""義式料理""}","$$","4.5","中壢高評價義式料理，Google評分4.5分、累積8439則評論。","{""義式料理"",""中壢"",""高評價""}","03-462-2790","lot","免費","{""https://lh3.googleusercontent.com/place-photos/AG9NLjA7qdzh7nqIcV81VYkyo9xm3gXj5A9wjc_T81DYu58jd6BPj8G-5XLWHLqpRDX-jvw5wnB3goM0chN9JpL3OyogCW-hJ37zczMjBTliQFaCR37P9-9g1vMrIZG37kS4Xf5gNfhY0aGu2YX3TUU=s4800-w800-h800"",""https://lh3.googleusercontent.com/place-photos/AG9NLjBlxX2IGRGrSAbzppMhKT5o8AMGHDf8hgyfjosqK5SXZn9GZvtPK5KR3BbjH8uFBS6vQPvy9RgpkqVS--aihYxIQz6A3s9lpV24MTc5cO5At44CX09yowRZxXAERJ_Lysgidxf_wOpkXSswbzRaBcDEQQ=s4800-w800-h800"",""https://lh3.googleusercontent.com/place-photos/AG9NLjBv-sd34oVJLmgI-wL6BTegFfEaWEQY4eYXsGCbgZwvt_BmUSxKSGaFFlXPC4hkm_YqP2ZPnC157vJpcX4ROfj31lpucaI1urNBjkacH3G7NzoHhdxjwlDLXVvyYMYgh9DPWFarQecsqT2R0ufre3Su0A=s4800-w800-h800""}","https://maps.google.com/?cid=4756490830089316426&g_mp=CiVnb29nbGUubWFwcy5wbGFjZXMudjEuUGxhY2VzLkdldFBsYWNlEAIYBCAA","[[[660,900],[1020,1320]],[[660,900],[1020,1320]],[[660,900],[1020,1320]],[[660,900],[1020,1320]],[[660,900],[1020,1320]],[[660,1320]],[[660,1320]]]"
"赤麵廠 レッドラーメン -中壢店","桃園","24.9571852","121.22238259999999","{""日式料理""}","$$","4.8","中壢高評價日式料理，Google評分4.8分、累積3363則評論。","{""日式料理"",""中壢"",""高評價""}","03-426-2299","unknown","","{""https://lh3.googleusercontent.com/place-photos/AG9NLjBWygilC25Q3vU43bOsLKGA5jQrFlOarrBjQik1OIPymFGWRMOmAW6jPNNRq5qom_QFIZQiBtivQyEwqJ3ww_KYxJQKQ92VYjvgI0WGXKzo67E1dpfF1R1QBthBsIy3-HFxdfR6GGkKGsgo3qY=s4800-w800-h800"",""https://lh3.googleusercontent.com/place-photos/AG9NLjDh5UaPtFJWelFFH-ZtPsg394xGxUuOpWAoT79NWFPcNnh2_5M03mlnvsFdSJm4RBjvPoEg1i9XqSjeAFJwuax_GnRD9UftMheYknbEY64NUV33BpasomXHveaJ7XwIFU1fHdC3yf-wmaeaX1I=s4800-w800-h720"",""https://lh3.googleusercontent.com/place-photos/AG9NLjCgPRqXdZxTktZ86zHUaPaLy6-8TCpcjoVdnuPmUFNLRrc0lb-ZOf4eZ0PwvY1Rm1SDP8KTrGRHjNTK5KTOq2UUg1XD84EIxcQrKVYPMz6Q4D8Ngn--Wt_3vT1OxooeyaLXH4-GHxCaHCx-ZyOKQDFq=s4800-w800-h800""}","https://maps.google.com/?cid=15288633346779278120&g_mp=CiVnb29nbGUubWFwcy5wbGFjZXMudjEuUGxhY2VzLkdldFBsYWNlEAIYBCAA","[[[1050,1560]],[[1050,1560]],[[1050,1560]],[[1050,1560]],[[1050,1560]],[[1050,1560]],[[1050,1560]]]"
"超品軒餐館","桃園","24.967906900000003","121.2318194","{""麵食/小吃""}","$$","5","中壢高評價麵食/小吃，Google評分5分、累積443則評論。","{""麵食/小吃"",""中壢"",""高評價""}","03-462-2981","lot","付費","{""https://lh3.googleusercontent.com/place-photos/AG9NLjC_Ag5sv5QkzoDqMvF1yTBZ0kyE3LdwEybBFlMggrvj2WVoPgDHS2jgRpnjNuztPlMKuquBKpaT51hAQNwSshpEdifpExwYbneH7Bf0PdhyhvdQBzySbfHBkOzQ0zrtq6SUHp1s1Mo28Eoktsg=s4800-w800-h800"",""https://lh3.googleusercontent.com/place-photos/AG9NLjDSV8K7IPO_TH9Gktpl5x0FVr-rBN1OPioBn33yshaMVN9GhbQCpXJi5nPZUl-K2Ia8hECOEKDCVHoX0_TnozGObXL4RkOyS71RmDuvSDQhSNmDCbTk6W7G92OuCjGJsIS64xHLyydZaOooGTk=s4800-w730-h487"",""https://lh3.googleusercontent.com/place-photos/AG9NLjAn1C8B0QkQ4dqfIonmxBifJJfc1XnrzMkeueyW_srM3QdYhXqUjxi0U0ye3mS7xOAeoTFwH7pYToBiPns57NzomdK4iFUS5ynZ8xcWKp9M4WxfeB3Nzdm48DhWl9hC_XbvQCHIitxFBoiLdRQhyWQ2ig=s4800-w800-h800""}","https://maps.google.com/?cid=749565742040869947&g_mp=CiVnb29nbGUubWFwcy5wbGFjZXMudjEuUGxhY2VzLkdldFBsYWNlEAIYBCAA","[[[660,1200]],[[660,1200]],[[660,1200]],[[660,1200]],[[660,1200]],[[660,1200]],[]]"
"帕朵拉義式餐廳 青埔環球A19店","桃園","25.0019989","121.20246470000001","{""義式料理""}","$$","4.4","青埔高評價義式料理，Google評分4.4分、累積1035則評論。","{""義式料理"",""青埔"",""高評價""}","03-287-6385","lot","免費","{""https://lh3.googleusercontent.com/place-photos/AG9NLjA5HBtjQ4LDvoTk4M7F0zBp9XTUhYmCj54jTV3IVRCI8wkZ2_DPGGj1CJioNqMmOczJcfQrQhEIUSley5OdxW7uzggasDBLwfsb1SIXnrozF14eVTzXkXO1J_9qpvSAasNoGE9kjL9R3q694A=s4800-w800-h800"",""https://lh3.googleusercontent.com/place-photos/AG9NLjCXGQYgVKnZ3flN3IN2oXDdLtSRBMG0YwHjATGcq-a8Tv-HUiSnJAUba1-8rw3B7E4LVZjIEB-VfKA4-pPudstXiQdOjRLCfUQUUJ03OuMc_pXexqSLeukblOYquEU2d2zxRXh_sQYHSQRA=s4800-w800-h800"",""https://lh3.googleusercontent.com/place-photos/AG9NLjDODgDaAqslTC0_GyHa47uTWBDEvVk9An8jLfOmCwUwLUDBwt28xHEYMKUzlHY8CrXFkJHSleF_yUiDp-1x8k1i1o_EH0E61uEmzjeoG22yE7vJZdink1dLcjyvxw81nEVzB4DQU7TDVrt6M_CeRDwXLg=s4800-w800-h800""}","https://maps.google.com/?cid=2687757639460394048&g_mp=CiVnb29nbGUubWFwcy5wbGFjZXMudjEuUGxhY2VzLkdldFBsYWNlEAIYBCAA","[[[660,1230]],[[660,1230]],[[660,1230]],[[660,1230]],[[660,1230]],[[660,1230]],[[660,1230]]]"
"謀魚蝦也蠔-青埔漁場","桃園","25.0186316","121.22241779999999","{""麵食/小吃""}","$$","4.9","青埔高評價麵食/小吃，Google評分4.9分、累積111則評論。","{""麵食/小吃"",""青埔"",""高評價""}","03-287-5818","unknown","","{""https://lh3.googleusercontent.com/place-photos/AG9NLjCf17wY22XMVUAm2tQCjQeN7lpvStXMI5Gx2tn4jP_xKVgKhSMjT8WD7kDkhYg0neUv9ZyROwK_V0sZv9KqFBMJUNRaNu3fEuOYCdcegiG56FyG_UwININ6RxdYpdWXxDqxwf3oldxXtUFH-miTxi6t=s4800-w800-h800"",""https://lh3.googleusercontent.com/place-photos/AG9NLjDVZQRLnCnC-snCFvmfZU33Ma9fK5RORUHBheUxv_OFgHLia3S8R1_dslR-Isl8CS2_Fe4scnGYElXV4Rt8kJEN1huNjcpIgWwVlZw0u7UlyqjVVt4pWeBBmrow2pFeLHKgH-InbhDLCiBy519ghYmi7w=s4800-w800-h800"",""https://lh3.googleusercontent.com/place-photos/AG9NLjBXBprA2CKZxMxb9MqhuFl7U92Dz3o2tK7NCca_pFvs_aFj-EmHc_j29ctJc5GNeCcmTfPFJJ2Ta9sTxbi3_FK9TWUC0aZd_djd7NbNKZOlecwBA0BGfL4P8lXKq_vk04An9CbZepg2X59hJ-Mp4B60=s4800-w800-h800""}","https://maps.google.com/?cid=15872305150180518417&g_mp=CiVnb29nbGUubWFwcy5wbGFjZXMudjEuUGxhY2VzLkdldFBsYWNlEAIYBCAA","[[],[[1020,1500]],[[1020,1500]],[[1020,1500]],[[1020,1500]],[[660,1500]],[[660,1500]]]"
"東街日本料理 青埔店","桃園","25.007394299999998","121.21994219999999","{""日式料理""}","$$","4.4","青埔高評價日式料理，Google評分4.4分、累積1505則評論。","{""日式料理"",""青埔"",""高評價""}","03-287-7915","lot","免費","{""https://lh3.googleusercontent.com/place-photos/AG9NLjB_vOoNB8-e8ZkACkvCsIixYXAhYLz3BuSy80tZ-tfQvIGNZ8EPGydgwxRZmIaI3R7QdqDnkiLSGtxWlbWcAas1itqg6UxxILVs4vgVSe6e0BldVs7TpMK1QWrp__C9FBrbLYlRrlgomgWdvojwe7nTVg=s4800-w800-h800"",""https://lh3.googleusercontent.com/place-photos/AG9NLjCakoO-PO7QLtoiHDqWd81uRZGF14nMBZkE8iF1bHDIaZ6WAf2p-_Hu5O9NQvmovwQeDIK9DKeUksiF011hG8fn3slZFc15AdB9sdKE0KNE_Cf1qjD_3MuxyUwG8rb1scestsHVW78CUNIEVIPBpyL04A=s4800-w800-h800"",""https://lh3.googleusercontent.com/place-photos/AG9NLjAB4ZljranhoOBOHmDcTNwcFEIz5qnlzGSTqCGYyvjepfPuVqyphqwn-XMxQT_JpsoEqHD-QgxgaWJkVDP93PvxhO1c_wnU6pkk1i2fnP3EEBGHM49Uv1lBok7v3gi2CHTB3dGwn3_tbN9VWrBIXo2-=s4800-w800-h800""}","https://maps.google.com/?cid=2200604384679697938&g_mp=CiVnb29nbGUubWFwcy5wbGFjZXMudjEuUGxhY2VzLkdldFBsYWNlEAIYBCAA","[[[660,840],[1020,1260]],[[660,840],[1020,1260]],[[660,840],[1020,1260]],[[660,840],[1020,1260]],[[660,840],[1020,1260]],[[660,840],[1020,1260]],[[660,840],[1020,1260]]]"
"好想你重慶蓋碗火鍋","桃園","24.9589689","121.2225154","{""火鍋/鍋物""}","$$","4.7","中壢高評價火鍋/鍋物，Google評分4.7分、累積1122則評論。","{""火鍋/鍋物"",""中壢"",""高評價""}","03-426-5005","lot","付費","{""https://lh3.googleusercontent.com/place-photos/AG9NLjDwjoLaMkJ5HcdKPGX_lLI7I9mbQrhDpFTEWbiOpQjn96GgkwfWPcB5cVjYE9f1tD_eYGlvM8QnR1HRpOFMu2CuMQ9rYU2KJ_8Stq6n9_FhmnOUJkbV1tbg370EFEV2agr0v8QOOE5Lhyu4Vb1rUh547A=s4800-w800-h800"",""https://lh3.googleusercontent.com/place-photos/AG9NLjDZNBeNUbKoC9vcn36K3W8XtUqZA-fMkloB0nwdapljtfEOUVkrjwVeOVUAfYmHZD_WRHgAV7rbkUnnPPLrpy1CpqQUFC62Rnc6KEFcyFRIbbVGpSUZV_9oFTgRLI_uLodpTl7_xSXuQBCMV66qgHGC=s4800-w800-h800"",""https://lh3.googleusercontent.com/place-photos/AG9NLjCQQvPVT3C2h-YeQWgvcLJN4Rf8Y_XvEvAmWo4L6VL9IsFD5cWMM4SHN897q1CjMj2s8Awi1rhlxbMskR2QiNT4AqsS3w1e2GpS8txuTQ1l729hNQyft7whw7glhPSFoIp3mzZjUemTd8DeYQ=s4800-w800-h720""}","https://maps.google.com/?cid=10729618597630368710&g_mp=CiVnb29nbGUubWFwcy5wbGFjZXMudjEuUGxhY2VzLkdldFBsYWNlEAIYBCAA","[[[1020,1440]],[[1020,1440]],[[1020,1440]],[],[[1020,1440]],[[1020,1440]],[[1020,1440]]]"
"THE WORKS COFFEE","桃園","25.0164388","121.2202629","{""咖啡廳""}","$$","4.8","青埔高評價咖啡廳，Google評分4.8分、累積96則評論。","{""咖啡廳"",""青埔"",""高評價""}","","unknown","","{""https://lh3.googleusercontent.com/place-photos/AG9NLjCKpkKMtSQveqpqlzfn_iA4aOtruezsSPidGJAhqVOYTtrIWN92wXgY7dbNeeJsOfKGqjQhMqTvLgZbieChkyitWhcHI7yVFsIlgXOnoUvzLdET-F-cmzYEW-BM4n9YtoXusIfkxuH2mO9efnjfTU4iKw=s4800-w800-h800"",""https://lh3.googleusercontent.com/place-photos/AG9NLjAQyTug9ThAMKPL-SPHCP2OjZ6d-ymKjwJpKMo_C_TKU0wavkn881YoIn64AVJ30f3e9ML-pi-tB9DUElJRl3LSdz31WxnHyJ15zckegJSeP94xNbsrxjsV9skvItei18KCs5vPdrXfvxcOu75t-tau=s4800-w800-h800"",""https://lh3.googleusercontent.com/place-photos/AG9NLjBU1HusS9BSq0YsuVI8KIBfmCOrNHPV3dSne72E4QNf_r5I7M2YlFl2jQ2eLm4AQWF1VCIEn83vEMwG-Cv5rsN4bnTYgeUsbEsgAhGvW-cRc4R3YIPAz78F4UqFt7y_csHqm4rWPL3heZ1NdqHM-5DYQg=s4800-w800-h800""}","https://maps.google.com/?cid=1489480928511193645&g_mp=CiVnb29nbGUubWFwcy5wbGFjZXMudjEuUGxhY2VzLkdldFBsYWNlEAIYBCAA","[[[480,1080]],[],[[480,1080]],[[480,1080]],[[480,1080]],[[480,1080]],[[480,1080]]]"
"早方法（青埔店）","桃園","25.0148515","121.2182029","{""義式料理"",""早午餐""}","$$","4.6","青埔高評價義式料理、早午餐，Google評分4.6分、累積1091則評論。","{""義式料理"",""青埔"",""高評價""}","03-287-3626","lot","付費","{""https://lh3.googleusercontent.com/place-photos/AG9NLjDlU5Z-DIoE8GXfXc0JrqCtB-pXHO3MX640OIyJ_XL7VEarM6zZ-gOA-ZcK-Lrtiy_-u4llcnSPXgbHFbeiIBb_oJqZqufPYJOnuC1MQS-YeCUw-HM71ypFCRLiCVe-Ty-FXB7SDX33NfIXxv4=s4800-w800-h800"",""https://lh3.googleusercontent.com/place-photos/AG9NLjC2B46dNf2DKhZylfIt2u2-gc6Ietw_x6buab1aiAyEbI_OmYz3KS5tFLb4jFE-kfIcJpgtNBktEjZ6i4SPfwjAPVEiTXw2GA9b_n3lx4k34hD2BqnEVHsDIt5UEjZ6wyLUjPrcKkBfv75OstA=s4800-w800-h800"",""https://lh3.googleusercontent.com/place-photos/AG9NLjBUCF3VbSZbv-XrepA8gw7BrKq1fphSCvvGRMCk2XWtbm3__RfjbBEyVe2mp2BQBb5Ma4YGUrGB1Jj0z3U8TIYORO-t7aNWkmym0tE43UFkou4J7N8SS1bKjbOyZJ62cCuE6JMmBokv0r2SwgT-GkyS=s4800-w800-h800""}","https://maps.google.com/?cid=5834603479754953648&g_mp=CiVnb29nbGUubWFwcy5wbGFjZXMudjEuUGxhY2VzLkdldFBsYWNlEAIYBCAA","[[[660,1230]],[[660,1230]],[[660,1230]],[[660,1230]],[[660,1230]],[[630,1230]],[[630,1230]]]"
"老吳商行 青埔店","桃園","25.0177742","121.21277909999999","{""火鍋/鍋物"",""日式料理""}","$$","4.4","青埔高評價火鍋/鍋物、日式料理，Google評分4.4分、累積809則評論。","{""火鍋/鍋物"",""青埔"",""高評價""}","03-287-7151","lot","付費","{""https://lh3.googleusercontent.com/place-photos/AG9NLjCoiMHFYI7_jtdeQimLCkpRFbKEH6XR5chOylVXDenwNx8ThsBWAgHSY_asRu5aCkHHlaNsqFrLECb_BrNzGpMZnjeDamImWbnJf7pB6fKEFthH60lKeI7QSra-uYlRKy8q9aMVFZZxHQvs3C0geSdX=s4800-w800-h800"",""https://lh3.googleusercontent.com/place-photos/AG9NLjA4R0Z1VwqHH0gcqMAlwaXq1o8XtVvxZg1oPHzytk8C6lJfDahJ0vD8PiMEpRUYNHTwGQI2cC0dNl5S8LrXo4A87ZSrTh0UR1dewEuuP3se4K0wb90l3TWaJpcUNei9PZiHRtJ1_HWMIl34j0Q28C1TaA=s4800-w382-h510"",""https://lh3.googleusercontent.com/place-photos/AG9NLjA0TP3lRyTLc502wJ3uQKAIL0xEewRitHO5tB7DhuoSraLCKPRqCf_G6uNkv6psR3roj-wEJTtFJrEOhRrC6ZFtTE_W8B8WGjgpPP8u2Dv0RDNNBmmYRyeDZkux3VVLg3Yk8xQzO37E3O_JWkRQkeNIUQ=s4800-w800-h800""}","https://maps.google.com/?cid=12259490505560845631&g_mp=CiVnb29nbGUubWFwcy5wbGFjZXMudjEuUGxhY2VzLkdldFBsYWNlEAIYBCAA","[[[690,900],[1020,1320]],[[690,900],[1020,1320]],[[690,900],[1020,1320]],[[690,900],[1020,1320]],[[690,900],[1020,1320]],[[690,1320]],[[690,1320]]]"
"中壢洞天 粵式煲湯獨享鍋","桃園","24.9626406","121.2228956","{""火鍋/鍋物""}","$$","4.8","中壢高評價火鍋/鍋物，Google評分4.8分、累積922則評論。","{""火鍋/鍋物"",""中壢"",""高評價""}","0955-161-936","lot","付費","{""https://lh3.googleusercontent.com/place-photos/AG9NLjAKRsePOAeyBFcjh0-BVAZKGfR7aqZ_ZoqH4gnqjNi72oyiXxhoG07m_8glrkf7iUvNjwKuyxNXPgjGf0NagwYSuH1qe5waJUWqD_XJ4V6tyyNwfNIDtzCAN8RdKpbf6m4rWRz382-p6QzyWAX0mFSj=s4800-w800-h800"",""https://lh3.googleusercontent.com/place-photos/AG9NLjCDIgPhRRm4H4DrftJSechPtOHfOWjEBlHduv3JQdtOqlWGStvLKMVX35Ps73c1fBco_DMF_YbfmQbrDg_rlsaWm3DVlr2pVFhZUXFNP1_Rd_dKgT41L8CjjAX3OKvMsFdVc7zBouJpJgUGbw=s4800-w750-h800"",""https://lh3.googleusercontent.com/place-photos/AG9NLjCeH7Zwb09K_-mug06CQQt7RaGbcWlYAUPqVk1_CEwUz5LX0ZkjqhfkBznwbOFic-4txrHT32yclCLC-rA_WPzqq593BNTQVcZz7-wsB8RrJwMWx6e4SH5olCZbeLNqkgX0k865TyeR3kKp0QAAbCNIYA=s4800-w800-h800""}","https://maps.google.com/?cid=10995139411464047729&g_mp=CiVnb29nbGUubWFwcy5wbGFjZXMudjEuUGxhY2VzLkdldFBsYWNlEAIYBCAA","[[[720,1500]],[[720,1500]],[[720,1500]],[[720,1500]],[[720,1500]],[[720,1500]],[[720,1500]]]"
"禪燒肉","桃園","24.958580599999998","121.22304519999999","{""酒吧/Bar""}","$$","4.8","中壢高評價酒吧/Bar，Google評分4.8分、累積3649則評論。","{""酒吧/Bar"",""中壢"",""高評價""}","03-425-0965","lot","免費","{""https://lh3.googleusercontent.com/place-photos/AG9NLjA748xFmBboWf4eEe_Yb3SXSUr3GwR5Ck959OfnqOV7BS_aJDrtqA_7YLZmDtaa2xgdLAuFLW89ob4cPxgXMn1KlA5_c28moXxc_wemFCaMB7BHi3f7V41ZLmp41FdX29kkknHxf8mGMFh4iww=s4800-w800-h800"",""https://lh3.googleusercontent.com/place-photos/AG9NLjBCMIT4xsNAAxyLpYYs0_sYsYP94Zl82lTuUpmD2VkayWi3XaXmp6A1HQFOAO_dXXCizZ17pEQ7w7u52cvj2i5lp8Px4iSw3prZLs5oYmSczMi7Q4CSEodAnRGnxFIg7uJm5BlaH3kFqpJ4Og=s4800-w640-h800"",""https://lh3.googleusercontent.com/place-photos/AG9NLjCuGPuNnaqz3DHMvowW_Hi3mYqcAu3YuKM4ULvZtmm8-qe66_7t20susCWhw1b1_21uRyt3iVEyyUGbfaLAAzjW_opfZUDKMhWDdK5S3f0E26q4G99h-rQnbW6ACpGocmt_Vyu5VdLzvmuO842X-P0fVg=s4800-w800-h800""}","https://maps.google.com/?cid=14460491176001326448&g_mp=CiVnb29nbGUubWFwcy5wbGFjZXMudjEuUGxhY2VzLkdldFBsYWNlEAIYBCAA","[[[1020,1440]],[],[[1020,1440]],[[1020,1440]],[[1020,1440]],[[720,1440]],[[720,1440]]]"
"HWC 黑沃咖啡 Cafe 桃園青埔店","桃園","25.018348399999997","121.22201419999999","{""咖啡廳""}","$","4.9","青埔高評價咖啡廳，Google評分4.9分、累積68則評論。","{""咖啡廳"",""青埔"",""高評價""}","03-287-2662","lot","付費","{""https://lh3.googleusercontent.com/place-photos/AG9NLjD7xJ80dLzAuQehq-Gejppiw86Vo-CMnBPTAQ-zB0rTqoHtG4inkD6DWlXrDAWCYEOeWLRsdqpOymG79UXYrLg1-OU07ioepn9uabNYeYTf197QiJ2NEz8dVkVhQKR99JAONwsuRp6TiGxvig=s4800-w800-h800"",""https://lh3.googleusercontent.com/place-photos/AG9NLjC8tt4yM52jADIPG0lgvj4zXvkRfUr-MSDJ1zw5XS-AGaez-VhndVRaXCD8hNapqpakELZJ5ud5s_pnqf_Zi6nJQTVYImJIWdJchh9nSNLM9WTNHEYwaeq6a2EITWQWRmMLqyuxbHjJ6DYSRbxVJyTr5A=s4800-w800-h800"",""https://lh3.googleusercontent.com/place-photos/AG9NLjCSN0rynNRnOdXMW0WN27XMZ2HL_pOYSOp-JU1neoxGDCPmuGILqHItOtozZa4ahvAQHjf1dUz_oP37Z5Ku7s0z84XiiKfso1D8vM_CWBgCTZaWQ9iWweZtP-70Yg1yfQQurtLvW6lPfzAN-g=s4800-w800-h800""}","https://maps.google.com/?cid=8879593736519124910&g_mp=CiVnb29nbGUubWFwcy5wbGFjZXMudjEuUGxhY2VzLkdldFBsYWNlEAIYBCAA","[[],[[480,1020]],[[480,1020]],[[480,1020]],[[480,1020]],[[600,1080]],[[600,1080]]]"
"PAPAFUN趴趴樂","桃園","24.956686800000004","121.23996799999999","{""義式料理""}","$$","4.8","中壢高評價義式料理，Google評分4.8分、累積1444則評論。","{""義式料理"",""中壢"",""高評價""}","03-416-3971","unknown","","{""https://lh3.googleusercontent.com/place-photos/AG9NLjCBdCMXK6okSbrvgViIncV-kAlHnOOuF24pEeiEq6xsd_9qDTGeX-ePQLmtjV3yT2kh-Injf31ZppTpWxQ-tYTaWIpYGxlDat1ZROQGV5oYsXCl0k8swaefAxwKI1w_-CybC-_g5xqQ-t9MrBQ=s4800-w800-h800"",""https://lh3.googleusercontent.com/place-photos/AG9NLjDAouLX3PMuhwHoBIt389WKYbqc0nC9D7sKHMyf1DrKOFRAF7Gm57C2_1xrKM4rpJpOKsj9KCRePmT8UPDPWOamwEi_sf4tF6MJsMht_25KEBgeD1jLENXF30YByZvyP08CQsnAl0gkI5AwGJKSlnzCXg=s4800-w800-h800"",""https://lh3.googleusercontent.com/place-photos/AG9NLjAp_TmDbeK1SKBtnoNv8oPLec1dsU2hVhPGW1pGXgPp-3BDsO3-lZy0wRZhJbuHcFrEaND1SiEfXqMzBIVC6fnWTd93zKknkye44U3EU7Rt7LFYolHNb0UoJ1TM0N71-De9Pay3jmQHDldGNQ=s4800-w800-h695""}","https://maps.google.com/?cid=12746617075454622880&g_mp=CiVnb29nbGUubWFwcy5wbGFjZXMudjEuUGxhY2VzLkdldFBsYWNlEAIYBCAA","[[[660,1260]],[[660,1260]],[[660,1260]],[[660,1260]],[[660,1260]],[[660,1260]],[[660,1260]]]"
"好咖 Thai","桃園","24.9558882","121.2361068","{""甜點/烘焙"",""泰式料理""}","$$","4.5","中壢高評價甜點/烘焙、泰式料理，Google評分4.5分、累積6775則評論。","{""甜點/烘焙"",""中壢"",""高評價""}","03-436-2188","lot","付費","{""https://lh3.googleusercontent.com/place-photos/AG9NLjCcRMriSqCKO6_os7UOM6_j_9l3X8PG1TggcPe6OiEcHwy3dFyiSMTqYNwEtDC4Hxx21RmGn0bzEFgmt-Y0-XIRx1-EPdqBLHbS5QysmLVLAAPD9KuO-TtlxpStDkTforb3lT_Wgj8DNP7SDw=s4800-w800-h800"",""https://lh3.googleusercontent.com/place-photos/AG9NLjBAq8-Px_mxH1iLrML8mYoEfAk2KAbHeBbQUxVjJI4vtXLnrPbZs_XdP9wNXgtnXWHZ_i3x6o-ZsI2sJWPZAe3A4PkicypTS0tZrtDYyeMLKkGTawswPpnMrwik8zpPz6Z1V-n2pR-vpiU2KCs=s4800-w800-h720"",""https://lh3.googleusercontent.com/place-photos/AG9NLjBKlkwgQEjbF99bYyi_YdcuWXKSObc1Ov9xuA1BOo91t_T9dx03n64h0qN7DM_732gt_uWquPe_SIoSK4KPBw6zNS83lkRZK6xG_9hZD5ekiBkAsx87ytQ704Be_Sd3B3pfp8UDFZwWjCnLQYuCYIrHxg=s4800-w800-h800""}","https://maps.google.com/?cid=18294253459103566672&g_mp=CiVnb29nbGUubWFwcy5wbGFjZXMudjEuUGxhY2VzLkdldFBsYWNlEAIYBCAA","[[[720,900],[1020,1230]],[[720,900],[1020,1230]],[[720,900],[1020,1230]],[[720,900],[1020,1230]],[[720,900],[1020,1230]],[[720,1230]],[[720,1230]]]"
"Puzzle coffee","桃園","25.007814699999997","121.2133911","{""咖啡廳""}","$$","4.7","青埔高評價咖啡廳，Google評分4.7分、累積538則評論。","{""咖啡廳"",""青埔"",""高評價""}","03-287-3963","lot","付費","{""https://lh3.googleusercontent.com/place-photos/AG9NLjAaWOMZ9TNkBAecMZqhmLOt7n6HEEKqBovn4-K6dbGzsvdQtKMuShr8Zqx0AfEaD2UrmNvYka73jH7W5k2vKNGTfNzyWmqca30jeJJvhvcxNvvxz-rC6azZn9_WXRuQGKwsVtJva3oRaBNThw=s4800-w800-h800"",""https://lh3.googleusercontent.com/place-photos/AG9NLjBxoYIafkD_K6HYIGBxphuNU-LY-bpTCYoFtmUDjm-hTRqaharu_OVJ9e3Nu0OMPW0zK9WPfFFAkn-_IFc3wC5V8JIqhYvgdbxk6jENCIVNE6XCVuI22U0bMkRFDQCj03xvuK-TBW0SwVNOWA=s4800-w800-h800"",""https://lh3.googleusercontent.com/place-photos/AG9NLjCdJok0RMhenTtPTD6zwsb6sdSB-b0RB2NldjSQ5-Fu1GmUZZLS3nrrw2Z_eGYgjlz4BF0c-W66selIMH2cntZRiHV34GYmwpGK-3HkUEBeTXgYpV3bn-ObhDbgoUTqblaVNRfPqcw6L4yYiEqyyC8Mig=s4800-w800-h800""}","https://maps.google.com/?cid=17366545814903155618&g_mp=CiVnb29nbGUubWFwcy5wbGFjZXMudjEuUGxhY2VzLkdldFBsYWNlEAIYBCAA","[[[430,1050]],[[430,1050]],[],[[430,1050]],[[430,1050]],[[540,1050]],[[540,1050]]]"
"日食物語","桃園","25.0198522","121.2240559","{""日式料理""}","$$","4.6","青埔高評價日式料理，Google評分4.6分、累積106則評論。","{""日式料理"",""青埔"",""高評價""}","0916-168-953","lot","付費","{""https://lh3.googleusercontent.com/place-photos/AG9NLjBa7wxApr20gn3hwE9UeuLzfYchBP9pxTvLKZqmsAmMp_pgTofTc6WZ-YySSm4lO4nKAiRbye1-AI3YfnSAqZEbitNQ0H1pgqe7FMXdxXjPz2wTBzosvkhClKQYodc10h_k9m1NKHYGClqrtJ738ane2A=s4800-w800-h800"",""https://lh3.googleusercontent.com/place-photos/AG9NLjBLnw2WifaGjlh-j2Im1SY0hz37p_R_6_hBNnxVf_fxwlU6CGnG4Zenxouo_rEHfrWk1udpZTb0kdjV9JvuFIfUhBGEm3TNdrWFf2YQgwyeW3lokh0Qo5imVnWNLlheE3_s-_CNdrryt3lXPA_pGKeggQ=s4800-w800-h800"",""https://lh3.googleusercontent.com/place-photos/AG9NLjB6rw916YcdV6yrbxaev9SXy4xmSGF6qIHUBKTMZYj_Hjknp8A54KFjaSHIXYd6VRX2gYo6YlkUnaLlhTd4Wngmz_uAsCn1dSF2WhuWQYB6aVZd4DhWKAjTItQ3QorKx7Dmq70tS4pyEwKwDtGIlrsE7w=s4800-w800-h800""}","https://maps.google.com/?cid=5267707840876810276&g_mp=CiVnb29nbGUubWFwcy5wbGFjZXMudjEuUGxhY2VzLkdldFBsYWNlEAIYBCAA","[[],[[1020,1260]],[[1020,1260]],[[660,840],[1020,1260]],[[660,840],[1020,1230]],[[660,840],[1020,1260]],[[660,840],[1020,1260]]]"
"石乘拾石頭火鍋","桃園","24.952780699999998","121.22857679999998","{""火鍋/鍋物""}","$$","4.9","中壢高評價火鍋/鍋物，Google評分4.9分、累積488則評論。","{""火鍋/鍋物"",""中壢"",""高評價""}","03-459-1222","lot","付費","{""https://lh3.googleusercontent.com/place-photos/AG9NLjCov3q1Q7m85bWIG7htGeWcUUWPEALPSWZAJ8H0swHNn17wOkFJTYxP-AoXCzcL0P-8qOmJexJLFGUjTzxVSWYk5_Wawo6qVBfCc2i_1fAkDQoqL2J_ZOFmoCq4t_PTXnCmubvlT6IwvNwAjA=s4800-w800-h800"",""https://lh3.googleusercontent.com/place-photos/AG9NLjC7hAqBKYLPQEvAGd0erxKF5btxBW7VSMg8-cs_ZGjNL-jb_E9BCY6wY-NceRFGG7l9vTKFhq2AulhTE-CWQxHaePq5R4p4zlQP2cMpmoj9UqfEHp5xNCC1wQSzoL8cUe-8SPKAYN0WyUmW=s4800-w800-h800"",""https://lh3.googleusercontent.com/place-photos/AG9NLjDNNxkoC69zESUq8aMQaooK-lARtFgxd-OsPAb0YDCxYLeCMMrImm-sOWyEY_K7BvZAWT0fDmE5MyFlS9gDnjTSvzxt1tXplREhpsshgsak2cv_T3c4xCC3mv0qOFA6a1Uh5FeL88ezG79h_NuMdDhV8w=s4800-w800-h800""}","https://maps.google.com/?cid=11933791863104192552&g_mp=CiVnb29nbGUubWFwcy5wbGFjZXMudjEuUGxhY2VzLkdldFBsYWNlEAIYBCAA","[[[1020,1380]],[],[[1020,1380]],[[1020,1380]],[[1020,1380]],[[720,840],[1020,1380]],[[720,840],[1020,1380]]]"
"幹麻？豚骨麻辣燙","桃園","24.957832999999997","121.22273499999999","{""麵食/小吃""}","$$","4.6","中壢高評價麵食/小吃，Google評分4.6分、累積2660則評論。","{""麵食/小吃"",""中壢"",""高評價""}","03-426-6355","lot","免費","{""https://lh3.googleusercontent.com/place-photos/AG9NLjBXuKdhmpiYvkyc_AYJF5D4WTZp9S1AcRtOH147dGpSHxsFFrzPnW1PI5mXRYYZk0usrp6dFRyEx8Ak_0EpW7tIxZmkCAjmWAg2ysIWqOLPBv4ZeEnzARyJ2hapTRyXghpvf4Yvb6TL6Tqkyg=s4800-w800-h800"",""https://lh3.googleusercontent.com/place-photos/AG9NLjDJPqCfSNDN9wJ_GQzeUZFDQy6x30K8ogxLpY85QYxD6txI_0gzGxE05x7ECxHT8NMkp04JRBrNlNWSzgj9K0ko25r-wKGf2Ds2UQ6gzVIa1sn0NvHDWkzPBz4jvUk2MEoPVml9z8pJ34b27g9NAgSOGQ=s4800-w800-h800"",""https://lh3.googleusercontent.com/place-photos/AG9NLjDgHqCnmtfTRxxv9lEXT3Qdia7o4unSsFf3_HDAw4-v1sHu_6wregEznGsU4sSFhE_2bH72eFGF6v98xJAodjuccLt8sMR87R_c-TM1lxPDOJMrtBugE4UOnZjs2-C3UniZftEzmSHuThY94Z82ado8Ag=s4800-w800-h800""}","https://maps.google.com/?cid=13710340183275222573&g_mp=CiVnb29nbGUubWFwcy5wbGFjZXMudjEuUGxhY2VzLkdldFBsYWNlEAIYBCAA","[[[840,1560]],[[840,1560]],[[840,1560]],[[840,1560]],[[840,1560]],[[840,1560]],[[840,1560]]]"
"漁師 小料理","桃園","24.961867599999998","121.22587709999999","{""日式料理""}","$$","4.8","中壢高評價日式料理，Google評分4.8分、累積1572則評論。","{""日式料理"",""中壢"",""高評價""}","03-280-6123","lot","付費","{""https://lh3.googleusercontent.com/place-photos/AG9NLjA91L5OOStByUCroD28prhH18ld2dC7R2DQI-36Ym3dLAYIcAgKDr29TB68H4b0YFFvwRQVpWsoPn2fWAAvfZpzArHLn3H0u_RpHnAEI6tuNk3RV57QwfnQcqM6kkneKDd3vYvHZPHnvvx4rRtbz3ahvA=s4800-w800-h800"",""https://lh3.googleusercontent.com/place-photos/AG9NLjBgfr54GJVyuZq24wvRNIilVBfTHlzQo_Xcypr2UNPE1iNdowqi8wrWMkagVSSqk6oZs4dIGA_2QMUxr3FZcDqaSEtKNpECGLCzB7bKAQ0i0bRFhfAX9Kpj-aEC1dyb0oHAkoYF64no-5g0zg=s4800-w800-h800"",""https://lh3.googleusercontent.com/place-photos/AG9NLjDMinMQBwfZDM4m7s0PXcAOzs7n12L_gfDiQPwsgLZL2dkQoRvQ9Hmgz2H8bP3fMuqaS-Nef_cdb7V1wlHE3bu0apvEZTi3FXmBvG3BmIrfnbNp2OSbLacJ9yxjuYjOLG-XiL2l_S9RvWtNJk9zoOvkMA=s4800-w800-h800""}","https://maps.google.com/?cid=8486959252135060912&g_mp=CiVnb29nbGUubWFwcy5wbGFjZXMudjEuUGxhY2VzLkdldFBsYWNlEAIYBCAA","[[[660,840],[990,1290]],[[660,840],[990,1290]],[[660,840],[990,1290]],[[660,840],[990,1290]],[[660,840],[990,1290]],[[660,840],[990,1290]],[[660,840],[990,1290]]]"
"艾薇越式饗味館（竹北店）","竹北","24.8310212","121.0122462","{""越式料理""}","$$","4.7","竹北高評價越式料理，Google評分4.7分、累積160則評論。","{""越式料理"",""竹北"",""高評價""}","03-558-9686","unknown","","{""https://lh3.googleusercontent.com/place-photos/AG9NLjDCX8MggKtTMVrTJ5AjUKTsKZkg8pr5ODcz9i9LpIKNLPB_d7SlCN6UL3wonXkj6dezz5Hra2bClCMlc_NFpaVMzcTKxh7ONsf2A92tTJieJSpwE69NnFHwxKU9n0H1eKeRv8LDTOn1rL6mUzuULi1_=s4800-w800-h800"",""https://lh3.googleusercontent.com/place-photos/AG9NLjA36PIXiabYl334FARd3J07dU2hY5xyP0tZg3GTF4NsqzcUS-yHa_Z5walrvu9gqSF1TzdJoqOtpcEOQi_ZJUT24EiL9gMevD3Oda1La1zNg1Mo8OLa_QuoP862wEHGz6EP0f-8gvez522BoptD-DgErg=s4800-w800-h800"",""https://lh3.googleusercontent.com/place-photos/AG9NLjBAxZzdRt6ZyUqq2sERBIpzaR5JpflsUJgAsio9EWzMrjkpS785G97aQjwi1kTL32diJE_6464bCmO1GXCyKslLxv7CQGR9vSuWiQUXXLtC-_crhZCujFvPMxvYV0myytKXwtCU7snmTB7SJS994S-cFQ=s4800-w800-h800""}","https://maps.google.com/?cid=17174996452276408497&g_mp=CiVnb29nbGUubWFwcy5wbGFjZXMudjEuUGxhY2VzLkdldFBsYWNlEAIYBCAA","[[],[[660,870],[1020,1320]],[[660,870],[1020,1320]],[[660,870],[1020,1320]],[[660,1440]],[[660,1440]],[[660,1440]]]"
"CUON 春花卷","桃園","24.957075","121.2223508","{""越式料理""}","$$","4.8","中壢高評價越式料理，Google評分4.8分、累積441則評論。","{""越式料理"",""中壢"",""高評價""}","03-422-7733","lot","付費","{""https://lh3.googleusercontent.com/place-photos/AG9NLjBI9Lc4kM7ESzTiKz1R4UuQbf8VaQBztmpm3SaffriOYyKNwiVv86Osq8QMi92m2dzw9xHxO0NYItO0Zh-Id1uCxmvs_jFijwf_mScoEtNb88CZ-vuENaKEwMOUU4F2knoQLyuC2FbdUDqFE1h76ejjBw=s4800-w800-h800"",""https://lh3.googleusercontent.com/place-photos/AG9NLjCh7VOlxKNrnJCteiN_Y8LtR_BFyhOV9Cnj2R9f3MtHM1x7S9tTIlv3l00Gz0wWgQIdw7JCY2K4590Rbf3_eQ-hn8cSl-QgZV03mNuE6Sg_k5nRLBJGsyg2WRf15BYBELe64CY2364xrU3y79ywAiatRw=s4800-w800-h800"",""https://lh3.googleusercontent.com/place-photos/AG9NLjCiTAfEjOnC9EXF2WgBlm5LINtEAWoCO-DK3INUvkp_QNLT8AKuqbttLw05rQlR6AMPfSc9Ej80hA4PxO9pArkMw_x3yaVTPwBTxaBb7CT17_I7WbuAomvdN-vVVth6eM-TE6kxgzmJAQkXT_dKZYeH1g=s4800-w800-h800""}","https://maps.google.com/?cid=9307818548303028996&g_mp=CiVnb29nbGUubWFwcy5wbGFjZXMudjEuUGxhY2VzLkdldFBsYWNlEAIYBCAA","[[[660,900],[990,1290]],[],[[660,900],[990,1290]],[[660,900],[990,1290]],[[660,900],[990,1290]],[[660,1290]],[[660,1290]]]"
"紅瓦越式碳烤","桃園","24.9547216","121.22620429999999","{""越式料理""}","$$","4.7","中壢高評價越式料理，Google評分4.7分、累積4926則評論。","{""越式料理"",""中壢"",""高評價""}","0905-951-956","lot","付費","{""https://lh3.googleusercontent.com/place-photos/AG9NLjBlRn60yi5FJD9F9v6JD4W0xVg_qxEJUJvuLcvmkXOiqYocgyMJYATUNSLlmwlz8U0u7vKFlh58sRsdwNlxlPMMym69G5w6WPqf0QGGOLrIgNIaU3yeU0tNrogPzxtKoOGKiUtJsRxfoxhc=s4800-w750-h558"",""https://lh3.googleusercontent.com/place-photos/AG9NLjC_r0axfthca47IMQ_-Yj4GSj5e6mIvLecNU_TjRVQQSl91pfkyG0fz_3_L1_geIVTp_HF5TwFDdJci-9hC5Z02Gv1P7j7vInSwcYCOaiwVFnUSOCTtZDBwnhXB8S8HVox_o0Xv9kEqS77RZlI=s4800-w800-h800"",""https://lh3.googleusercontent.com/place-photos/AG9NLjCmWOevsVbPlHknXs3C1HVguwfVoJoaZ6srmpafm_oqSPQNvaWHWvmRIU1W4nUaoONa5W-spoHI1MfFFuI7w1s6NigIwGtLv9XbGio4RaN3WCiTLVYc62D6mkGzta8I7z6-JChx4VpOv1bMXGyaQoLOcQ=s4800-w800-h800""}","https://maps.google.com/?cid=3593567046907558602&g_mp=CiVnb29nbGUubWFwcy5wbGFjZXMudjEuUGxhY2VzLkdldFBsYWNlEAIYBCAA","[[[660,1380]],[[660,1380]],[[660,1380]],[[660,1380]],[[660,1380]],[[660,1380]],[[660,1380]]]"
"明昌越式餐館","新竹市","24.7988327","120.98604420000001","{""越式料理""}","$$","4.4","新竹市高評價越式料理，Google評分4.4分、累積2620則評論。","{""越式料理"",""新竹市"",""高評價""}","03-516-6046","street","免費","{""https://lh3.googleusercontent.com/place-photos/AG9NLjCIjqWuNjcJUMx31qQvkaS-pnNwoT1ADqMauywLbYbYdnqTFiHg1wdSxdOQqid5SulgSiz7ykBCrMPC1ozV1ZvpdvJHJxWwB0nuZop2Vo9bqoGI2BoqTxCYJytni4Wxp01OLbnRYLdiWdhyIQ=s4800-w800-h680"",""https://lh3.googleusercontent.com/place-photos/AG9NLjCPIH6o8B_XKDHScJH65TaqdwSrmHvBEpaFjdsDzM6Lg2EGSyMj9TKTvUuaovQrhhdldAYhDV54w9LHD12no6Ut83pVL_N7AH0TedHznt3n3OqfWt4tvR4UhmJ-K-NVE9mq8TgDcQXMZKcCErpUh77Ruw=s4800-w800-h800"",""https://lh3.googleusercontent.com/place-photos/AG9NLjBpCaDpRUqDSfFLzgUux-7Mr0-zFH3nNLHwaMH6OP__d1n-bI1G-AJnJKUivXX0tEP_HCBXLmX_kvTHhQAI1R8MdiE5Ilyqm19tHgkhPIaPNhA0pObQraLCIdthGrCL2RfJIaNJShiPGKgogZk=s4800-w800-h800""}","https://maps.google.com/?cid=4835164867236155729&g_mp=CiVnb29nbGUubWFwcy5wbGFjZXMudjEuUGxhY2VzLkdldFBsYWNlEAIYBCAA","[[[660,1200]],[[660,1200]],[[660,1200]],[[660,1200]],[[660,1200]],[[660,1200]],[[660,1200]]]"
"好來牛肉河粉","新竹市","24.7992398","120.99067000000001","{""越式料理""}","$","4.7","新竹市高評價越式料理，Google評分4.7分、累積330則評論。","{""越式料理"",""新竹市"",""高評價""}","0981-488-657","lot","付費","{""https://lh3.googleusercontent.com/place-photos/AG9NLjDRL4-MJIkPGN6Q4YKAoCX1rIHfu-1urWPC9bhQZBUsNdo91ZIND4i48y4lc7-e468K_qvb4nm_zsr1_gNogBt293oNuad4KpeMhHCKmWUARsBmC2uKFImPiL5jrwVIFvyVYkex7Lf1bgV-=s4800-w800-h800"",""https://lh3.googleusercontent.com/place-photos/AG9NLjBuS0EwSzzHGiuyS6NqvfnAQnU3bT-x8p-T8Gd8HE8n7lcp7fqa3-xh4whQ4xJnNLzOqKYYUVY7cGeCAdPM1Qd0JWYVlioDAA6gHiS5nClQ9AvqS-TQ-kTr_2WoNWDugmKfxyhzwrkfGlSv=s4800-w800-h800"",""https://lh3.googleusercontent.com/place-photos/AG9NLjDhLq0gBTsWDpmQPq9zJLrmTTUmpXFzHIPbLM6K1TsXkuUlp9hqWUILp6CnsYtZAnpgsHDu4RR9kOr4z72w_w8ZpUN-KjZcCWVfCWXKzv_X3t3B1woRefC3bqJvsFESTDTkWS5UQek-n-uXhaBJkQTBvg=s4800-w800-h800""}","https://maps.google.com/?cid=9351158792229671209&g_mp=CiVnb29nbGUubWFwcy5wbGFjZXMudjEuUGxhY2VzLkdldFBsYWNlEAIYBCAA","[[[660,870],[1020,1170]],[[660,870],[1020,1170]],[[660,870],[1020,1170]],[[660,870],[1020,1170]],[[660,870],[1020,1170]],[[660,870]],[]]"
"滿月食堂","桃園","24.960999","121.22285149999998","{""越式料理""}","$$","4.7","中壢高評價越式料理，Google評分4.7分、累積1393則評論。","{""越式料理"",""中壢"",""高評價""}","0989-929-559","lot","付費","{""https://lh3.googleusercontent.com/place-photos/AG9NLjAHGT_To77XegShmAIZB6Q9oprvUThL5lqsLm4yi-XD7pXOeozzaZwHy-QYTI9yYNGgzLtUf4eXGfGTtf80m0XOfXYAV_ZTBshlfOgR83van6CrYBF-WW6__tCaDR7On3MDkiL8NYvNLb97Y5xuy9M9Ug=s4800-w800-h800"",""https://lh3.googleusercontent.com/place-photos/AG9NLjAFDwSyZ2qhFfNH3Wzibvw2fVur5l9p_LTG5EiT9OB-LyDCoQvrKv9yEIW_VyebhpiOqBBXUhftDas93waX4_0LFkO4sjlwQcPXiBXsp8gdaFzD_d5cTpzSC758BQAWUZPHVE5jpyR3qdnRYc07DhWO=s4800-w800-h800"",""https://lh3.googleusercontent.com/place-photos/AG9NLjCj04MyW5k5XTob9jCdgT1ZAD0YvEqRkUhvVDU6fJ1-tNdbmAupoFlHJaAnD1NaD14nepRWVX3s47aODr3r9GA6weddmwCryImDP7wkO42eXGUsacJr_8Y9rsxnEYHanMDhpQzEHw2za35DjrT-ix7wUg=s4800-w800-h800""}","https://maps.google.com/?cid=12738413886423772362&g_mp=CiVnb29nbGUubWFwcy5wbGFjZXMudjEuUGxhY2VzLkdldFBsYWNlEAIYBCAA","[[[600,1380]],[[600,1380]],[[600,1380]],[[600,1380]],[[600,1380]],[[600,1380]],[[600,1380]]]"
"艾薇越式河粉","新竹市","24.7906139","121.01433999999999","{""越式料理""}","$$","4.6","新竹市高評價越式料理，Google評分4.6分、累積1285則評論。","{""越式料理"",""新竹市"",""高評價""}","03-577-0088","lot","付費","{""https://lh3.googleusercontent.com/place-photos/AG9NLjDY6LRYO6q1aVOvM46Prh1CgscVFYNuP3fKsHDhlt5-cT6GXzgEzeUEZqot390LI4rjUp2oYBj5c7lzr-QIg7snMwKliEjOpcdwnQbPm8LGttm_UR7RVha1oJdN6KjHcBHB-V4X-pjQdpmfmiQ_SXX8rQ=s4800-w800-h800"",""https://lh3.googleusercontent.com/place-photos/AG9NLjDAV3EeE0t5uxkMLQS5MTxV4KbkmkdT8w7our1HCzmeClGaQaZvq7_BoB52NDzAswc6CA_6QyKOUKJDtjWDG0B73rMH63gWmdNzOEagmWbJ0dHxkBqpqpe1WNvdil9HaZyKGGiWwrIW9cYjb3yqXuYN=s4800-w800-h800"",""https://lh3.googleusercontent.com/place-photos/AG9NLjBJnEhDpMAaLUEe27A046rNXmSgyKJZFJ4o1S3FnPC-wQG2qolmQTq-0LIe3H3svmo2MdqGyaXtFmrFkJCggYXm4GRdlAisZ4jUXlOhLEW0GuL3_Y96HigzW7VVRaTCOZ4pvTuSddpBCJTGArDKa5Kblg=s4800-w800-h800""}","https://maps.google.com/?cid=9545202494296159640&g_mp=CiVnb29nbGUubWFwcy5wbGFjZXMudjEuUGxhY2VzLkdldFBsYWNlEAIYBCAA","[[],[[660,870],[1020,1320]],[[660,870],[1020,1320]],[[660,870],[1020,1320]],[[660,870],[1020,1320]],[[660,870],[1020,1320]],[[660,870],[1020,1320]]]"
"小舍河粉 竹北","竹北","24.820151000000003","121.0233106","{""越式料理""}","$$","4.3","竹北高評價越式料理，Google評分4.3分、累積1657則評論。","{""越式料理"",""竹北"",""高評價""}","03-550-9708","lot","付費","{""https://lh3.googleusercontent.com/place-photos/AG9NLjDPrOZ63ibwUtbPoMZO17y5eDrIOQR0pOn0gvZbkgB9VUkAgO2TaMQmsp5L5Qy7OwG7nPbhjEFAV1PEMYuHM7744S7iJ9lpTXltrLNiM2oY8AJqmzDkgbY69s2TaafZbQARe_ruIbb9NwBA52s=s4800-w800-h800"",""https://lh3.googleusercontent.com/place-photos/AG9NLjDA3poawnIGV5BWn_b5Cg4QtxX8ncvDB6JsxHIwLze5SWw3veXTPDOtJhS61EyLs2vBOZ6x2ZgqMph7Cro6dznH3tJTf3rw6N567QQQtBc5GrnNSgFoXewAvIzTqqeb8J2GTMPeUbVlpFxuFQ=s4800-w800-h800"",""https://lh3.googleusercontent.com/place-photos/AG9NLjCDzinPRZ-Pro25k34zK7izmfg14vGrou09l8tMvLI-K3huD-Mmw-ECDvNEQGj3ZapL9nG4CUNsthTQoxIF9QN0tTbq32n4IR_dGuWTYhnQi1rMOwS1oJRqTrjwBUZY2Z-SWcKzcrl80jkA4FeIffYVuw=s4800-w800-h800""}","https://maps.google.com/?cid=11328692956262093876&g_mp=CiVnb29nbGUubWFwcy5wbGFjZXMudjEuUGxhY2VzLkdldFBsYWNlEAIYBCAA","[[],[[690,840],[1020,1210]],[[690,840],[1020,1210]],[[690,840],[1020,1210]],[[690,840],[1020,1210]],[[690,840],[1020,1210]],[[690,840],[1020,1210]]]"
"越啡 越南美食","桃園","25.0126919","121.2038308","{""越式料理""}","$$","4","青埔高評價越式料理，Google評分4分、累積1278則評論。","{""越式料理"",""青埔"",""高評價""}","03-287-2202","lot","免費","{""https://lh3.googleusercontent.com/place-photos/AG9NLjBzrmeYjWMFH1rtgbrjJmUuB-qlQoyOQ8kMsb0ObvvJKDMKidP6SsTdBgQBwcRfmJSTNcvl5j4VRKjbmqQq1a5SpDXtkvj_ZlHb3ztQ8djP368TyOkXDMO8ihistBiMDEXhGTJJntnU9U5JQQ=s4800-w800-h473"",""https://lh3.googleusercontent.com/place-photos/AG9NLjD7uubXXPAmNk9-dQsJU-OKnJyii4u--tX09_X9qdMZDBPVjg9potdiWeeBYQzh-ogrrhCA0ajfiIGSZYNLSzczettQnb8_-Su0hxidlGjOebYd9sww-TJImusYBOZoXDaxc50vb1fgh6-prIg=s4800-w800-h800"",""https://lh3.googleusercontent.com/place-photos/AG9NLjBwyhvaVQlEhAG1OVA_3F2i0fml_Ac20ikChR3fUFLw8TgvKDwsXvN-RxMF-Z0d7Q7-p5uVNyVeJ45vcbu5Dz1Zy5a7m0pBO0vzthAcQZLFYeZsiAYTOZARFY0PmCBMlL3yIjKnnRBxbmRiYUiHsRKMmA=s4800-w800-h800""}","https://maps.google.com/?cid=15195836597348420335&g_mp=CiVnb29nbGUubWFwcy5wbGFjZXMudjEuUGxhY2VzLkdldFBsYWNlEAIYBCAA","[[],[[660,1200]],[[660,1200]],[[660,1200]],[[660,1200]],[[660,1200]],[[660,1200]]]"
"CaCa越南料理（新竹東門店）","新竹市","24.804102","120.97130419999999","{""越式料理""}","$","4.2","新竹市高評價越式料理，Google評分4.2分、累積434則評論。","{""越式料理"",""新竹市"",""高評價""}","03-522-0250","lot","付費","{""https://lh3.googleusercontent.com/place-photos/AG9NLjDD8rBCm83VmHIgFP3KADxEdnn-Wff_Kb03R7OCrQ_35Oknffn8WbK6-_vqXVRbruznUw2VnqmkxwPMKb231AUiNzD8nSWSCXxvHkgw4bHynlgDbbKj9KwkwIuo0IZFRvIgJdQflFqxP5XJhw=s4800-w800-h800"",""https://lh3.googleusercontent.com/place-photos/AG9NLjB5_o2_WxtUadrYB7jqjuZLlZeCy4y0HY8qpsdYH46n8u-cUfA37Tn2V8Ft_5r6LR0COdz89JqYDc8iTXUqFdwrOKmOUcXLUZqgIeYR9KNv8uBIs0NTV6LgDlydVHwf6sj1DBqm6PX8AwUCyVSLowDO=s4800-w800-h800"",""https://lh3.googleusercontent.com/place-photos/AG9NLjDJ1Vgynk5CqcIuPIQG4SugYa9fEpxHLBLsEqj43cwQergBd_xUI-ZZ1FfIDI5ZuHcdzwcZbfIdj12z4eDPCPiriw4lM2O3rKIhe-DBOzm5xPnEFDOcG3eNFAtfwtp_Pm8Hi0C9Nh4uNzE3VNI=s4800-w624-h352""}","https://maps.google.com/?cid=10567291459994886974&g_mp=CiVnb29nbGUubWFwcy5wbGFjZXMudjEuUGxhY2VzLkdldFBsYWNlEAIYBCAA","[[[570,1290]],[[570,1290]],[[570,1290]],[[570,1290]],[[570,1290]],[[570,1290]],[[570,1290]]]"
"中壢觀光夜市","桃園","24.9599913","121.21516270000001","{""夜市""}","$","4.3","中壢人氣夜市，攤商雲集、小吃選擇多元，Google評分4.3分、累積47094則評論。","{""夜市"",""中壢"",""觀光人氣""}","03-494-8816","lot","免費","{""https://lh3.googleusercontent.com/place-photos/AG9NLjCVN9M6139aQi3MQXqVdp8FpY4e3APERGz0poPl3p3QqJutL5cdQ78GntQW8vOsgtGkG_9XthSWXF86mvCAFx74S4SVDISYzwipYnDR5Y6nk8HPHGE-sA0Y7yPQEav7RODSpSzZ7Ku76eGYlm0=s4800-w800-h800"",""https://lh3.googleusercontent.com/place-photos/AG9NLjAjSm0xsLxRtWz-7qC-Z5tXLE2p_umeyDkNNgS7Ys2w7xcjmdd6Eg0d_keY49u42OLqcYLzwww5h_UM4oMfkFuP7qVdqTJOQRj-qqX5R1ZUTS8zRxv7dYY9TyVxdvqJEajikKxKAeG1spnWmw=s4800-w800-h800"",""https://lh3.googleusercontent.com/place-photos/AG9NLjAqCjEHwOChNBbdERTP2hqt1_Wy5bD_0wYm98-yM5J14QSKFwMnijcImurlwsFZ2YSBtJqC7ufr40RuawzuapeJ6sjAR9sfKqxD83looOQXlClSC4AM7NNosp63eRNA__EUVZq8u_cibPgN=s4800-w800-h800""}","https://maps.google.com/?cid=2198612570772041693&g_mp=CiVnb29nbGUubWFwcy5wbGFjZXMudjEuUGxhY2VzLkdldFBsYWNlEAIYBCAA","[[[1020,1440]],[[1020,1440]],[[1020,1440]],[[1020,1440]],[[1020,1440]],[[1020,1440]],[[1020,1440]]]"
"中原夜市","桃園","24.955610399999998","121.240614","{""夜市""}","$","4.2","中壢人氣夜市，攤商雲集、小吃選擇多元，Google評分4.2分、累積28086則評論。","{""夜市"",""中壢"",""大學商圈""}","03-466-8113","lot","付費","{""https://lh3.googleusercontent.com/place-photos/AG9NLjCy0nbPUhHZg7L_5-JE47oBkonJ7H7u_IAv7DTOU-71ZE-2Rb8nRwZMtkT2ZeyVoBzv7JhBBVQICGnLyG-v4eLSSw-z5pjPtaIsfClBNe7bZg38HD_pSF_j7ikCyKuodkN4Jz-x8mnEle2xk8s=s4800-w800-h800"",""https://lh3.googleusercontent.com/place-photos/AG9NLjCgyX7kXk4vgqtAaiIcjlS-2UvpPzmfES4Uvs7_NScD53b5hRpKjfOWRJaTRTqyMlt0QP-CTEVDzKTMFr3e5idtZ51mif3fjNr41vfsZr26w97YEQBU0zcpr2Ym3GVrt3_V6dNL0TO9g5xN7A=s4800-w800-h800"",""https://lh3.googleusercontent.com/place-photos/AG9NLjCRz4cuSrfeuXhm1tdq690r2GN0wZxFNJbRCnORf4UIQHJXMQsnef6FWUr-oazx2MKKTiD85MX61210EA14YnSn7-p7QuKo90udFHukX00GGoA-FJr8ca9xK5kr0Z2pW3otPIFcZ6jAyulOyFI7WkhMmg=s4800-w800-h800""}","https://maps.google.com/?cid=3089153217708067025&g_mp=CiVnb29nbGUubWFwcy5wbGFjZXMudjEuUGxhY2VzLkdldFBsYWNlEAIYBCAA","[[[960,1440]],[[960,1440]],[[960,1440]],[[960,1440]],[[960,1440]],[[960,1440]],[[960,1440]]]"
"自然本味輕食","新竹市","24.7991478","121.0049704","{""健康餐""}","$","4.9","新竹市高評價健康餐，Google評分4.9分、累積39則評論。","{""健康餐"",""新竹市"",""高評價""}","03-572-0369","unknown","","{""https://lh3.googleusercontent.com/place-photos/AG9NLjAV72YNruS5xkPcoAs-5aLfHvpA1DtZtimyoJuBscVu0sWdgOuGDUD-fnzdgUw5R7WQzsfgxhlHtMGIG4qJIoa9Udf_TXn629YaASRZBrndf27BIqCjHDFLxyxT7jKBn3XHey4FXu20nnqOAY63P5M5=s4800-w800-h800"",""https://lh3.googleusercontent.com/place-photos/AG9NLjCsh-JNYmLepWwBQhf9_6NHBe8niLdvHt26Ey_uYnsA8d-yLg83yg_Q1RRTYMwzQXRzi65R-8vA_0UuKKHOSQ39OguNxKRS3DuGUANqQUPhQqf1HDIyRZ8RXwf1DdJwqknJ4bIZL8UzFZhaQrOLLCjl=s4800-w800-h800"",""https://lh3.googleusercontent.com/place-photos/AG9NLjAng5jEzGaROCoCdLYYel27jMYXXc9cxFqS6rOdx4FEBoVNGgV5scO1_eq6WnQvMaN6R0VXVqWaDF8XLIq-8Htn8V7L6W_lwYLt9p_E-TgL30LgXZ6hfDvwOFcXkNVwMinvIVaREOO3Ec-_h9rTuKDyLw=s4800-w800-h800""}","https://maps.google.com/?cid=7815141623673232879&g_mp=CiVnb29nbGUubWFwcy5wbGFjZXMudjEuUGxhY2VzLkdldFBsYWNlEAIYBCAA","[[[630,1170]],[[630,1170]],[[630,1170]],[[630,1170]],[[630,1170]],[],[]]"
"gonnaEAT 竹北店","竹北","24.818817799999998","121.0268591","{""健康餐""}","$$","4.3","竹北高評價健康餐，Google評分4.3分、累積661則評論。","{""健康餐"",""竹北"",""高評價""}","03-658-8726","lot","付費","{""https://lh3.googleusercontent.com/place-photos/AG9NLjACL-sng6Yi_s6CAyv1lGkqap5rWyWl_YDfCwDFwuj_AmSzIJImttPN7P3Pa5dYnD560l6ZWXPspXNFNDv0sNlDprez3nUdSgXjazdS845TcY2up97MwbWzwGEgfw12BMeurEMCJv6J6sgJqw=s4800-w800-h800"",""https://lh3.googleusercontent.com/place-photos/AG9NLjCQIJ9C0eazdwIlvW1KBPk2ypOT_FtjJBCya4ybyy6Dgr0P3gBJFLKiarU80oICCkk0fTb5UhIsezCE0fRKvJ308QXvHDZa14tzDhUKwM-bh57SFc1yYSQWZVSKEefYbbScWV4klDelignbIkpiAg7NKA=s4800-w800-h800"",""https://lh3.googleusercontent.com/place-photos/AG9NLjDEq8LAPeAO6L38Wqy06fwN6NlSg7KARVLf-r1zeMUP5a4OfQSYriCt6-0Z4IpSyyYEviiBWvf7DhefiVXvr76YI6eYkhoWnakciKZaYwEiOmwJgAAgSfYFGheiLZki6SNIGvLhqytW_mH9IF74rjBi=s4800-w800-h800""}","https://maps.google.com/?cid=8170674276495196662&g_mp=CiVnb29nbGUubWFwcy5wbGFjZXMudjEuUGxhY2VzLkdldFBsYWNlEAIYBCAA","[[[660,1200]],[[660,1200]],[[660,1200]],[[660,1200]],[[660,1200]],[[660,1200]],[[660,1200]]]"
"樸食坊-手作餐廳","新竹市","24.7751807","121.0265181","{""健康餐""}","$$","5","新竹市高評價健康餐，Google評分5分、累積98則評論。","{""健康餐"",""新竹市"",""高評價""}","0905-463-751","street","付費","{""https://lh3.googleusercontent.com/place-photos/AG9NLjC1NiWIV1t5OwPKmxJRVQ6NuQPYmXZRojFeeDn66bviMJoetRTRtanOGboyjwMyvmz_h5u20zXXC8zw9thImHHxKr5il9e1MBVIdW94LNBP3f2M5k_1WHPBnHHEujMijTjGquTZzx5_Yrfq20rpkf6rBw=s4800-w800-h800"",""https://lh3.googleusercontent.com/place-photos/AG9NLjCJP-WUJNkCPxrJvAnqnhC6ptY7t_n1kKQLAsPb_inKOY42aiGhIaXMqPg-j_cDmp_vr-u28tYIh1PU9Q1Kvqcw1C8-7ImUw6_WtFT4HWaJuLSfDPUUfKuGk_yVroKQYElG36FqrEz1J-uLIVXzemkJ=s4800-w800-h800"",""https://lh3.googleusercontent.com/place-photos/AG9NLjBqMyJ8xN4ncxGikZrNYAerxk751iXKNgfVTXjc_tenMPgequv-OEv5Pajj1teBGS2R4Sk2vi-sjv1cjXNYPg4rY4xFTEqYs5kBxXyl5Ctfa5_Xb_hcH1cWHftHkj0qhJy6n21vexXlGlCvk-IyzZpL=s4800-w800-h800""}","https://maps.google.com/?cid=17341511178635633334&g_mp=CiVnb29nbGUubWFwcy5wbGFjZXMudjEuUGxhY2VzLkdldFBsYWNlEAIYBCAA","[[],[[660,840],[900,1200]],[[660,840],[900,1200]],[[660,840],[900,1200]],[[660,840],[900,1200]],[[660,840],[900,1200]],[]]"
"好好波奇","竹北","24.8333729","121.0175813","{""健康餐""}","$","4.9","竹北高評價健康餐，Google評分4.9分、累積151則評論。","{""健康餐"",""波奇碗"",""高評價""}","0979-626-271","unknown","","{""https://lh3.googleusercontent.com/place-photos/AG9NLjA4b40yhalfzDhwmzoonGz0X95WJKAfotheiKZzCCSTNLYw8MhnjBJyxGCAdasnDP0nCqkWllvNNgxjTnjSgNFinqEtkvUHZ7B-tXQNGoKqRYibS5mdPz2YPh9OIbxqo_TgDiNWiVVZ1Ee3Rg=s4800-w800-h800"",""https://lh3.googleusercontent.com/place-photos/AG9NLjDpXj25NBJFMz3YOQjB3WOVqiDFk3FkuG5DqURzyiZAXqdAGaNg1naJoeqnnL9UnnzOIz-P3_Gt709jhXht_IvPfRocupj8qbErt651LUsn4JDhIP7xLsWH9D--BklBxa3CobjwVBXAdBkT=s4800-w800-h800"",""https://lh3.googleusercontent.com/place-photos/AG9NLjDFI14f4EUJrBAcn6ETD2CJ8dTOnnm0GpSj8KPQ8K1MYXp3IfynuxjjWfRVHHLG3Yg81iMph765QrEImMCjqOmxu0xt5L0hyLtMQc8Wheh7kRhNtif2Ki3NqVRAgWB4DkYqBA6SYjFts4096Q=s4800-w800-h800""}","https://maps.google.com/?cid=10690936986403908060&g_mp=CiVnb29nbGUubWFwcy5wbGFjZXMudjEuUGxhY2VzLkdldFBsYWNlEAIYBCAA","[[[660,1170]],[[660,1170]],[[660,1170]],[[660,1170]],[[660,1170]],[],[[660,1170]]]"
"輕島 Isla Vita 精緻健康餐盒 竹北台元店","竹北","24.834575899999997","121.00766249999998","{""健康餐""}","$$","4.7","竹北高評價健康餐，Google評分4.7分、累積278則評論。","{""健康餐"",""竹北"",""高評價""}","03-612-6200","lot","付費","{""https://lh3.googleusercontent.com/place-photos/AG9NLjAvNJmjzyJMUMrfayFXZfWn77Dk1HE2_0VYX1erUGM0sB2n0684kKDfgqXdNajQ9IBAUT1bbXACCIZFE5xAQQ2HldAAVZqEmofbhIJR6MioY08CWbSPVQL6fOw7slFz4xonCalm_wd50cuTlsb4xR648g=s4800-w800-h800"",""https://lh3.googleusercontent.com/place-photos/AG9NLjBeCWapKfMHlDLBQxNWgFucHzQK7qCmfH_zBM4PGpb9rt8EbEqJumsmUjw_XHpKE5Tb5vaM7lp1KGWuD6-vrtK18BwFcBGO2KH8tKHPAmgZMk2C_yEenqg0FPrTxwLCjQXszhZgU15unqkZbHc=s4800-w800-h800"",""https://lh3.googleusercontent.com/place-photos/AG9NLjCKjeKa9kUAGWN5vRIFYWyZMDgTO_Q69d7if-KwD-OtmGA_jt1J_2eIE30MiWu2mu6chqXDsdraveX0SuGFjzDoFuMqr6sOos_y409y2AzeoYZ7YUU6MkjBXhboESlFRUcPsD9AI7fux8vPYxCABU29_A=s4800-w800-h731""}","https://maps.google.com/?cid=1804868817673434771&g_mp=CiVnb29nbGUubWFwcy5wbGFjZXMudjEuUGxhY2VzLkdldFBsYWNlEAIYBCAA","[[[615,840],[960,1170]],[[615,840],[960,1170]],[[615,840],[960,1170]],[[615,840],[960,1170]],[[615,840],[960,1170]],[[615,840],[900,1170]],[[615,840],[900,1170]]]"
"PokéPoké 波奇波奇（新竹西大店）","新竹市","24.802452799999998","120.965429","{""健康餐""}","$","4.5","新竹市高評價健康餐，Google評分4.5分、累積698則評論。","{""健康餐"",""波奇碗"",""高評價""}","03-527-7277","lot","付費","{""https://lh3.googleusercontent.com/place-photos/AG9NLjDN5gy4hNt2mD1yQgs19HWDYaUwG5F8NXpSj0rJZlQTniCqOeP-Hn2ZMHtUSal-KRe-g5b9Xt0GXUXPSPgz7ACafVAg2dAaKj7HbB5LSzCeIZsxmn2MMExunXRR4mMAKr54ieGErS6ETrKS=s4800-w800-h800"",""https://lh3.googleusercontent.com/place-photos/AG9NLjBlk_ghf-ETzat4V-UFDq0RT0QZVv-WEI2gkXADLZs2SrmWfoQI-hxB4RBB6QsI8FbQIPyTkXnzrgNlbIBlUk7zdih0kL2_HFOdKmDxyjC6bUFfN8aWDGJCcRfeSQUUtM-jlmXNUPd4DwED2Q=s4800-w720-h720"",""https://lh3.googleusercontent.com/place-photos/AG9NLjAdYEOy7w5SthUeYGe8oCRH_vfVZBw-euczPF9-FjQtKNYRgsLSAEE97kwA-HYdJCRS6VctNARvopc1650amuFiAsMv63xGnY937VQJmVZZQVdgqOFTpy3_B7hloHW02EQvINLjY08gA-LJb0kTwl6M=s4800-w800-h800""}","https://maps.google.com/?cid=10965406792212370459&g_mp=CiVnb29nbGUubWFwcy5wbGFjZXMudjEuUGxhY2VzLkdldFBsYWNlEAIYBCAA","[[[660,1230]],[[660,1230]],[[660,1230]],[[660,1230]],[[660,1230]],[[660,1230]],[[660,1230]]]"
"樂聚波奇","竹北","24.8225147","121.0274231","{""健康餐""}","$$","4.7","竹北高評價健康餐，Google評分4.7分、累積779則評論。","{""健康餐"",""波奇碗"",""高評價""}","03-657-6040","lot","付費","{""https://lh3.googleusercontent.com/place-photos/AG9NLjCdvfBB6PrMuQ0AV6mMdviVHLkW1dXirYbMRgt4si9d0itVBs665qL25Kxg2b109hXezbvq8RnyTAV6zB2WUk1IGDLNr6Zkp4s-Gmwsb7g4qbnkVlI7Zw93a573WkGqcMv7IsWmg0XM510K5Dg=s4800-w800-h800"",""https://lh3.googleusercontent.com/place-photos/AG9NLjDgo55_N1EYrLi1C24oCjpHTsADV0BZs2sK-4oWueFXFFeBZcOvRJA0ZMtu61MqW0GIOcE8pZfDnKdEzjY7CdLYPBItH1PVdv-QW2km729LWct92UcalSkY_0WfYK_WCDXC9lLwBPkHinYMrmag94TrMg=s4800-w800-h800"",""https://lh3.googleusercontent.com/place-photos/AG9NLjAH3J7XRELAFas2F6r_9RjbWdwxgWK-Rr-k3f0b19uETnkDNMBJrnG4jq87Zv7MwLRdFDmMxx4sa4DIgibqz75XEGvfzAegRJFuuczr2m0wXMwRUgrHPiJLU8b1EaBcx_jGw69_f0Kw0DVewGk=s4800-w800-h800""}","https://maps.google.com/?cid=15603789685853050899&g_mp=CiVnb29nbGUubWFwcy5wbGFjZXMudjEuUGxhY2VzLkdldFBsYWNlEAIYBCAA","[[[660,1230]],[[660,1230]],[[660,1230]],[[660,1230]],[[660,1230]],[[660,1230]],[[660,1230]]]"
"野餐，日-健康餐盒","竹北","24.8359924","121.00809840000001","{""健康餐""}","$","4.9","竹北高評價健康餐，Google評分4.9分、累積238則評論。","{""健康餐"",""竹北"",""高評價""}","0912-632-721","unknown","","{""https://lh3.googleusercontent.com/place-photos/AG9NLjChjj8e2mT152jdYyxVQ3HHqPwkb7cjBU3X3pXa-gF5mK1Z3KbDJIjFezzHqtlW5S9WJ_pfpI83MZwYrX1pFbv96y16v1PVNvKI_p6iqp9cs_YKHwxsyRm02_xPlm7-iCzBlr5x4xrtABMRfinNzXCbqw=s4800-w800-h800"",""https://lh3.googleusercontent.com/place-photos/AG9NLjAIQlKZJTCkegoOAomqTBP7-8KS1Ttxo5yPNPV3zSfUmnxsCD50RS2VcCgKn-VaNY49SdZ0qXd7yX-R0ghYX9fH93KGwr3BKnJLhydq706mAnU5GDshNwIXRka0bWo1VynnqMwEDt9qv6r4dtwfYy-r=s4800-w800-h800"",""https://lh3.googleusercontent.com/place-photos/AG9NLjC5yhbz-7UnZLz0-TFFv_7UEFiDaxZZ3_VfzvZ3qgnFhBJuB_4R637vf3S6zweRM_MagcuQROKClSH2dcr4bK2mF4xexrqpWK3fbjiLzc8W5xDG7dRtEnB8zjzmZNANhe2ePXrFlIlLK8O6273heNMv=s4800-w800-h800""}","https://maps.google.com/?cid=10578052732456204859&g_mp=CiVnb29nbGUubWFwcy5wbGFjZXMudjEuUGxhY2VzLkdldFBsYWNlEAIYBCAA","[[[660,810],[1020,1170]],[[660,810],[1020,1170]],[[660,810],[1020,1170]],[[660,810],[1020,1170]],[[660,810],[1020,1170]],[[660,810],[1020,1170]],[[660,810],[1020,1170]]]"
"彩碗 ColorBowl Poke竹北博愛店","竹北","24.8314541","121.0047893","{""健康餐""}","$","4.7","竹北高評價健康餐，Google評分4.7分、累積732則評論。","{""健康餐"",""波奇碗"",""高評價""}","03-555-2262","street","付費","{""https://lh3.googleusercontent.com/place-photos/AG9NLjBOuAl3j4L2SCOWMJgU7EWm8l5ACra98s4K4NKQVVoK_yErpI9NwpB816698hqpnrPRZ1zBKZUqr_YtBAmjHL1h9JCybj1SJaO9dEOXztr4u7GPpmVgkPe9GioWxq6ow7i96z81WPBOZwyKuNBVHiCmoA=s4800-w800-h800"",""https://lh3.googleusercontent.com/place-photos/AG9NLjD6_aVPwTzfTAC2O0Z8OMz1oC1SawqkTCW43oCN4xOIT3_ZVz6xIKfMaCH66YgCNoXL08iC_pDmUKZdJerz9rI2eUqEd3KUjU3NPIqS7olUZiHOrV_pXjy3k4Z71LgJtEb79gkYSnGLIOxYCkg=s4800-w800-h800"",""https://lh3.googleusercontent.com/place-photos/AG9NLjBtpJEzeBD0pBFV6gdxzUS41WpgDOLUjFHSGFiV9jrMmvWutvJ6cRnC2fcvEM9gsnH8EEwBHEtMIw79vU_LUhCQFB6j3IQBa6sa5nRTRTqOJnaV3KAd58BM2g3Mvx5k_wNwTQu5dDKqnSxFYVw=s4800-w800-h800""}","https://maps.google.com/?cid=7174403237874425368&g_mp=CiVnb29nbGUubWFwcy5wbGFjZXMudjEuUGxhY2VzLkdldFBsYWNlEAIYBCAA","[[[660,1200]],[[660,1200]],[[660,1200]],[[660,1200]],[[660,1200]],[[660,1200]],[[660,1200]]]"
"HOUSE KITCHEN 好事廚房","新竹市","24.7908334","121.0104654","{""健康餐""}","$$","4.4","新竹市高評價健康餐，Google評分4.4分、累積853則評論。","{""健康餐"",""新竹市"",""高評價""}","0978-205-338","lot","付費","{""https://lh3.googleusercontent.com/place-photos/AG9NLjC3GO5G4qzhnu5dMBhOh3B8Kkw3SogRG6TxePLmuMKlZTmMd46xori64Vx5uz22m20-D1j2jIoRdwOTOCsFPOFsZpy6r80WMG1erNf5c8P-YtTzyOuxNra1fCcVFeOJCOlPth3cUqySxdoTIg=s4800-w640-h480"",""https://lh3.googleusercontent.com/place-photos/AG9NLjB8sGqRSv6Z1GJTvLOiHuFtp_SRrfWAguYLg8z_TiVFvoK059J0v2GlX_tQcDlXO0apzapxGss55uF16hDSMIvi9hA4FfQ70mv1joZnmgSUYs6vAfy4Ak8odKI0SDZKo-NLpIV73xTrnptxKQ=s4800-w800-h541"",""https://lh3.googleusercontent.com/place-photos/AG9NLjCLA6NJXHR39dsDUYUVOCZ0W_etZ3RUuNGFIn1UUenXDYMjAMDuIZD2ZBEvu6W7ZBSRsNkT0UHLj7Y83GSOg2ziPdcdL_Uocf9cUZu9YSVn2DNMvBnTmOhOp_VJPGJEGYy36leVFPaoH466c4BqLARvjg=s4800-w800-h800""}","https://maps.google.com/?cid=9528116824682970732&g_mp=CiVnb29nbGUubWFwcy5wbGFjZXMudjEuUGxhY2VzLkdldFBsYWNlEAIYBCAA","[[[630,840],[990,1200]],[[630,840],[990,1200]],[[630,840],[990,1200]],[[630,840],[990,1200]],[[630,840],[990,1200]],[],[[630,840],[990,1200]]]"
"非晉餐廚（竹北民權店）","竹北","24.832235999999998","121.01202300000001","{""健康餐""}","$$","4.9","竹北高評價健康餐，Google評分4.9分、累積417則評論。","{""健康餐"",""竹北"",""高評價""}","03-657-1187","unknown","","{""https://lh3.googleusercontent.com/place-photos/AG9NLjBjkjnhkR7XTxa0ks1a2Je9ryTtRdoKnQT7fjURrBMvWoB5C1zEhD91Vf2Zb62CD3VXBE3ARXZ_87B_xn7HKA2Y1x4P28Na9ISVnXsNkwB4rwuHAQ46uJ2Ssyevcs6SIyBRzISi-qCI3jiZX_vErF6ZxQ=s4800-w800-h800"",""https://lh3.googleusercontent.com/place-photos/AG9NLjBP8ch-aeUkIscrgkQFH07qTpq1PgcG0QJ_mmYvf3Hdo6tjDkmZ2YhTkQfngD0NdyhpsLRUKb31qjejuwphmg_682JphWrBhBnv5mCHYSfgcLeI7xoRpT2SjPRxv-_ReKaylgPyUX1mPQjcYAq42qsihQ=s4800-w800-h800"",""https://lh3.googleusercontent.com/place-photos/AG9NLjCRMPLwFb754JJJAbwz3RmPbwf3to8GABUHn9vaEC8KVLAapSRhlTQyrT-VmNnh29JLD2ZWwkBy6NimA1twhnBGQRT99zxVSI-3le2OB0qsHTR45e0jw73z16SqO9hrJUHiV85K9SfAcdi2AAc1edc9vw=s4800-w800-h800""}","https://maps.google.com/?cid=13034892887054868964&g_mp=CiVnb29nbGUubWFwcy5wbGFjZXMudjEuUGxhY2VzLkdldFBsYWNlEAIYBCAA","[[[660,870],[990,1200]],[[660,870],[990,1200]],[[660,870],[990,1200]],[[660,870],[990,1200]],[[660,870],[990,1200]],[[660,870],[990,1200]],[[660,870],[990,1200]]]"
"非晉餐廚（新竹民生店）","新竹市","24.8119728","120.9758798","{""健康餐""}","$$","4.9","新竹市高評價健康餐，Google評分4.9分、累積593則評論。","{""健康餐"",""新竹市"",""高評價""}","03-533-0098","lot","付費","{""https://lh3.googleusercontent.com/place-photos/AG9NLjB9f4el-R0ZrFm54kMWpDWhSD0q5XcMyc-LMaSpQxK1UZmhEOh9hvvmFTYQSIyxtUnk3bz7OkkkcgbGq88TmvuXhpS44T-dcDyDVleSlUH9qjd9tnILs0fmHLRa9LP7ke-YnMqf45PE3Y_lhmL_pEOy7g=s4800-w800-h800"",""https://lh3.googleusercontent.com/place-photos/AG9NLjDN0CkHjg3sPLFK1DpPMdnWenkJH9wpC56ruYHApLX-GBY6nXCMRhpQ5MxlIv-RUkdRpT8xVTNC8Hu8dx6ZsOaD9hHKBbDUHkX_mA3-ptG2ks__bl9DoLfzuRPnLDXf1-IzZJX966v5OQMUH6dzsCfJ4Q=s4800-w800-h800"",""https://lh3.googleusercontent.com/place-photos/AG9NLjBFuqqUZ-940mmqd4P8dDPlXl7FgEafEixfKanZDhb-6L__IwThnaLIlF0YLftKBQLWcCnKuUU9glrUI_6JdcsRp1wfTONquBiXhBwfVmME6AMmYaUdrf-UuI2NF6GqJQR5mObus336t2wjV0tUTmHvpQ=s4800-w800-h800""}","https://maps.google.com/?cid=11364015265076831535&g_mp=CiVnb29nbGUubWFwcy5wbGFjZXMudjEuUGxhY2VzLkdldFBsYWNlEAIYBCAA","[[[660,870],[990,1260]],[[660,870],[990,1260]],[[660,870],[990,1260]],[[660,870],[990,1260]],[[660,870],[990,1260]],[[660,870],[990,1260]],[[660,870],[990,1260]]]"
"皿富器食 minfood","新竹市","24.8095958","120.9735533","{""健康餐""}","$$","4.3","新竹市高評價健康餐，Google評分4.3分、累積1962則評論。","{""健康餐"",""新竹市"",""高評價""}","03-535-0908","lot","付費","{""https://lh3.googleusercontent.com/place-photos/AG9NLjAnVjWPShFUZnR1yKk9zUO8Ht_UMyu_nXlfeCWe3A1PhEdW7EhJVvo1jlAe6N90YXnztKko0Io4Lo2jXgzpGUYAubadMDFVEade4q6hr9Qi7PzNBlLZMfuhuZP70iAIIJuzfAlHT2bRF5g8QQ=s4800-w800-h800"",""https://lh3.googleusercontent.com/place-photos/AG9NLjAkI9i24G4kZ2aq0amxSGcv2feqp5nKNRXHUk_UuPBPVV9cD__22gSXyrwJsXkqepwH-nZfv1xSWMP3eldnbFI71OVD-kf3OelXKS6nwigyrlzjE88zjTzjMX5eqNbOzhQ0t7VGtHbcjBlM7aGRJvPa0Q=s4800-w800-h800"",""https://lh3.googleusercontent.com/place-photos/AG9NLjBgCZ2c2xN4e-Wpl84watQGAL6a4v1UM5FJCEjb72TIymoaGWD-PaC95LECaSKCqWILJEY-BaI80K2-zJV2t_knUtQrt_GE6BVy6to7z_6rfGeUFgmrc1LisZwpPEmRSpxD9EbaeFViynWeFhk-_qud=s4800-w800-h800""}","https://maps.google.com/?cid=3824105878362027688&g_mp=CiVnb29nbGUubWFwcy5wbGFjZXMudjEuUGxhY2VzLkdldFBsYWNlEAIYBCAA","[[[660,900],[1050,1260]],[[660,900],[1050,1260]],[[660,900],[1050,1260]],[[660,900],[1050,1260]],[[660,900],[1050,1260]],[[660,900],[1020,1260]],[[660,900],[1020,1260]]]"
"叁比捌手作健康餐 中央店","新竹市","24.808646700000004","120.9739571","{""健康餐""}","$","4.4","新竹市高評價健康餐，Google評分4.4分、累積438則評論。","{""健康餐"",""新竹市"",""高評價""}","0971-808-938","unknown","","{""https://lh3.googleusercontent.com/place-photos/AG9NLjAxKwlfpD3KEGhDrFxAJSOvP1xcBBd_j9oJu-7eVgpkZCzts9Xge9m3OqYGaAIc_Sleflc3bzx_sCEsKtFOFWXClhYsnfcF3rb71blpQ0aVVgmwV1ncE1wdTq2rsVB7BM11yXDqgOP0mw_GyekjFkDHHw=s4800-w800-h800"",""https://lh3.googleusercontent.com/place-photos/AG9NLjD7EM2RCoDk-a-hSvODgLz8ffIuVDZ61Q_XDLjDCB2WVFuYyHi41hXVtQIHRBrnRCXxRv4SncJum49RXMhuK5_4YixlzI9gKu7l1FpSXx38qAmwEw6_aWemwwqrdmu-fDX13G-ID9R7x5MWiLQ=s4800-w800-h800"",""https://lh3.googleusercontent.com/place-photos/AG9NLjAkfdgT886ukCif-xrECi3378WnSntrvyGLJ_di62g26jMhVLOT5x2sWMl5ygOVqS4_B5FSWJbUaOkh8UeAN_R9Rz1GFJkl1PwNsFXO_4bIqT_eyrFx6LDYqOp9MiI_l_8gqF-w5YuP3DSGIrHGGTONmg=s4800-w800-h800""}","https://maps.google.com/?cid=5554832943555440911&g_mp=CiVnb29nbGUubWFwcy5wbGFjZXMudjEuUGxhY2VzLkdldFBsYWNlEAIYBCAA","[[[630,900],[960,1170]],[[630,900],[960,1170]],[[630,900],[960,1170]],[[630,900],[960,1170]],[[630,900],[960,1170]],[[630,900],[960,1170]],[[630,900],[960,1170]]]"
"安天有富肌健康養身餐盒-竹北店","竹北","24.8355671","121.01491700000001","{""健康餐""}","$","4.8","竹北高評價健康餐，Google評分4.8分、累積40則評論。","{""健康餐"",""竹北"",""高評價""}","0907-388-898","unknown","","{""https://lh3.googleusercontent.com/place-photos/AG9NLjAlx_Tpe6ShBQOfBdOrzKdQxFKqwb3_AeZzI0LUeEYkg5LaoF9ddPvKl3Pi-R3ypUl_rLzIZ4gOi6-0acSEo1SsICPxd-t21MCDYHQfEaKX84LAjRAImFW5fWHw4AbJe6mZctQrUV33VAsziQQ=s4800-w800-h800"",""https://lh3.googleusercontent.com/place-photos/AG9NLjCawiuIJnmn6isSxavEqODNrAeQtQolCuZaDzOclMFU9N9LnQ7HgxWJ-06mMxPdsCo57pggVJu7D8rWR7kEqWM3RT8sKz3X4x_2Q-DsiEQLGckaMTlwHaNm_tqJRVeIXbtFfg8YMXHTFp0WRDUhxyJIkw=s4800-w800-h800"",""https://lh3.googleusercontent.com/place-photos/AG9NLjAwudkxSM9hhhBJ9R9cySueIscK4fnB0B7IQWir_Dmw9qzE6nQJsOhCn8U8DcvRu-Dl2yiWFvzTO7AloBKQSEIS0vOoJ44IwwJuF1LYDNaZfKizA-fpDECWeu1urSc-MuYpz7vVuFBYj5ZjycI0T1-4BQ=s4800-w800-h800""}","https://maps.google.com/?cid=852254290621891242&g_mp=CiVnb29nbGUubWFwcy5wbGFjZXMudjEuUGxhY2VzLkdldFBsYWNlEAIYBCAA","[[[630,810],[960,1170]],[[630,810],[960,1170]],[[630,810],[960,1170]],[[630,810],[960,1170]],[[630,810],[960,1170]],[[630,810],[960,1170]],[[630,810],[960,1170]]]"
"柚日-手握飯糰‧和食","竹北","24.817624199999997","121.03026150000001","{""健康餐""}","$","4.8","竹北高評價健康餐，Google評分4.8分、累積264則評論。","{""健康餐"",""竹北"",""高評價""}","03-657-6677","lot","免費","{""https://lh3.googleusercontent.com/place-photos/AG9NLjACdEQSZQgKwDzjeab4WOLMRwMbWYD4JCFcVqqkZN4oOhvl-CNOmPRmKAtDxaObxQd8_zh1CwnVWpFqXR-BBLtRZK4AADg04Hs9dZg5Lrv0L-P24wetPuKEwPG9PUZ7VVesA6XOO-5H1303xiYv9MRhKw=s4800-w800-h800"",""https://lh3.googleusercontent.com/place-photos/AG9NLjAffopnSxdjBx355QDZLP6Dxr-Y4jo2J9i7eLJCHDopMyrg6qyUHlNxRlyF49YOzkGR4gMzq7aKNMxTPJGyQQgWg_l1U3KuDM44HkNfQtfHyPfLfE5IXON5B7GaqrD8UfFI2wKgR5vtw5GjU56l5m3u=s4800-w800-h800"",""https://lh3.googleusercontent.com/place-photos/AG9NLjAp-ShEEsEfiT4XEL393XwZTJBzOo3mt2Bg90DsxkdtXaRsdksao9EK-xGSNzREkXDQZixgdGbo5FAJFa3q_l2ATaJbIp1SPuIu7lmxj33A8R9mZPV-WXpg-wXzTosDaD_K8-HcFtMPAvTibivBTGkvIA=s4800-w800-h800""}","https://maps.google.com/?cid=12714354561638852073&g_mp=CiVnb29nbGUubWFwcy5wbGFjZXMudjEuUGxhY2VzLkdldFBsYWNlEAIYBCAA","[[[390,1020]],[[390,1020]],[[390,1020]],[[390,1020]],[[390,1020]],[[450,900]],[[450,900]]]"
"今喜手路菜餐盒","新竹市","24.803020099999998","120.9647153","{""健康餐""}","$","4.8","新竹市高評價健康餐，Google評分4.8分、累積65則評論。","{""健康餐"",""新竹市"",""高評價""}","03-528-0387","unknown","","{""https://lh3.googleusercontent.com/place-photos/AG9NLjA1ZMoJMc9U81fpNYMlZlCx3ngihRGsYZw7PTa5NG9fsMUhtD0cNxeuT0UIZwz3CNCdw_HTNSc0AaoNHu9ZHFyX_6ZoWww2zhppEwQ3javb0FX5FOOAWA8LFfNZvD4X4P9hg-Owd3AsQgnZVjk=s4800-w800-h800"",""https://lh3.googleusercontent.com/place-photos/AG9NLjALwhSgCjiXnmvRRKRuYOJDUC1AJjNmPNnKtJvzQ4fs1q62CCYjx4r99GvT0VY2wZRNgIfS0a-LAUhMhRTxdj4j-Jc7yjQARNGdrcUbeqPdGIc80rwYqZqSvMm6B60su0wEd8wRWYHMuWqn3ktYPn70=s4800-w800-h800"",""https://lh3.googleusercontent.com/place-photos/AG9NLjD89-I5jQt3tbAZotMrl_K4MrIDuJlR5QK49IBogF42-qKgLffz96h7qVCZId4g2Ftj3uGhFEjoC5-Be-HMoAavOuyOnYHw8nIB9WyFwwvyKArrV_OCVRebZbFyjuWLyYxu2TJy1dzgswWDzg=s4800-w800-h800""}","https://maps.google.com/?cid=6164365096039619235&g_mp=CiVnb29nbGUubWFwcy5wbGFjZXMudjEuUGxhY2VzLkdldFBsYWNlEAIYBCAA","[[[660,1170]],[[660,1170]],[[660,1170]],[[660,1170]],[[660,1170]],[[660,1170]],[[660,1170]]]"
"毋肉1999(公休日請詳見IG)","新竹市","24.8112275","120.97678619999999","{""健康餐""}","$$","4.7","新竹市高評價健康餐，Google評分4.7分、累積224則評論。","{""健康餐"",""新竹市"",""高評價""}","0928-116-038","lot","付費","{""https://lh3.googleusercontent.com/place-photos/AG9NLjAdxjxepeFWC0hcOCgvyxxOaETEj1XlapjX311BgGbXUkkoHPJNq4XmkLwO_euMOtr4KRfTFQHNqwOn5d1ujUHKq4sw2oHJ1BUMhv6DI3X0OyElDVxYdxC-eGRO8PtkGO4bS6GN-wCWZdxZOkg=s4800-w800-h800"",""https://lh3.googleusercontent.com/place-photos/AG9NLjC4f1SRWTmpiNvEXB_eBcsutuvPtMOkYqd3eam4SsNYniDlvL4wlxCVbgoegJ1yk_AFYkOuq6AuH7iBiuxkLBYKLX39N6zxG28WQ6R3J2RnO6HXyEKXHvENzGswevpMg_lNHQHc8unJj6M-pg=s4800-w800-h800"",""https://lh3.googleusercontent.com/place-photos/AG9NLjDfqUCGKtCZZ6_7ox0o6du-59xmoLqEcjZYZm2OcV6yyWPpXwJb7rOIdqaq_Bv06wyO5m1_mfVWm4FxJ62p2gUzK3JqpZ7L6eCVII4EiKVUPcxyd07-vSpXMyCzx8dk4wZW0xZuBY8GVJKE6Y3iVIMI-w=s4800-w800-h800""}","https://maps.google.com/?cid=4186350837605048704&g_mp=CiVnb29nbGUubWFwcy5wbGFjZXMudjEuUGxhY2VzLkdldFBsYWNlEAIYBCAA","[[],[[660,900],[960,1200]],[[660,900],[960,1200]],[[660,900],[960,1200]],[[660,900],[960,1200]],[[660,1200]],[[660,1200]]]"
"Uncle Tacos 墨西哥健康餐/竹北美食/異國美食","竹北","24.837772299999997","121.0109164","{""健康餐""}","$","4.8","竹北高評價健康餐，Google評分4.8分、累積455則評論。","{""健康餐"",""竹北"",""高評價""}","","lot","付費","{""https://lh3.googleusercontent.com/place-photos/AG9NLjCYuArqoauwS2arW3bx9OgBn4Fe2j73L55iUbHKgcaG_Rd-90DwAoj6XVF9Gh59gLYxhHpRTgGm-JzUBqEx4ifJDd3302noD0fl_ihHaID1Oi_YByLmmKfGanWW5dQ_SrZc4bxsBSQFw7NvpTg=s4800-w800-h800"",""https://lh3.googleusercontent.com/place-photos/AG9NLjDg07n9SksS_RuJ4EAMYNlyYMKumPZ2qpVznPnpjWX6D47qjZz-BVFGcCqmrQrZUIKWKkWU_Kh4jrONef9VAkpjaMVS-E_ee75sCoJ5XCtQUs723Huh8_5EsO75Q9XfbLpRWPjus9g6ACmqDpCZys9ugQ=s4800-w800-h800"",""https://lh3.googleusercontent.com/place-photos/AG9NLjDw-4INE1YULi43cGjie0PE0YP6samuyZ-tMiCwQJZ5tRtg7BMZY4AFXAQhkq8syQxqKi2dj9_ZJHFGzRxt0k8v9ef5C7mZFEBQQ_5xhX01lMIRdeTXnr_cgSq4zBUMkcqnZzRTUbleZhsxgfSbIcZlLg=s4800-w550-h440""}","https://maps.google.com/?cid=13792514911453316773&g_mp=CiVnb29nbGUubWFwcy5wbGFjZXMudjEuUGxhY2VzLkdldFBsYWNlEAIYBCAA","[[],[[480,1200]],[[480,1200]],[],[[480,1200]],[[480,810]],[[480,810]]]"
"宜食生製","新竹市","24.8025438","120.9682433","{""健康餐""}","$$","4.9","新竹市高評價健康餐，Google評分4.9分、累積276則評論。","{""健康餐"",""新竹市"",""高評價""}","0955-518-027","lot","付費","{""https://lh3.googleusercontent.com/place-photos/AG9NLjAR5COYhi0sSUmBXKZkQvmSLjp6FbkWbrPc4l23gmIA-brS1S9iBwm0hVuQKDnl71TYDCU_-E38VmJyx-Of1TNOLscG6nGI3R0BO-pMsZFTj8EVrYPCX_Vzdt6lC2M-AGtzo1rEmOrXcRaGLdohFXLdFw=s4800-w800-h800"",""https://lh3.googleusercontent.com/place-photos/AG9NLjC-bu8wenLRPaa5UkMsriHaxu6BoMy33qcs5kZYMHraol2CDE_YnrNwRVqWv-Ta2j1CvSTu2pGmfle7TTyziGpi3h4MqfVrJ572RjwSW6-crHLkNo6qgpkliRsTAMET5O5mSJDJz8X1ZRlG_A=s4800-w800-h800"",""https://lh3.googleusercontent.com/place-photos/AG9NLjChHMY9aIidY1PAk6zv_WVA0GWl4j3x9DZ57G2ANhu6hTvI8ffDR2QyzNzqcAZtcMK_EVtfOyR9fwrGi9WArhg9AN1Tn65nZrwC-uDxJqiZK5KSJG4XTDkf3Hon9vwGg2FJjWdCggbqXt8rjIrhkdY1fg=s4800-w800-h800""}","https://maps.google.com/?cid=12629345023764998676&g_mp=CiVnb29nbGUubWFwcy5wbGFjZXMudjEuUGxhY2VzLkdldFBsYWNlEAIYBCAA","[[[720,1200]],[],[],[],[[720,1200]],[[720,1200]],[[720,1200]]]"
"A&M Cucine Co.日煦食坊","竹北","24.8191456","121.02621950000001","{""健康餐""}","$$","4.9","竹北高評價健康餐，Google評分4.9分、累積196則評論。","{""健康餐"",""竹北"",""高評價""}","03-658-7567","lot","付費","{""https://lh3.googleusercontent.com/place-photos/AG9NLjBbMP6QH-bsPjMFaClDuGeTi6nwzQlE_dvda_b2MRU17ILInHGG8RItyFptZZLwaJ5GCqZalbtzEMU3VWM4V0fSeSHBX7vSCv8_ZYVw1fTLgCOHVgl40Vv5m9Z_LPRvgs8VGIzSb-hNxTEu9A=s4800-w800-h800"",""https://lh3.googleusercontent.com/place-photos/AG9NLjAI7VGX-gTdiQsIBkCDk-buXNiTxBNasxAst7pZtfDFLdmHiCOKxG51LOWahHkowCkmeSYmCSX14xdREQfS54XwqzuL-gAy9LJoRsJFIR1QYKIBCNl2m8F3MtSp0hPn-U1FX_yG0QVn8HwY-ME6I7qeww=s4800-w800-h800"",""https://lh3.googleusercontent.com/place-photos/AG9NLjAEdG0tgTHRAppfnfFLlES33wdk1RDbrbcudj4TdiL_2P1vblCgG87LfHgnuxd1BC4EKoAbNmgB0bPd-I7lQ3oS_WdR0rzbwjdmAO5BMBLBfp5to2H64rzRc1S6ip8MZsI0pub8PKKpeWbiJQYT3MyF=s4800-w800-h800""}","https://maps.google.com/?cid=6315519059287838536&g_mp=CiVnb29nbGUubWFwcy5wbGFjZXMudjEuUGxhY2VzLkdldFBsYWNlEAIYBCAA","[[[690,1290]],[[690,1290]],[[690,1290]],[[690,1290]],[[690,1290]],[[690,1290]],[[690,1290]]]"
"非晉餐廚（新竹東南店）新竹必吃義大利麵|低卡餐盒|健身餐盒|商務便當|必吃便當|特色便當","新竹市","24.7961295","120.97543169999999","{""健康餐""}","$$","4.7","新竹市高評價健康餐，Google評分4.7分、累積381則評論。","{""健康餐"",""新竹市"",""高評價""}","03-571-2450","street","付費","{""https://lh3.googleusercontent.com/place-photos/AG9NLjAn-GYRRpSpCkJAQFeSZ220w4YDnQ1LkoNN9oa0-mGhXMTZU_I-vsVkIeqIlnQutFz30K8YtspgQQ4Z6sdqHfdiQCdmTL8hk7qCCgA5tTX3WXE1d3DhE-AgyjtbpfCMWpGxIM0wtOgMqgW2ccE=s4800-w800-h800"",""https://lh3.googleusercontent.com/place-photos/AG9NLjC6yrVrvh-UJS2smy97-WfLsQaIWRGcyDFjkq2CcSos9OpqUwdNCdndynZVi-RKA0DBk8G23k7239w3NTH5ple9plwWfha3_NjOcWPCQf7ucDxVl-1S3a0xEqXelkTztmji4tO_aPjEbAO1=s4800-w800-h800"",""https://lh3.googleusercontent.com/place-photos/AG9NLjBdi4xt3J89kl6bQx88I5Cea468F_vIbQuFcfN2Shw6f3Tke9KIYTJFAh2OyixTFSGKThuYkNAEOpYn-gok6Pdm9YCnpQnalKCAk4lyvqRtdFNdnCqISujJP53uXWCs-FPVqqupPuO4Wss4oHGB9yKY=s4800-w800-h800""}","https://maps.google.com/?cid=9597476901928871331&g_mp=CiVnb29nbGUubWFwcy5wbGFjZXMudjEuUGxhY2VzLkdldFBsYWNlEAIYBCAA","[[[660,870],[990,1200]],[[660,870],[990,1200]],[[660,870],[990,1200]],[[660,870],[990,1200]],[[660,870],[990,1200]],[[660,870],[990,1200]],[[660,870],[990,1200]]]"
"jam kitchen新竹馬偕站","新竹市","24.800474299999998","120.9893832","{""健康餐""}","$","4.7","新竹市高評價健康餐，Google評分4.7分、累積701則評論。","{""健康餐"",""新竹市"",""高評價""}","0932-086-927","unknown","","{""https://lh3.googleusercontent.com/place-photos/AG9NLjCCl54sM5o652L4ufSkN86IPOKBabw2DuWIbpHMassdjfDDsosLeHcCnBzgxoc_yfM64TcBqjgGwe-6n1198dmzxPvvUMY-vaeRgS81A8gs7WBaK7B4-l1tN1iY3wgxa9a3B9JLZLp_w4YK5OnLvWYN=s4800-w800-h800"",""https://lh3.googleusercontent.com/place-photos/AG9NLjCPnVp8WZRMcjo-Xu1xHnAfJYab_5RB3u08tXU3NLHZ8AITfuo7wULy2M3oOC5m6xxOVP8gwyAaclBXU5PTUALP5h_BqmbagH_WokYE8QBXRUit9d_o9jB2qjszfodwAKSBcnHeSZLgHwhWwYbPqwAd=s4800-w800-h800"",""https://lh3.googleusercontent.com/place-photos/AG9NLjBghfdaunl_HoLxqFovDxXsB_jahlIjQxBZRsMTmfOo6GcdEn6z_if4kvT09DRnnH2C3Yqz0XSvBssEaYVWDtZ6HctRk5HCMlZVMwoBJgD890GNnXkKeQvv_Qi7Doy1X8MTsGfM3Em2WolyHj-7vpEGUQ=s4800-w800-h800""}","https://maps.google.com/?cid=9817217653355215829&g_mp=CiVnb29nbGUubWFwcy5wbGFjZXMudjEuUGxhY2VzLkdldFBsYWNlEAIYBCAA","[[[630,1200]],[[630,1200]],[[630,1200]],[[630,1200]],[[630,1200]],[[630,1200]],[[630,1200]]]"
"暖日子-現打果汁/輕食/親子友善","竹北","24.8314767","121.02294859999999","{""健康餐""}","$","5","竹北高評價健康餐，Google評分5分、累積81則評論。","{""健康餐"",""竹北"",""高評價""}","0936-778-879","lot","付費","{""https://lh3.googleusercontent.com/place-photos/AG9NLjDrQX2YKuAR1fwhusk6ERHnwm3-aCfOutYni0H0axBHkgYdJjZ_tmbv12a9Jn5Yu4B3HntyWm7O-azMlnMbP27JoTw7KvuoP3uGTcGApbgKadVCep-16o0phkJ4d0X_vkLCZo55IpFOLFQaqVNqr-nIBw=s4800-w800-h800"",""https://lh3.googleusercontent.com/place-photos/AG9NLjA4Pp_1JpyfCHH_hDuj9gjwjuxZ0HddOZH9DF1VSDg6uLDEkNRt0T4LuSayOVte3pjsziepchugLJhv0SMTu8eWeE8GE7OqrAvqbJ78tcdJ1iR5ga6U37BqSLb9YPDkl-XZI5g-0npdiESfUo8Tkqv-Ug=s4800-w800-h800"",""https://lh3.googleusercontent.com/place-photos/AG9NLjDCxItfci-QmY4qEqm4r2aYN4MhORO_So9da2KmcfDjcIcQge0V-Htf4I4r2HFavXCTxY9lHWg9d2Y6fPqDE1lZQ7b887jO4c5sHXXkcy7CCIsDS1DRjRcEjbABZ8JHAU164PHk8b178v_N53QkP_F55Q=s4800-w800-h800""}","https://maps.google.com/?cid=2201564169863753870&g_mp=CiVnb29nbGUubWFwcy5wbGFjZXMudjEuUGxhY2VzLkdldFBsYWNlEAIYBCAA","[[[540,1080]],[[540,1080]],[[540,1080]],[[540,1080]],[[540,1080]],[[540,1080]],[[540,1080]]]"
"金鍋盃中壢店（寵物友善餐廳）","桃園","24.961309099999998","121.22512929999999","{""火鍋/鍋物""}","$$","4.9","中壢高評價火鍋/鍋物，Google評分4.9分、累積1174則評論。","{""火鍋/鍋物"",""中壢"",""高評價""}","03-426-3232","lot","付費","{""https://lh3.googleusercontent.com/place-photos/AG9NLjDvnRGCPhMkt6CUFcNVeBsuUjUtlDb0L9yX0XlwfKKSO6bLd2MhHvyz-_0hwe0_UfJt9sglJnlN8qGpRa_NvbAZ_zdM8-ldph1RaibZFUSrXsl_DzxCm17QUovWbpTX_9po9T1ubzDH3kTKvg=s4800-w800-h800"",""https://lh3.googleusercontent.com/place-photos/AG9NLjC998CQJaaSiUnxZlesHpVQjJKbrQ2zUJtXeVYlvp9KNErME4iL2d2Uw1NLhqxYHyLd5rfsdOuvb6mmQO-sUe0kvf5u2u1CtXqq2-Jci-NZyQ8Ymu1_ZYCUuoeqtoiGpYK8CPcAPvswN3gh-ek=s4800-w800-h800"",""https://lh3.googleusercontent.com/place-photos/AG9NLjCJhYQWrMRwYNKJcAB7G_szsHT6J4nyI-rGAr6KfpVnQs9h2Ov43r7lyZOwMhFebvcJ__EnUvSmeuSNQ65rcpeAhEkL0kar1GABiDJ-FIBLICGjq96k-SkEn3XByqLUjMeSGIkNjCqh1D0X=s4800-w800-h800""}","https://maps.google.com/?cid=5451493928472550005&g_mp=CiVnb29nbGUubWFwcy5wbGFjZXMudjEuUGxhY2VzLkdldFBsYWNlEAIYBCAA","[[[690,1320]],[[690,1320]],[],[[690,1320]],[[690,1320]],[[690,1320]],[[690,1320]]]"
"賣漁仔石頭火鍋｜餐廳｜美食","桃園","25.0061769","121.20234529999999","{""火鍋/鍋物""}","$$","4.9","青埔高評價火鍋/鍋物，Google評分4.9分、累積295則評論。","{""火鍋/鍋物"",""青埔"",""高評價""}","03-287-0997","lot","付費","{""https://lh3.googleusercontent.com/place-photos/AG9NLjBLyQjVXrrJ3ly0IdI2aZnsdP5zWRmge8amwBdFt0AXgn7PIS81VvTSWGHwUSvRsS79uMkqbncExx_rvW_2YgkGeIQjjwr_A8IdcRSA51i3YRjhJ_n-dEqPQI2O1J2LkuBPhb3J_PUW0MaG1sAIHbtSyg=s4800-w800-h800"",""https://lh3.googleusercontent.com/place-photos/AG9NLjC-0HQh_9c3OY4rzaKskxbd1hTUnuAPQI-1yJUzQcKx5f6Wzp_-YSc5sYVL-JAUlyCWw3BxCa6J3bv54IhZdoQTK7KLfJfEdiqlmx-cO3LZ9BVJuTKTMprbKdc6L8Vd19vXNMqjDCcW6ytYxlPCZi3o=s4800-w800-h800"",""https://lh3.googleusercontent.com/place-photos/AG9NLjCFcBSEuo1fJLLuz6cwPJZTDaUESbXw50uthypNp-cF_PR63pX1y5H9LA2E4UhhaeWzUjOGZnvWcRGFIuuJWjbLZ2de_dycFmNjhOF9Ew6hxvS5sH-sLDVdtFG6f0wibwbWezRx75Gv2qEhBDlLBoAEUw=s4800-w800-h800""}","https://maps.google.com/?cid=10677873255348902377&g_mp=CiVnb29nbGUubWFwcy5wbGFjZXMudjEuUGxhY2VzLkdldFBsYWNlEAIYBCAA","[[[690,870],[1050,1320]],[[690,870],[1050,1320]],[[690,870],[1050,1320]],[[690,870],[1050,1320]],[[690,870],[1050,1320]],[[690,870],[1020,1320]],[[690,870],[1020,1320]]]"
"桃鍋物","桃園","24.9604686","121.2248056","{""火鍋/鍋物""}","$$","5","中壢高評價火鍋/鍋物，Google評分5分、累積732則評論。","{""火鍋/鍋物"",""中壢"",""高評價""}","03-280-4222","lot","付費","{""https://lh3.googleusercontent.com/place-photos/AG9NLjAaUMINUUjkN3mxopeXZfPYK3qiNxB0yfeCfutsLL1WGmgSxXwlR00TIfiY6lMrXeN0QaRDqYRYszlb03XMKbCDnm1E2iFH5rZSThreW5rF8YXDEnooyU9BA1RgJsWbslpHUGL8kJUDxRTNlyYBO84H=s4800-w800-h800"",""https://lh3.googleusercontent.com/place-photos/AG9NLjB48jNzRPk5UsCi8noMnM0dO-dou-pK4jtfLtTcxc2nxXEXOPRH85GPyFwm8ZRkPsdtOxid5muhJucVpyU4i23YTMsJ5FoG_HKZwCGRzlzxJKSGUm1zjhyvwncp3jP5LU78U18r3Gz4rFLGYcPlAuwu=s4800-w800-h800"",""https://lh3.googleusercontent.com/place-photos/AG9NLjAJbGJ92IqCvxHVMbsrHJ2f3CLhAlCEUb9bYVb3y3rx4QY62Wj_9TJkw38epeAsBxq5Yox80X7MP9CYdAgrp9sVW3_W7rVD0Z3TiiyyWnG91RiBBxOVhlQ_k8WHJgF7VCeWpwXL-qA-UXi5sKDuad-cuA=s4800-w800-h800""}","https://maps.google.com/?cid=11122715814428053304&g_mp=CiVnb29nbGUubWFwcy5wbGFjZXMudjEuUGxhY2VzLkdldFBsYWNlEAIYBCAA","[[[720,1320]],[[720,1320]],[[720,1320]],[[720,1320]],[[720,1320]],[[720,1320]],[[720,1320]]]"
"錸一鍋時尚鍋物 內壢店","桃園","24.9658393","121.25643629999999","{""火鍋/鍋物""}","$","4.9","中壢高評價火鍋/鍋物，Google評分4.9分、累積466則評論。","{""火鍋/鍋物"",""中壢"",""高評價""}","03-455-1568","lot","付費","{""https://lh3.googleusercontent.com/place-photos/AG9NLjBsM4--RS_ZZ3h2QC0jT10w21zCRUhmjtziWafuXuO5TIgAy7_x1xjtjfIkcCiKy9xptg_1qHtn7mPk1GzPzBqX3F7Q7XPiCBFqDXpXsfw8FIOyYn6onYUGx4gBFBu_WKACbkISsjwKc8oDH7t1TLzN9A=s4800-w800-h800"",""https://lh3.googleusercontent.com/place-photos/AG9NLjD40S-2CRDrG4ZrluImm_wqetsJ7Ku5riJj0YTZklS4MUG4tHTJ_z1GVLqoiqFHZzbZH5GTyVzBR0hv6Bj3g02VE6Z4sk5uBbROw8_GCmlWLwds9L_UmxJopgC0lk5WMVwcWonx-uSp0sq5QP4eV95qPA=s4800-w800-h800"",""https://lh3.googleusercontent.com/place-photos/AG9NLjARtz3J6WUrkV-NkXocFaZy9r5rkWHb-n2l8iDA1ws3Qw8vNwW_UwAbu7PDdmAK531MJNC_u6LLLE7cG-dGcORcDGQwnNZDEuWHrkL8PINDSga_t6o3wsvJh-LBuk7hVscbUP_KXpQ1dWKQrcOny2ErOQ=s4800-w800-h800""}","https://maps.google.com/?cid=4435615205166852851&g_mp=CiVnb29nbGUubWFwcy5wbGFjZXMudjEuUGxhY2VzLkdldFBsYWNlEAIYBCAA","[[[660,1440]],[[660,1440]],[[660,1440]],[[660,1440]],[[660,1440]],[[660,1440]],[[660,1440]]]"
"蒔野鍋物(中壢店)","桃園","24.957423600000002","121.2267368","{""火鍋/鍋物""}","$$","5","中壢高評價火鍋/鍋物，Google評分5分、累積4449則評論。","{""火鍋/鍋物"",""中壢"",""高評價""}","03-422-0038","lot","付費","{""https://lh3.googleusercontent.com/place-photos/AG9NLjCW6lmmb6yFZx5359JtqH-lIKyEh4sq_UoTwQNIgkhtokzNWxCy01T50H9eVRGwcSbyjfRroNg3CGLI6irXiTxSCBMG2-oED6RlRtaogy4dVKPhbbVy0E_Ms0bvDTyQnciqJemkwHHtV6E-zQ=s4800-w800-h800"",""https://lh3.googleusercontent.com/place-photos/AG9NLjCPSfjw3M58FO2frJPi_TY1owNjTrNIvCZ29JEQh-Pdbk1F59_UC5JTp3NfImdYrrCUGtyJ_k5glWf5DqnksVLBTtDSiiNdkgYt6Wnut2j1Yd1A5sBrfN55L_5XkM23O0k-dGpWdLZiG6UUcYA8sh8Z=s4800-w800-h800"",""https://lh3.googleusercontent.com/place-photos/AG9NLjAbkQ9KRj22-BJr10-JFfiBqaUl3D0qZgW2gs3iOREoAhX8caq0t_lUUFZCkJGPw3wuKGMpGMsTLfUyHpHKLX3Ho4IX1s-aHECfLLhr4c0yrfcG4Sh73QpIopO2n6EnNZSE7WrzDaU220AzSVSP8lsJ2g=s4800-w800-h800""}","https://maps.google.com/?cid=8284174101471269821&g_mp=CiVnb29nbGUubWFwcy5wbGFjZXMudjEuUGxhY2VzLkdldFBsYWNlEAIYBCAA","[[[660,1320]],[[660,1320]],[[660,1320]],[[660,1320]],[[660,1320]],[[660,1320]],[[660,1320]]]"
"一風堂遠百竹北店","竹北","24.822509","121.0237405","{""日式料理"",""室內商場美食""}","$$","4.1","竹北遠百內高評價日式料理，下雨天不用淋雨也能吃，Google評分4.1分、累積582則評論。","{""日式料理"",""竹北遠百"",""雨天首選"",""高評價""}","03-550-3139","lot","付費","{""https://lh3.googleusercontent.com/place-photos/AG9NLjDDbC9N41EpwWtUDz3Ondou791dmgV2J62zUEs3cDA8QJQXKj8fHfnbuNQSNuvJlbpCEvTRdYwowM8odxCZ8B5RLoMV7onh3qDu1e8_RYgaFoIKHSe792JQTZCwEyflXVn2JUjuCvWmPjGKWs4=s4800-w800-h800"",""https://lh3.googleusercontent.com/place-photos/AG9NLjAWHgFStroyqSaouXkqh1mWsac7KAX1nN5ZyVf93jOuDiTSNRd2oRr7kOmGQoz-Z0mZekWK2d-uG2Nz2kqK_tKkksy5yCJBfuYoinsQV-EA_uFNxIpcsc7XqE39DW-aHyF0AcxKcektpAZzEnyPtCy18g=s4800-w800-h800"",""https://lh3.googleusercontent.com/place-photos/AG9NLjAfxYC2xsBwHADgOnzUwpTnYolvlXY7jSPXgLb7kz6kXjvCqoqzZY2-gWvGUZG1DJ9kfKc4_kOJ-1oFluET1y60xS1u4_9E1RDpm1ASTxxzMNgP-oNxJ1IyD9EEh82TjwGGPPU-GNcAwVumZIPq1dLrQg=s4800-w800-h800""}","https://maps.google.com/?cid=16570963301705760715&g_mp=CiVnb29nbGUubWFwcy5wbGFjZXMudjEuUGxhY2VzLkdldFBsYWNlEAIYBCAA","[[[660,1290]],[[660,1290]],[[660,1290]],[[660,1290]],[[660,1320]],[[660,1320]],[[660,1290]]]"
"漢來上海湯包 新竹遠百竹北店","竹北","24.822010799999997","121.02303440000001","{""台式/客家合菜"",""室內商場美食""}","$$","4.4","竹北遠百內高評價台式/客家合菜，下雨天不用淋雨也能吃，Google評分4.4分、累積1454則評論。","{""台式/客家合菜"",""竹北遠百"",""雨天首選"",""高評價""}","03-668-2563","lot","付費","{""https://lh3.googleusercontent.com/place-photos/AG9NLjDwSBypZBJHTHANS5UeQxOmYZwV6mn7__gqQeVfbXD2ltqgp9kZ9bTxR99Ti7rf4HTVZIX5f83oOFcSNrWN0iG0UqJPnPKM_2lzU3JB2kcne5wVwk-CdjBucER58bai2PNPt5eUUqIj5WGMqA=s4800-w800-h800"",""https://lh3.googleusercontent.com/place-photos/AG9NLjDrbpXIfDiXrvS0u2uPhiqpuswdUZOrkBP6wIHJI3su0yE2gRWH5JE3D4vwWec95TVc_qONfA7POVALRB-60O6y-mLsKngkzWvX7ZvLqnj7vor3V8LMc7aRN0VqPNXwxe1mB11UX6tlyMjb5i8=s4800-w800-h800"",""https://lh3.googleusercontent.com/place-photos/AG9NLjB23gvEeHxpbFGCeVKehZyAzHqATAKdxzsI066LJX0A2VZmwzu79nkJhfYNWBjcTuxiPF_mXmeUu9LomAjl3PnrXijAQagbBvK0s2OXIWRgrQ1QbmCXt8ZMTlE9Zs-DtsHcUYfBL61pmhiAUH8B-k9PIA=s4800-w800-h800""}","https://maps.google.com/?cid=16457276838658137790&g_mp=CiVnb29nbGUubWFwcy5wbGFjZXMudjEuUGxhY2VzLkdldFBsYWNlEAIYBCAA","[[[690,870],[1020,1260]],[[690,870],[1020,1260]],[[690,870],[1020,1260]],[[690,870],[1020,1260]],[[690,870],[1020,1260]],[[660,900],[1020,1260]],[[660,900],[1020,1260]]]"
"MO-MO-PARADISE 新竹巨城牧場","新竹市","24.809486099999997","120.974721","{""日式料理"",""火鍋/鍋物"",""室內商場美食""}","$$","4.2","新竹巨城內高評價日式料理、火鍋/鍋物，下雨天不用淋雨也能吃，Google評分4.2分、累積2633則評論。","{""日式料理"",""新竹巨城"",""雨天首選"",""高評價""}","03-531-3211","lot","付費","{""https://lh3.googleusercontent.com/place-photos/AG9NLjApHXFl2w1ZvSGZ6QFeBtGisIYU2WlrsXffa_6Qo1Ideem_uYpAJd4S2mDwjVmMjhYToRb1ZIerSmjvJb4dy6NXhcmv5FpFZkzSrpbS88m_37FKii6DnMSziHunKaoLP_ht3ygUPYlFmp4Z=s4800-w800-h800"",""https://lh3.googleusercontent.com/place-photos/AG9NLjCv5xGu8841v32zWxs6EE7e7XiLmkHLzCdgHz_BIteo7-m58JBIZ9xbBV-leTARLrE2DB1Cnh7-Ru7gb--ZZgRj_GpxcuWMPlFDcGlvhoYwe-qugIJIjWSi3QPxaZAr5b_FlmhUtS9msYI07Gc7Dvsf=s4800-w800-h800"",""https://lh3.googleusercontent.com/place-photos/AG9NLjAIlbgofov2OgxaY3YMMCTvT_JdkbOCyAbelhnSEqz2PcUaZ0lcDA4Mu3xyi1RMIXFvPDWmdQa88H44blRwOnrJN1NKaJrwaS1ojDzi-6k9q5Cezi37UWUzIQBJ7EKPBQLugG86vHhTFYUPtxl_sXsA7g=s4800-w800-h800""}","https://maps.google.com/?cid=11077308528644265211&g_mp=CiVnb29nbGUubWFwcy5wbGFjZXMudjEuUGxhY2VzLkdldFBsYWNlEAIYBCAA","[[[660,1290]],[[660,1290]],[[660,1290]],[[660,1290]],[[660,1320]],[[660,1320]],[[660,1290]]]"
"鼎泰豐 新竹店","新竹市","24.8015395","120.96460320000001","{""台式/客家合菜"",""室內商場美食""}","$$","4.5","新竹大遠百內高評價台式/客家合菜，下雨天不用淋雨也能吃，Google評分4.5分、累積4673則評論。","{""台式/客家合菜"",""新竹大遠百"",""雨天首選"",""高評價""}","03-523-6222","lot","付費","{""https://lh3.googleusercontent.com/place-photos/AG9NLjAS9wS3sMpYOUaLnG-ofuEMSEe2KF6ryrHdDUszdyWrmPreY_Sd1qC1YBvFrv0ewWgok8BO8SbkwrNq7dE-LS7WY9QmwjX1pYcs35WUQge3Q8E_W-3b2sEAPQqBA8gPnlEI1_puJzLMm8bFOg=s4800-w800-h800"",""https://lh3.googleusercontent.com/place-photos/AG9NLjAw4vYiPwM1aV9GtVt2CF_mTjM7z7G7bogEHmkU6tAFWyU9d-ccGxlhB5AePOtDkkVFREz44TbhczhfwYZ6V2OTl7-VORyV5NSJnG6-P9GigSYMoog7r9Eyabp2zCwh4hHweE9OgtKUpg8TFn_-pyhwGQ=s4800-w800-h800"",""https://lh3.googleusercontent.com/place-photos/AG9NLjDc-K-yRlz5ZSm-lzTe4XrF_pbnRaYgliBQFRjs0QKDdhbvKagqYXdC9_DBfV8OKUhAz923IF6kMrBxBc1vf44oaairl4ynMsHAPI7A_lzwg1FmTdDhmx6fJTzo70LDEgGP1axdQEsC7oP3rCJnNx6_uA=s4800-w800-h800""}","https://maps.google.com/?cid=5265470745787877209&g_mp=CiVnb29nbGUubWFwcy5wbGFjZXMudjEuUGxhY2VzLkdldFBsYWNlEAIYBCAA","[[[660,1230]],[[660,1230]],[[660,1230]],[[660,1230]],[[660,1260]],[[650,1260]],[[650,1230]]]"
"新竹燒烤/牛角日本燒肉專門店-新竹大遠百店/新竹吃到飽/日式餐廳/新竹大遠百美食","新竹市","24.8019347","120.9648374","{""燒烤"",""日式料理"",""室內商場美食""}","$$","4.3","新竹大遠百內高評價燒烤、日式料理，下雨天不用淋雨也能吃，Google評分4.3分、累積2744則評論。","{""燒烤"",""新竹大遠百"",""雨天首選"",""高評價""}","03-523-7090","lot","付費","{""https://lh3.googleusercontent.com/place-photos/AG9NLjDbSPI0QQLN0bv7_ktvqcSN73AbxwGCI8nwW3DqwtRAxs6EzlTqp-j8W8Yuog13IEiZonQ9ZcnSl6uRGG0AMFqzcRNouqC_BlQqkWAzdfVx1Vho6tDUWevkhfGzx-RFv2bvblvlL8aUlIU5Zg=s4800-w800-h800"",""https://lh3.googleusercontent.com/place-photos/AG9NLjA3ZV1JEhH9jU3uso5TANU-kUsK7rIO-eYhTWJGelA3O0YR3qLghTCWH-7Y3welKue0VBxroOUOKlY8I9GugXT1PLYNPg9FnYiFfClx4SkrEwQg2DHUm-F-fKax0pAeU30vwbHXm_a2esxGxcA=s4800-w800-h800"",""https://lh3.googleusercontent.com/place-photos/AG9NLjBlYYgUIyPoCTa7rstLLEoBzmUvPFvZH1rtevfSmVp9oOVoffAHqcN1z15v6PkVAEMV-liDU9RCB1I2YkdRZyovvBmoZs8JlReoLmvZ343nV3Bk5EAL0NZCTg4svuyosP94jnO3F2-UDSlWaIV84Pscsg=s4800-w800-h800""}","https://maps.google.com/?cid=3096279966917241934&g_mp=CiVnb29nbGUubWFwcy5wbGFjZXMudjEuUGxhY2VzLkdldFBsYWNlEAIYBCAA","[[[660,900],[1020,1290]],[[660,900],[1020,1290]],[[660,900],[1020,1290]],[[660,900],[1020,1290]],[[660,900],[1020,1320]],[[660,1320]],[[660,1290]]]"
"開飯川食堂 新竹巨城店","新竹市","24.809486099999997","120.974721","{""熱炒"",""室內商場美食""}","$$","4.5","新竹巨城內高評價熱炒，下雨天不用淋雨也能吃，Google評分4.5分、累積2379則評論。","{""熱炒"",""新竹巨城"",""雨天首選"",""高評價""}","03-515-2152","street","","{""https://lh3.googleusercontent.com/place-photos/AG9NLjBSFFmy4K5ul3M5peBHf-YM6vHJ8n6ZskN_Hs6T7e961lO9iZjnausvkd0IdWDsB19YZ82l1ls4mLftT14soPDxpwRuPW26MmM6Vrj_xk6x_1vqSHC9S6nop87FaOPX-IVr_1joWPT95tH6HQ=s4800-w800-h800"",""https://lh3.googleusercontent.com/place-photos/AG9NLjAY7E7KmzsFpcEofmwMdkagpiY56s3CmzDG8zP_1GpOLrc3zyN9zg2AbhgQpyd-7kcens5nItrr_DqkAPVb__iEFuR1QKxeuCOKoSUs4jyRhizh_2x_21S_RZkCi0qh-MEF0HArQSXSBO3Q-OMugWbz=s4800-w800-h800"",""https://lh3.googleusercontent.com/place-photos/AG9NLjBxOkkti6L4MB1S3COy1NqrKcfPVLnKUpCtcybdH7bbDcFyo-ApS8vPteEeNMWjyLyfKFl-7Nx7X2bek3IGwO4qgKk2IDtM63zq7_VNAkIOIHBQe6Ty-FF7A4xUX4N-zTU7vOspGzc58x9esBrZThq8_A=s4800-w800-h800""}","https://maps.google.com/?cid=6233753063400383588&g_mp=CiVnb29nbGUubWFwcy5wbGFjZXMudjEuUGxhY2VzLkdldFBsYWNlEAIYBCAA","[[[690,960],[1050,1290]],[[690,960],[1050,1290]],[[690,960],[1050,1290]],[[690,960],[1050,1290]],[[690,960],[1050,1320]],[[660,960],[1020,1320]],[[660,960],[1020,1290]]]"
"朱記餡餅粥店 巨城百貨新竹店","新竹市","24.8094444","120.9747222","{""麵食/小吃"",""室內商場美食""}","$$","4.4","新竹巨城內高評價麵食/小吃，下雨天不用淋雨也能吃，Google評分4.4分、累積2141則評論。","{""麵食/小吃"",""新竹巨城"",""雨天首選"",""高評價""}","03-623-8821","lot","免費","{""https://lh3.googleusercontent.com/place-photos/AG9NLjDfGeQ1cdZkQtnNy3aNkaV129VwjujaJlDfpOsUzD9eI2ppu2pKuiZCQbANthG5Ku-XMzf5Q4db8Ti-M0iyCdKVfZTIm0lNO8IqVSN7WfRJOx6bvSPMUlTHf_PrOxEsCfvSN8h8qLkk8dswnBjLSwXI=s4800-w800-h800"",""https://lh3.googleusercontent.com/place-photos/AG9NLjCsUPrr8pJFeE1_CGnhK8H9ISnPGXbP1P4450WRE4Mc-Qqw4OzgC_jCeRhQedMc20DSJfk-iltFb1ZcDjPL7azdLZD3u-s3a0z__-YfmGg3cIGSlGIzXFa8vsExICDBTalMj3gYqeJYRgWU=s4800-w800-h800"",""https://lh3.googleusercontent.com/place-photos/AG9NLjDE8V6ohzKKtmdUezpou4LJyNiVPBrcvVlnRR10mle_2LGn0QarhXD43eBX4tR9SQkDafakOa3Cq82sqaDMKbjfFsAV5U1hOr_B_4Wb3Gyru1mudgCI6_D33s4owEmDf5vkbw72JCTwD159ljvchh-5QQ=s4800-w800-h800""}","https://maps.google.com/?cid=9159484832210513235&g_mp=CiVnb29nbGUubWFwcy5wbGFjZXMudjEuUGxhY2VzLkdldFBsYWNlEAIYBCAA","[[[660,1260]],[[660,1260]],[[660,1260]],[[660,1260]],[[660,1290]],[[660,1290]],[[660,1260]]]"
"樂葵法式鐵板燒-竹北店 | Le Goût Teppanyaki","竹北","24.8190214","121.02718639999999","{""日式料理"",""室內商場美食""}","$$$$","4.1","享平方內高評價日式料理，下雨天不用淋雨也能吃，Google評分4.1分、累積251則評論。","{""日式料理"",""享平方"",""雨天首選"",""高評價""}","03-610-9522","lot","付費","{""https://lh3.googleusercontent.com/place-photos/AG9NLjDqDo73UaM0m1jX9VvDXljJYnTxfjstzZe_2u8t1fD5reLncTUz6TdwKvmJSWP0qGr2DDoGUcdDlnd2y9cZsJI1P2MeNd3EGiJWCg0R3CXoSENH8OrnLZaNp4QLoxvc9NX810Qt06Ai2E_xfifelD6YwQ=s4800-w800-h800"",""https://lh3.googleusercontent.com/place-photos/AG9NLjDfqjuL84ku0B5j1YkwkXshKEDpCKGXhLR_EyOLElja7JEDZ__l-rvsFlT8MDTZnbQKv5qgzUrYWNQniw0_kcj5fndhkOHYABfIvA9D8rcv6bVMar2HognHTu_J6990bvwvlG5IM2zfmvKiSMPYMMvrPw=s4800-w800-h800"",""https://lh3.googleusercontent.com/place-photos/AG9NLjCXTY6C0ZmjlUCMGdrSOOmULvWTsAqXiwj3jIyeOYTfzw43bRQbdIv0WVSoUghQhjaKpQ-FXCggFAaVWyWFDQef1OHDr5U73ib9-hrtDPcniyzu29pCG8PWYIZw0J7eDuE7PKrCQZlSH2PUC79zTDJQjg=s4800-w800-h800""}","https://maps.google.com/?cid=12398655299640048678&g_mp=CiVnb29nbGUubWFwcy5wbGFjZXMudjEuUGxhY2VzLkdldFBsYWNlEAIYBCAA","[[[690,840],[1050,1260]],[[690,840],[1050,1260]],[[690,840],[1050,1260]],[[690,840],[1050,1260]],[[690,840],[1050,1260]],[[690,840],[1020,1260]],[[690,840],[1020,1260]]]"
"涓豆腐 竹北遠百店","竹北","24.8224561","121.0240234","{""韓式料理"",""火鍋/鍋物"",""室內商場美食""}","$$","4.4","竹北遠百內高評價韓式料理、火鍋/鍋物，下雨天不用淋雨也能吃，Google評分4.4分、累積693則評論。","{""韓式料理"",""竹北遠百"",""雨天首選"",""高評價""}","03-550-9696","lot","付費","{""https://lh3.googleusercontent.com/place-photos/AG9NLjCWuqJJVQBuI6iHRoNtCkl08wI3plBJ2Ba8qjB0AMltydO-Ps2nCz_5vzPLQt0IZAzJ2B4_O3XTrHdAJW7d8XQFmPEFGX7wgEJGh4wp0VIHrTYI_S7K--Of0fRPUCcm2zi4bkwm67CqqFOSug=s4800-w800-h800"",""https://lh3.googleusercontent.com/place-photos/AG9NLjD-3D0zktZAxID5OuqTXpnMzEkPeLg3ajQ_oMlZiDQcBH23HRRprr-989cwkkqrCPW-V5ILO8i8UumE4b6K9DPekRhz7_EXb4-0NXbLQqU7tn0XPSZNah7FfluHPVFXFjnF406rzmj5cJunbhUvK7V92A=s4800-w800-h800"",""https://lh3.googleusercontent.com/place-photos/AG9NLjDIUztuXtVCwtwVAVngEgp-OH_Cq5RRanXtYNNNT7_Qdg8eE5ULZSVDQAfwep7hhm7sDoZZdN1TEz4OkB3NlOn1ySO1g0vM-zg93_0WwIufohKvx5vR_7Wi9lZPj_KYVMdvXPzposAi87n2PDK4cZugPw=s4800-w800-h800""}","https://maps.google.com/?cid=4564851596751025119&g_mp=CiVnb29nbGUubWFwcy5wbGFjZXMudjEuUGxhY2VzLkdldFBsYWNlEAIYBCAA","[[[660,930],[1020,1290]],[[660,930],[1020,1290]],[[660,930],[1020,1290]],[[660,930],[1020,1290]],[[660,930],[1020,1320]],[[660,1320]],[[660,1290]]]"
"山口六家食堂","竹北","24.8188908","121.02715939999999","{""日式料理"",""室內商場美食""}","$$","4.5","享平方內高評價日式料理，下雨天不用淋雨也能吃，Google評分4.5分、累積679則評論。","{""日式料理"",""享平方"",""雨天首選"",""高評價""}","03-667-6017","lot","付費","{""https://lh3.googleusercontent.com/place-photos/AG9NLjC-5_vTel08umdnR_QntUatHd1bD0MYFKn7Ht5HMNCHO6fmcvlya2tk17P-ULHr32fC4OrLu-FX_oE4Uu9KMHQoCK4DD4vvY29kbQ253aaGfOF2IyRFMltD-lRBJywmICNTv_M4l3yAM5epK88=s4800-w800-h800"",""https://lh3.googleusercontent.com/place-photos/AG9NLjAhIcDlWaLubwHNLZlfvztU5inTzXWRkp_niWAJnUoJNO80ERSGeAxrCK0hsALyRMv9ZpPcvKdoARhNsIjVk5GmSqkkbPt7IRO5LDFWswVYzQYN0QltbUh1GuBcwC9l4wl0EYxtuEt_6fCStajbHvXnKw=s4800-w800-h800"",""https://lh3.googleusercontent.com/place-photos/AG9NLjDJDOILPsdMdJR3tapkbmgKBsP4lZgP9JISUp2NvE6XaABE9Fi9U4hLr9QfyLYDjvaRAEmmDDedhHvbcWfWJkhUOVPprHhlZXyBE0JnqftJZFD8q7SSR1oTtwjWWike9NraQhuhMNaoXK6MOehi0vTMWg=s4800-w800-h800""}","https://maps.google.com/?cid=14874872572328388075&g_mp=CiVnb29nbGUubWFwcy5wbGFjZXMudjEuUGxhY2VzLkdldFBsYWNlEAIYBCAA","[[[675,900],[1020,1290]],[[675,900],[1020,1290]],[[675,900],[1020,1290]],[[675,900],[1020,1290]],[[675,900],[1020,1320]],[[675,1320]],[[675,1290]]]"
"Cold Stone酷聖石冰淇淋竹北門市","竹北","24.822164599999997","121.02310059999998","{""甜點/烘焙"",""室內商場美食""}","$$","4.5","竹北遠百內高評價甜點/烘焙，下雨天不用淋雨也能吃，Google評分4.5分、累積132則評論。","{""甜點/烘焙"",""竹北遠百"",""雨天首選"",""高評價""}","03-667-3240","unknown","","{""https://lh3.googleusercontent.com/place-photos/AG9NLjBlKEuKLVDLZUF6CwzCxxGpkGQCkjTiQwY4-va7oXE4O6j1cOcUddMrstRhjyF9PhQTreINJeeGdj87wOSYdmfpCOr0Gpp_Z5_z5Ao9wM7qcz0D_7TCTEZSDBnPqrCPUjoujD4d_VRRfai-Khw=s4800-w800-h800"",""https://lh3.googleusercontent.com/place-photos/AG9NLjD0wUHjgBZlbzZQLxsCzM9rT_-Y9K6azkYXnwCVPZgs9w6duQRIpyuGfcvpNYfkJ1gafwCENB8ZeTpCDDPBw87XE8i6upKlO2Mcu6FN2ElGsJKWjjq00qI-rSxMxQfqady7x06va2uO1EpYXbK5FieI=s4800-w800-h800"",""https://lh3.googleusercontent.com/place-photos/AG9NLjDmhZcbOweYFiUW6eLNFbWUAy5nYk4IbvMKCLa-14i3AJ-4UYniqOiGPT811QYUYDdQqMetBo4S-zEk2YtsWfAXYkHyBc56YMA9IxRq5HlKphw4hEb44fPV2rPnIumt-Qr5VmyaFPKr8cXgvTG_GdgyAA=s4800-w800-h800""}","https://maps.google.com/?cid=9215481265789588753&g_mp=CiVnb29nbGUubWFwcy5wbGFjZXMudjEuUGxhY2VzLkdldFBsYWNlEAIYBCAA","[[[660,1290]],[[660,1290]],[[660,1290]],[[660,1290]],[[660,1320]],[[660,1320]],[[660,1290]]]"
"丸亀製麵 遠雄新竹店 烏龍麵餐廳","新竹市","24.8193853","120.9695316","{""日式料理"",""室內商場美食""}","$","4.4","iFG遠雄自由行內高評價日式料理，下雨天不用淋雨也能吃，Google評分4.4分、累積381則評論。","{""日式料理"",""iFG遠雄自由行"",""雨天首選"",""高評價""}","080-000-0063","lot","付費","{""https://lh3.googleusercontent.com/place-photos/AG9NLjC3r3GVGShtmf7ShwrL5pTM22auixvjmdhUshy403VNkkk4ybWQqiwLeaS60MSb8txHKuQOxt7sBVAVhhOk6o_KW0BIj2RvHHO9sEJvh5F7zV9UCU5x8OEYcAc6LHi61ye6VmEgvN6VdO13axFsrSL9Og=s4800-w800-h800"",""https://lh3.googleusercontent.com/place-photos/AG9NLjByxTgQNviRuVjbng5THKRxne84lRSDzHI971zEGYCZ7umlzW2skkPfxeA6dRq-iaJpj6DV6gpMn1QCcDIpToROTy7tyuhvwKSx965NcdRx2SbcaxtxPQYmnZeO-ZFAqH9syAcwZy2gfE-XRkc=s4800-w800-h800"",""https://lh3.googleusercontent.com/place-photos/AG9NLjD2sMl2zksokfKnh0ELsLoWfmrQx3n26cHq0EFE1b0bwHbKVonCzvpoeux9Axb6-myY9MO5dfd0omTzEVCd6DCsFPTJ0upgLSbSfK2fNX2STTmekKXuwLVvVzDXp46pVLYDNPdVXxPjX8O03oYRlj1k7g=s4800-w800-h800""}","https://maps.google.com/?cid=8708216256989260409&g_mp=CiVnb29nbGUubWFwcy5wbGFjZXMudjEuUGxhY2VzLkdldFBsYWNlEAIYBCAA","[[[660,1320]],[[660,1320]],[[660,1320]],[[660,1320]],[[630,1320]],[[630,1320]],[[660,1320]]]"
"藍象廷泰式火鍋 新竹巨城店","新竹市","24.809486099999997","120.974721","{""泰式料理"",""火鍋/鍋物"",""室內商場美食""}","$$","4.4","新竹巨城內高評價泰式料理、火鍋/鍋物，下雨天不用淋雨也能吃，Google評分4.4分、累積2142則評論。","{""泰式料理"",""新竹巨城"",""雨天首選"",""高評價""}","03-535-6675","lot","付費","{""https://lh3.googleusercontent.com/place-photos/AG9NLjC4yKlXV3dnG_UN5UG5raF4lTt4zdkkjvWndBVOXDp4LyjFYIW_GTQFbHE0DEe49PccchblVeBKyohtjYuMRPE6cIN7kwEVKiI3O0D2fBt4b5Mk44c-D9Ty_d2wdqN74EY_2gMEDoYi_BENtg=s4800-w800-h800"",""https://lh3.googleusercontent.com/place-photos/AG9NLjBBAXxugmPSFKSCsqPlp4EzxuY3VDC0adobBnOfcvjHKwFz4FjB3Mp_dFjt4tfoPOo-hHqUQWto-usOjzvxOj19mxmd_PN1ITq1CFSe_xzNdlY15lBuuJ6sWZM_d8YUrqCMHi0y3lwihVMwPGfItBEM=s4800-w800-h800"",""https://lh3.googleusercontent.com/place-photos/AG9NLjBxHv_IlEz6B7g3Xs8e2GjAbtGrgPytP7_nUG0NQaHrhozTAdEttRVL6_dHJz9mmp4eJqKMj8v1RtOQYt2EUhNUhdE3-pJB4-zQ05MPONs56H-vQqjvYAMtBVLzdDw5Po2GTaDDE25_xwKmKDcSHoZPhA=s4800-w800-h800""}","https://maps.google.com/?cid=7058360676035412074&g_mp=CiVnb29nbGUubWFwcy5wbGFjZXMudjEuUGxhY2VzLkdldFBsYWNlEAIYBCAA","[[[660,1290]],[[660,1290]],[[660,1290]],[[660,1290]],[[660,1290]],[[660,1320]],[[660,1290]]]"
"Starbucks星巴克 西大門市","新竹市","24.8019347","120.9648374","{""咖啡廳"",""室內商場美食""}","$","4","新竹大遠百內高評價咖啡廳，下雨天不用淋雨也能吃，Google評分4分、累積677則評論。","{""咖啡廳"",""新竹大遠百"",""雨天首選"",""高評價""}","03-527-7126","lot","付費","{""https://lh3.googleusercontent.com/place-photos/AG9NLjBv10SDGj7MnfMG7kmMpxuV-g4NnbG9Hko4GdPhBKA17MGmZuU-KsfwwIw6Ife8Wys02WMhQ1JNwpRZlZhfEsP4ZBxWbPbD46FLG7I3KW1PWrc035tCmHONpaUobRaL6ug0e2cqMMqB6SnAvQ=s4800-w800-h800"",""https://lh3.googleusercontent.com/place-photos/AG9NLjD59SZf4XKDgFNTxFGLCa29JTBuMxWexeV9tQU2sOYN8NVhBhFHsv_PieiEvEeCJmSgqvZawuTo1AobXdkE38psa0n1PHDzoCE0jyjMXQLXYJQkGDpv935FPJNzJk8WWWF1M0T2EYGqeZpNZay3MUE5kw=s4800-w800-h800"",""https://lh3.googleusercontent.com/place-photos/AG9NLjAbitUqLn0Kb7hkICXZkSICJBJ0qEj0QZk43BhUxG1af-z-U6uuBAk2b4QJtRilgLx4NF4V24b5RNNT31Zy0add1fiSbUbt-fJOTLodINcmDQpRs04j4kEZq0IywflRIwKbPJRziDrl59pQaRE=s4800-w800-h800""}","https://maps.google.com/?cid=119420954219194902&g_mp=CiVnb29nbGUubWFwcy5wbGFjZXMudjEuUGxhY2VzLkdldFBsYWNlEAIYBCAA","[[[510,1290]],[[510,1290]],[[510,1290]],[[510,1290]],[[510,1320]],[[510,1320]],[[510,1290]]]"
"來吧！肉夯夯韓式燒肉吃到飽湳雅店ROU*HANG BBQ KOREA RESTAURANT","新竹市","24.819554999999998","120.96991419999999","{""韓式料理"",""燒烤"",""吃到飽"",""室內商場美食""}","$$","4.1","iFG遠雄自由行內高評價韓式料理、燒烤、吃到飽，下雨天不用淋雨也能吃，Google評分4.1分、累積843則評論。","{""韓式料理"",""iFG遠雄自由行"",""雨天首選"",""高評價""}","03-542-0386","lot","付費","{""https://lh3.googleusercontent.com/place-photos/AG9NLjBmDJPXLyhauMfKNIVdlOlwsPYyT2KHxsblVJR2lioLNLQKOSDN1M47A6aiEP4nkozfpg4qV-frKzJPhzmYMha4hDXbLu5Pv6nRKjc1j-c81AebtleguDaFGQtO0sqkWpLW6kiCJKB6b0dH=s4800-w800-h800"",""https://lh3.googleusercontent.com/place-photos/AG9NLjC1Gkmh0SbDtljdnZ_-ndWtDChxqeUWamQVbFRYsjfZG_vU-YXQ7AQ-TeNURRUmHeA9nCrmsoxg4nKhXOXvP2tJvO2J-kXGT1j77QcAKYXfYtie1896StU0D88a93z3CDfSlJczvNugx_ZiYzROtvCxEA=s4800-w800-h800"",""https://lh3.googleusercontent.com/place-photos/AG9NLjD1Ohidc6_OWMsARRUZyhD5n5Zg4F57ld5IuWGkqCfGciCrRzO81UJ9tJNiQwvrS3bL8S8Gn8lhXHRwpkWgJwUNpqQq8BfxlZa5ZrXSNQeSAWH-Efb0pOwOrU8YFjxSE0VGyKoTIFspPAAahUuae3jU=s4800-w800-h800""}","https://maps.google.com/?cid=10034702080589948382&g_mp=CiVnb29nbGUubWFwcy5wbGFjZXMudjEuUGxhY2VzLkdldFBsYWNlEAIYBCAA","[[[660,1320]],[[660,1320]],[[660,1320]],[[660,1320]],[[660,1320]],[[660,1320]],[[660,1320]]]"
"糖朝 新竹巨城店","新竹市","24.810543","120.97553250000001","{""港式料理"",""室內商場美食""}","$$","4.4","新竹巨城內高評價港式料理，下雨天不用淋雨也能吃，Google評分4.4分、累積525則評論。","{""港式料理"",""新竹巨城"",""雨天首選"",""高評價""}","03-533-3958","lot","付費","{""https://lh3.googleusercontent.com/place-photos/AG9NLjCekDOoKogmgsApGQ5TgMBygpKK70eusBvphqXZ_9KID6nIG1z1k0nAmWqgPZifM2-fcp0CnKS6m4gvJsIGCPS1xcMN15JWs3PIEDRD6-8lI0mpOdKk0Gs7elELFoe5kRuoYqLOa4ebjLZ9LGU76vYK6A=s4800-w800-h800"",""https://lh3.googleusercontent.com/place-photos/AG9NLjBxe3dtzsEDaM-fc49Tbe_RgvaMT5jvSJk5LRdvwC3xspScBWredRis6Gr0Ee6eG5GFPcSiG-68Xwu5oAXWZA7gBK1QlVsQAkLEpjjfP7jJYs2933vjQCq6o4iCbJsJ88vZzD0Y7_Uh29UQw_0sE1dI-Q=s4800-w800-h800"",""https://lh3.googleusercontent.com/place-photos/AG9NLjAmFTWMmWhrIpazfKE5lgtXxjFJhGgFMlrGx2jYtGzFrndxjRoj6syOMMBVumwY52fN0BhEIvroRJZPmxGffCadgigZPq1rhrr9Q9iX8OVMAHM-QDHU9O7Ml5JAMADyImD21EgbSstuvqS_8GGtjN63=s4800-w800-h800""}","https://maps.google.com/?cid=18325997468384343925&g_mp=CiVnb29nbGUubWFwcy5wbGFjZXMudjEuUGxhY2VzLkdldFBsYWNlEAIYBCAA","[[[660,930],[1020,1290]],[[660,930],[1020,1290]],[[660,930],[1020,1290]],[[660,930],[1020,1290]],[[660,930],[1020,1290]],[[660,960],[1020,1320]],[[660,960],[1020,1290]]]"
"銀座杏子日式豬排-iFG遠雄廣場新竹店","新竹市","24.8196217","120.9697541","{""日式料理"",""室內商場美食""}","$$","4.4","iFG遠雄自由行內高評價日式料理，下雨天不用淋雨也能吃，Google評分4.4分、累積2488則評論。","{""日式料理"",""iFG遠雄自由行"",""雨天首選"",""高評價""}","03-533-7189","lot","付費","{""https://lh3.googleusercontent.com/place-photos/AG9NLjAjhWdbUzMcPuAPHjqH36vasj1cXnjkIJLo6YsU_2cUG7xX-132MSBn5ciZxomKHwqnwEre9N3GXvKgkYhnfDP4PmmdqFJU4BWHopA_PFPD6sOilXou4_QOjmaJgfnkG1aYH2Mhl0CfbB0iSw=s4800-w800-h800"",""https://lh3.googleusercontent.com/place-photos/AG9NLjBi-ffMRzoITHExlxtBYHB7tRHfPYq1SCoMTha_VuZNYMgAqdIUt_b7az-NW0euY19L55IiHRjfJjmmCVdo6iqLaX4XkR_NM3oGbg3H0uuXq4-6lIfwQ-RQfAwhIWr94qt0ECMnkjQWqgvU39IAcGkajA=s4800-w800-h800"",""https://lh3.googleusercontent.com/place-photos/AG9NLjDSmCjBT5XTqQUyiDOjOkcnWMlH9hHh00QdTzf9S33uEbSsCNW7wTGWUhCbbRpYxdjAApGQu0Q1gnP7SWkK68FTy8Bzbb9-7EKzZAZ-7-P-BllBvWowA4KexgAy9a4Cp-Eh50TyefvjFUzfUGkK-hXSvw=s4800-w800-h800""}","https://maps.google.com/?cid=7941663876515362530&g_mp=CiVnb29nbGUubWFwcy5wbGFjZXMudjEuUGxhY2VzLkdldFBsYWNlEAIYBCAA","[[[660,1320]],[[660,1320]],[[660,1320]],[[660,1320]],[[660,1320]],[[630,1320]],[[630,1320]]]"
"忠青商行 新竹巨城店","新竹市","24.809486099999997","120.974721","{""熱炒"",""室內商場美食""}","$$","4.2","新竹巨城內高評價熱炒，下雨天不用淋雨也能吃，Google評分4.2分、累積875則評論。","{""熱炒"",""新竹巨城"",""雨天首選"",""高評價""}","03-535-5059","lot","免費","{""https://lh3.googleusercontent.com/place-photos/AG9NLjBW5Z5Pv3wVCFfImlLkSU4LXGx6HpSFWzy6E-vbLdiNjZNxZR58zLEUJuv72GiKd2x9Ncm17hBfzxvxvjoBsIaTTtk5fkCRbgH0zV7OHR4IYtYKsMh3y3eIC0IGoA05TWYKcy480meWmbhX9qj4eBzqEA=s4800-w800-h800"",""https://lh3.googleusercontent.com/place-photos/AG9NLjDKY-9Nw_lnhTw1z2mAUsB9ZkUd-kdA6GllcLEJbzfa-ka4D5h-mPJyt-S5U6x6g6EmpIVFxvZV0ZxTSSUOWUj5kV4su_Uwfco63C-wiEkyIIePFHt594t-nx7y3_NNcCaGuhG_GU4u5kAd3OUq9ztGWQ=s4800-w800-h800"",""https://lh3.googleusercontent.com/place-photos/AG9NLjDzad-8-bxMU_wCDko1Ucg3rr38W0p_HgdL2_jOvQEanPwlOPEFKjFeR0HWnqi62nWrnbhsC9eG4nJOdFHFux5aWFOq1qp5LBtxiNAfLB_38o_RbR6SoWR43GN3QHHezoKqOkKzQ7d8jyPyxkW8ZibK=s4800-w800-h800""}","https://maps.google.com/?cid=10840175969650713761&g_mp=CiVnb29nbGUubWFwcy5wbGFjZXMudjEuUGxhY2VzLkdldFBsYWNlEAIYBCAA","[[[660,1290]],[[660,1290]],[[660,1290]],[[660,1290]],[[660,1320]],[[660,1320]],[[660,1290]]]"
"上菜 片皮鴨專賣店 新竹遠百竹北店","竹北","24.8226347","121.02391509999998","{""熱炒"",""室內商場美食""}","$$","4.4","竹北遠百內高評價熱炒，下雨天不用淋雨也能吃，Google評分4.4分、累積2416則評論。","{""熱炒"",""竹北遠百"",""雨天首選"",""高評價""}","03-658-7615","lot","付費","{""https://lh3.googleusercontent.com/place-photos/AG9NLjAD5t4pN9YZX_X2t7WGKeZ5uM10z1LkZbWlrYJbghN-uusgEhe_Ejbv2Ejfn4FS3i2kZKaOOHGB0PtKfmz4WXZNkZfBWJJM90BDdZM81Pgrvcka4HKh2IpJCvudvGrkAjYkv68BFsKkbPkQnA=s4800-w800-h800"",""https://lh3.googleusercontent.com/place-photos/AG9NLjDd_r7hBiQLCjy57xBW_OEhkYEImxxkztbpWfB51jmax1Iy8nmIwzP-4AqRcyLpk6qw5vq1u64QnJE6f1Thjat0UZgCvxr4It4-dnXrZgZ1p6mkyGfgybbHtEfOV9hGWdkQch2eW6yXReEpvg=s4800-w720-h720"",""https://lh3.googleusercontent.com/place-photos/AG9NLjA3PfxFyq-m7Xbpvl6dbcy63veh88ydF0WLht2n1sD34Gj8vflMwvz37JWnwH1kW3kdi6nxXUJNU1ul6SdS2rtqc0BfZxZ6JM2BOLI3cjoLl4763losQdXl0EaXe1y1zbHCVlzAqxbZorxYMMhQYWEqHQ=s4800-w800-h800""}","https://maps.google.com/?cid=6182836278109277773&g_mp=CiVnb29nbGUubWFwcy5wbGFjZXMudjEuUGxhY2VzLkdldFBsYWNlEAIYBCAA","[[[690,870],[1020,1260]],[[690,870],[1020,1260]],[[690,870],[1020,1260]],[[690,870],[1020,1260]],[[690,870],[1020,1260]],[[660,870],[1020,1260]],[[660,870],[1020,1260]]]"
"新馬辣經典麻辣鍋-新竹巨城店","新竹市","24.810367499999998","120.97481529999997","{""火鍋/鍋物"",""室內商場美食""}","$$","4.6","新竹巨城內高評價火鍋/鍋物，下雨天不用淋雨也能吃，Google評分4.6分、累積3053則評論。","{""火鍋/鍋物"",""新竹巨城"",""雨天首選"",""高評價""}","03-531-0213","lot","付費","{""https://lh3.googleusercontent.com/place-photos/AG9NLjDMQQooNMJg6Mn2gdbBgjW4wWb5jryY-1SXcjTbx_JbxIFdgWAOagSzDf4X6eLyAgtGGYENcGqgrwypiOijOWzOwMJlcPTO9vZu-vSRhQbBNGxY4X6PG61GfoDu3g17qG4PIB9ynrGz-ZDhlA=s4800-w800-h800"",""https://lh3.googleusercontent.com/place-photos/AG9NLjBsZqDnz5nm2R7UUFvyunNS87BC3zJRVXyFmXzp8mZqd0EumuAQ3DddKYNnzOdnrRaDqV307xzeXso1iNUoPiB4GuAUuLSeEzE2m1m-tF9kLxIeFdax3NMgfHF48AXDyU1AjfkDJIYMNWMIakF5ULq3oQ=s4800-w800-h800"",""https://lh3.googleusercontent.com/place-photos/AG9NLjAD8yvqLYNmge8-ZXg7K2EUbHbcL9XTW2ALnWmJs_-Dao4FYc7ItVMO_l1mmKcM8yx5SuqwOid1Zf9-YW-kwaTnD4dfzGGRUofVI2TZrlVbnMOFXGepPSk5yxsX9q3gYBwmbc90GKr5Bll_XOFmUdAEBw=s4800-w800-h800""}","https://maps.google.com/?cid=15056546832134761904&g_mp=CiVnb29nbGUubWFwcy5wbGFjZXMudjEuUGxhY2VzLkdldFBsYWNlEAIYBCAA","[[[660,1290]],[[660,1290]],[[660,1290]],[[660,1290]],[[660,1320]],[[660,1320]],[[660,1290]]]"
"瓦城泰國料理 新竹遠雄店","新竹市","24.819415799999998","120.96952960000002","{""泰式料理"",""室內商場美食""}","$$","4.7","iFG遠雄自由行內高評價泰式料理，下雨天不用淋雨也能吃，Google評分4.7分、累積2111則評論。","{""泰式料理"",""iFG遠雄自由行"",""雨天首選"",""高評價""}","03-515-3358","lot","付費","{""https://lh3.googleusercontent.com/place-photos/AG9NLjBg4lY9AIE5FuktZ3s7SlOX3IrYq3HL7_03neEgD0YIHKM6hv4MrJKoZzVwciIXqZP4izbHKZRjUF-uQk4joia176aaA6ciwxytbvd3rx8be_5_bGJXKks8v2BQw7Acn6kWqtKnf9OeLdJYYWWi01es-A=s4800-w800-h800"",""https://lh3.googleusercontent.com/place-photos/AG9NLjCUD-SpuZUsqCMRXpGH0-CLGtrBfArTnDVIGAIHLymJXubLKU2XNxGr-vmMhlrDhYZFbAiX9LcwOtRli-4SpHJIt2tggyRDf175Hu_AX_ixzfDIVZG791aylUw7q704gi5J3Vp9XlK8rbilIjO07fDfNQ=s4800-w800-h406"",""https://lh3.googleusercontent.com/place-photos/AG9NLjAhA9XFGOPhSQCjXElLT2fSd2P_zt3SFGrB1XpyBOHUUgI2PCKCmFTNdTjsqXf6YZJEsJ51KwUoStMwfw1quHUxya7afOPttXMBGBFeuQ-u-J85GxFguT2xRUYtjAkOVS_hrpAkq_VVfkdrgYZXCQ5CVQ=s4800-w800-h800""}","https://maps.google.com/?cid=15730317026354093837&g_mp=CiVnb29nbGUubWFwcy5wbGFjZXMudjEuUGxhY2VzLkdldFBsYWNlEAIYBCAA","[[[660,870],[1020,1290]],[[660,870],[1020,1290]],[[660,870],[1020,1290]],[[660,870],[1020,1290]],[[660,870],[1020,1290]],[[660,1290]],[[660,1290]]]"
"MAGiC TOUCH点爭鮮-iFG遠雄新竹店｜日式料理壽司生魚片","新竹市","24.8195418","120.9696037","{""日式料理"",""室內商場美食""}","$$","4.5","iFG遠雄自由行內高評價日式料理，下雨天不用淋雨也能吃，Google評分4.5分、累積3559則評論。","{""日式料理"",""iFG遠雄自由行"",""雨天首選"",""高評價""}","03-531-1019","lot","付費","{""https://lh3.googleusercontent.com/place-photos/AG9NLjBMneALyRH3u5Mq9jS_vs5QqWZ7VkguqGrjxv1eSivQzUkqXBZPmmRL8MubXPb2pkt8O8XmXY1znZKeQl9-riSE4yLslaNQGpy8w_fYGpsqG0mgL_wapfl6CSgTGALmd8_qPrVox9gr1aJR2A=s4800-w800-h800"",""https://lh3.googleusercontent.com/place-photos/AG9NLjDNJmwPX_vSuVNMJ5gDpmFGgpZqbxAwTmRo1cFeT8FRGYg4klAjMDHacPl0VZNQiSitkJxR_0buzz5dQX0ihilvb7kYQsQCqpp-T7fYROjXFO8WJPf3leKo4YqolhJGseFFMMuWR76gtdhNvg=s4800-w800-h800"",""https://lh3.googleusercontent.com/place-photos/AG9NLjDd5NU4gMgQuBomzMdIPQ6i3WV5aECK0r4yVpbvR1hofAzvlGx8YL89XbYEzFVhHgbdGABxZmT8tpZrb-SDcOor7LQxBgyuVAb8CkFKOyb_k_Zc9jqfLRv80fyjTYmEkpHWZMhtR0z8jp6QuEokAzAG=s4800-w800-h800""}","https://maps.google.com/?cid=9282495348920078761&g_mp=CiVnb29nbGUubWFwcy5wbGFjZXMudjEuUGxhY2VzLkdldFBsYWNlEAIYBCAA","[[[660,1290]],[[660,1290]],[[660,1290]],[[660,1290]],[[660,1290]],[[660,1290]],[[660,1290]]]"
"乾杯燒肉居酒屋 新竹巨城店","新竹市","24.8104209","120.97515860000001","{""燒烤"",""居酒屋"",""室內商場美食""}","$$","4.2","新竹巨城內高評價燒烤、居酒屋，下雨天不用淋雨也能吃，Google評分4.2分、累積1143則評論。","{""燒烤"",""新竹巨城"",""雨天首選"",""高評價""}","03-532-1509","lot","付費","{""https://lh3.googleusercontent.com/place-photos/AG9NLjBFVJbPVHvD7dWyMxdQodf72zWxpi9J75NJ8e3reXN139EzZROhILYMO-ukjT8KIRUXEQ-WuCWoZuIjlpurtWTI-ZtUghpzdaRRf1LWH5PmNOz4_fbXBf_ZvRqoWzELxxYxzlwpmKoAflKRaw=s4800-w800-h800"",""https://lh3.googleusercontent.com/place-photos/AG9NLjBkcoIiiTOf4UPfwXhgl_C2T2cQlGRnbF-249UqEELLcZCpcsq1Aw98JR6ZWzdgmnpmKI7mJQn4Z3oH7N4Tdr8bV_KLMJCipRFtc-j5ZHKrvqGY0bRCkCPI_b4X7nEinPq9Tg2B2GT0p8PU=s4800-w800-h800"",""https://lh3.googleusercontent.com/place-photos/AG9NLjAVcKVSfOxzFU1VZoSVDFMw4ZLqBYrCcorxv0rpZ27thlxsNyq3-gFw2quwliYRUxY7IDC_7j5aUNWS_d0bc_MZSODMiy_oz-ijkoXK5r_nQD0ValhApFs6IBveRvwULl1rZp7GpJ1rK0wwppz0DzDJ=s4800-w800-h800""}","https://maps.google.com/?cid=10657690541463849869&g_mp=CiVnb29nbGUubWFwcy5wbGFjZXMudjEuUGxhY2VzLkdldFBsYWNlEAIYBCAA","[[[660,840],[1020,1230]],[[660,840],[1020,1230]],[[660,840],[1020,1230]],[[660,840],[1020,1230]],[[660,840],[1020,1260]],[[660,1260]],[[660,1230]]]"
"朱記餡餅粥店 大遠百新竹店","新竹市","24.801968799999997","120.9649556","{""麵食/小吃"",""室內商場美食""}","$$","4.2","新竹大遠百內高評價麵食/小吃，下雨天不用淋雨也能吃，Google評分4.2分、累積1271則評論。","{""麵食/小吃"",""新竹大遠百"",""雨天首選"",""高評價""}","03-523-8120","street","","{""https://lh3.googleusercontent.com/place-photos/AG9NLjAjJxrbsXRfMY2-tr_bFgHe6U8LQyGSjSTvJyy47FZ-MJ5u1WsfwcmOyzn5iOQRoyzXLA_RPvI-L2ACQtBlS-vGvbex_tItRxdaRQVYmqgebisqS29STgHVkF0xEBqvrs9TUSU1aI7A9zOvjSqske-r=s4800-w800-h800"",""https://lh3.googleusercontent.com/place-photos/AG9NLjDNti6qJsuSBcGTWErePX-6MtYglqOj2PxUzNsfK-n-FaVGCB90V7DZyOG0QrNHJ-HtJddpwXoOnhuHQ9yC9lS0292ALgPzRWVhMH4RGIaqISe-_p7SHuS9MdUxk5_fuLisLSF3gN6leaPsd3Wy553T5A=s4800-w800-h800"",""https://lh3.googleusercontent.com/place-photos/AG9NLjBPNrCrcaN-qzgWOVePQBz8oYBAcK53qGcGC25XpMPpfAWXpSxkxjgeiDt0EJ5MQ-E4Wr4gcvCVDWqHR2HUt-5GVYL_GC7Ew1XZXC04C2kXsc2qYvgirQGB7B7E3f_ZKEY-PzziuPbArlKJXw=s4800-w800-h800""}","https://maps.google.com/?cid=16935073166868386167&g_mp=CiVnb29nbGUubWFwcy5wbGFjZXMudjEuUGxhY2VzLkdldFBsYWNlEAIYBCAA","[[[660,1245]],[[660,1245]],[[660,1245]],[[660,1245]],[[660,1245]],[[660,1245]],[[660,1245]]]"
"時時香 遠百竹北店","竹北","24.8226843","121.0236847","{""台式/客家合菜"",""室內商場美食""}","$$","4.2","竹北遠百內高評價台式/客家合菜，下雨天不用淋雨也能吃，Google評分4.2分、累積1043則評論。","{""台式/客家合菜"",""竹北遠百"",""雨天首選"",""高評價""}","03-658-0648","lot","付費","{""https://lh3.googleusercontent.com/place-photos/AG9NLjBJRuPz6eV8lwcw_lu4fmgrdO5bBpHVp6mFOPltXjUsLa1PIt3ScIBv3Y0mAP0awVASrZmjiHjJYhIeOM-n7HLOLsLuksxgt54Jf1E8dKt9Utg34sXM79OzK3SRUtJy_inHRz8NUYnMHziAXQ=s4800-w800-h800"",""https://lh3.googleusercontent.com/place-photos/AG9NLjDitOU4kph0CNdEcqJIhvU-Il9_3w1tGFe5XWxZF6I1eX14ky06gDw1JTZhzj6jutPMp6HNXmkWnPQwg9KC-6h8I8b1r0SSIKBHrcMXj3cRMBZ92BCqtHlL-AWzDgVvgufOwACy47JzNb95-dyuZkgxTg=s4800-w800-h800"",""https://lh3.googleusercontent.com/place-photos/AG9NLjBI2aeYRogRpiocVeGvzJBOPp6veCjGJwlr_pWFf1YuBI73IE5ZPsIBEVqvjqu_MazAzGcBYxRh7ZSAlpLD8ZchuHsnSTR2USIo5CCyM4sjsc0rWzZ6aaewbo4egMwm1Zl9cErXdBgSL4mnkZaw5Rqu=s4800-w800-h400""}","https://maps.google.com/?cid=1826861028171150391&g_mp=CiVnb29nbGUubWFwcy5wbGFjZXMudjEuUGxhY2VzLkdldFBsYWNlEAIYBCAA","[[[660,900],[1020,1290]],[[660,900],[1020,1290]],[[660,900],[1020,1290]],[[660,900],[1020,1290]],[[660,900],[1020,1320]],[[660,1320]],[[660,1290]]]"
"くら寿司 藏壽司 新竹巨城店","新竹市","24.809444499999998","120.974747","{""日式料理"",""室內商場美食""}","$$","4","新竹巨城內高評價日式料理，下雨天不用淋雨也能吃，Google評分4分、累積2931則評論。","{""日式料理"",""新竹巨城"",""雨天首選"",""高評價""}","","lot","付費","{""https://lh3.googleusercontent.com/place-photos/AG9NLjB7qCqNVv7YZTFVg2651tanD3FzKgX6hZuhVaU7RUUvcux4S0DXTHEEpoXMOIZ15zjsgug5v-X07FaGNgYF_cheI6Ja011Q83vjO5uUYRFI8CYfGCC_Hjh5IBQjPuR6ixgsPT1RZ7cBaZY5TA=s4800-w800-h800"",""https://lh3.googleusercontent.com/place-photos/AG9NLjB4ZrufFS4yvnTXvUh6d2ciJBuMo1L_7lJTrnnjZG7PE0lcH76UrmsiXSR1Lor0-TXDrBSFVr1vjFD9vHMMK-lMpVrm26fs8aLRY6ckHzSTi5AvUEbB6yP4GfJDL1d8S2PnY_Ce19CU1U9zGP4gNzFfaA=s4800-w800-h800"",""https://lh3.googleusercontent.com/place-photos/AG9NLjCFlcqBcvTknfxkF_H61UUCPEY8mZgUY81HefGGtKfxn2X6tAEmm36IS6c4QAcCwntQ5gyN4H6ViXT1uAzHS7RzMob6EXEGPzFEc8Bng6hTEnCGC5ebJy1cnM68tvQauygRqJF_dQIgmMdpAkKEXqIbYw=s4800-w800-h800""}","https://maps.google.com/?cid=11068175131538761356&g_mp=CiVnb29nbGUubWFwcy5wbGFjZXMudjEuUGxhY2VzLkdldFBsYWNlEAIYBCAA","[[[660,1290]],[[660,1290]],[[660,1290]],[[660,1290]],[[660,1320]],[[660,1320]],[[660,1290]]]"
"豆腐村 Tofu Village - 竹北享平方店","竹北","24.8188908","121.02715939999999","{""韓式料理"",""室內商場美食""}","$$","4.4","享平方內高評價韓式料理，下雨天不用淋雨也能吃，Google評分4.4分、累積610則評論。","{""韓式料理"",""享平方"",""雨天首選"",""高評價""}","03-658-6807","lot","付費","{""https://lh3.googleusercontent.com/place-photos/AG9NLjAljR4iQxw4VJ3s5pDPb7uAnq0DBRlYRsYCJxlHwijFi5UQngrLWLNqjCYPKCMiAh30bYtr5BtEaTFJBTcZ8CbMicoxQ5OhwCPogYsZVm0ZBAi0Gs1XdUGK3wi7KhWAfoa87B9CI_F1YHdgmSM=s4800-w800-h800"",""https://lh3.googleusercontent.com/place-photos/AG9NLjCjmQB90lXAEjjVD4fUlyNFc_iFgc7Fb3TyOoFzk_sgxSzJPEKmnOi66h6Z_K7LRcxS7EMv_Ch6oq4x8WmLE-M3C08HrkquDEH-fxOwZm1VVm44nvrAxmkGAMuMy-lFDErJzgJSSxxTGyoGTwhutKmIyg=s4800-w800-h800"",""https://lh3.googleusercontent.com/place-photos/AG9NLjCTsjNEQfg_j4MTH2WgN0E7PBMIkPBdkSpyL0ivHkEuvFTd2OxPwSDHKk_0F6oqaIyfoCtuhwx_eEi3gZqYfyApzaIimTuIl3h43i4MrohLhXgYje4m7USRUE74u1WJqTyZ103HteEYgA7ViomrYeMz2w=s4800-w800-h800""}","https://maps.google.com/?cid=15936234045903652649&g_mp=CiVnb29nbGUubWFwcy5wbGFjZXMudjEuUGxhY2VzLkdldFBsYWNlEAIYBCAA","[[[660,870],[1020,1230]],[[660,870],[1020,1230]],[[660,870],[1020,1230]],[[660,870],[1020,1230]],[[660,870],[1020,1230]],[[660,870],[1020,1230]],[[660,870],[1020,1230]]]"
"時時香 - 新竹巨城店","新竹市","24.809486099999997","120.974721","{""台式/客家合菜"",""室內商場美食""}","$$","4.7","新竹巨城內高評價台式/客家合菜，下雨天不用淋雨也能吃，Google評分4.7分、累積5766則評論。","{""台式/客家合菜"",""新竹巨城"",""雨天首選"",""高評價""}","03-531-1289","lot","付費","{""https://lh3.googleusercontent.com/place-photos/AG9NLjCv3wN-NLtv977vAvrBlSynzor_YJGs-Pl91ZE2TdAw4E1V8vuIYxA8Eqz0QjWq6dGDkZ7fn-Zm-3p5h3XvBoSNT0VgOLVuqlVbJyyTevs4W2sgWjB392YKp1lj5l1RqT1uu-mks7_ni5B7GjI=s4800-w800-h800"",""https://lh3.googleusercontent.com/place-photos/AG9NLjDQksVc28DRaovBmmmZx6WlugpuN-JcTs5nchqAAnJTqGPhXTqi44sR25z_7GV6hWsVizOz4Nn9G4Hh4J36VC1NhbMQ2LVK07XnUOA3JGh6C33YIyMokHF4GuCYF3O9IN4UpFvcdl3vR7JJseA=s4800-w800-h800"",""https://lh3.googleusercontent.com/place-photos/AG9NLjBrtY82vbriig54UkyVfFn1rXQCWQ4N5BCVzXvsTUNfwhyhO6inpvVDYu5CJPtmzqlgMOWQfrPDVZHwuAPNPLSFjcI1QOO-s2Vyes-fHsyocGJ3YXsWXADvkgqL6xMezT_NxMquN1UYhs51kd97euolTw=s4800-w800-h800""}","https://maps.google.com/?cid=2996070727305382022&g_mp=CiVnb29nbGUubWFwcy5wbGFjZXMudjEuUGxhY2VzLkdldFBsYWNlEAIYBCAA","[[[660,1290]],[[660,1290]],[[660,1290]],[[660,1290]],[[660,1320]],[[660,1320]],[[660,1290]]]"
"金色三麥 新竹竹北店","竹北","24.819097499999998","121.0266494","{""酒吧/Bar"",""室內商場美食""}","$$","4.5","享平方內高評價酒吧/Bar，下雨天不用淋雨也能吃，Google評分4.5分、累積1401則評論。","{""酒吧/Bar"",""享平方"",""雨天首選"",""高評價""}","03-550-9008","lot","付費","{""https://lh3.googleusercontent.com/place-photos/AG9NLjAmHHdUQ57s7dOkKZwgrAgfdYu46RZ6FRTSEJdROoIf8nACl2NgWnLSJ6qmQBfTL7KZ8da6FxVjiEFzaf3c_QUFYzklrRlP6tHhhMNmOf4zmQhgCYQRmqnSSej9_6AizbfOiZ44IqlBHocgvQ=s4800-w800-h800"",""https://lh3.googleusercontent.com/place-photos/AG9NLjDUewcJqtdod8OYUjwRw5k-QNxgMGk0cowXL-9B5rlak4ndspdd_n_u7SSJjKNrdg-Zks6VJ9WzNk-u86s9yPv1Es4jS18FR7Anjgv_UDeTsP3qv5HYOv9Qwev58kRhjpIE7ydmvxBhGrLtJVC9xoJ7EA=s4800-w800-h800"",""https://lh3.googleusercontent.com/place-photos/AG9NLjBiHHeGa1223htqEOZ7suKMH0p9310okyJl9Nk5-GGZ_3nR1lmSNHSvv08vyz2wuzc_53I1x43g8mgnpUflnBwl-3zQp4KukCFw-dtqDPkO9Jc6Jz0_MCt-7XQdK401pMr8FM2zO-cMj3X7AnI5-koW5Q=s4800-w800-h800""}","https://maps.google.com/?cid=11108869168933724790&g_mp=CiVnb29nbGUubWFwcy5wbGFjZXMudjEuUGxhY2VzLkdldFBsYWNlEAIYBCAA","[[[660,1320]],[[660,1320]],[[660,1320]],[[660,1320]],[[660,1380]],[[660,1380]],[[660,1320]]]"
"青鳥旅新竹竹北遠百B2店","竹北","24.822509","121.0237405","{""甜點/烘焙"",""室內商場美食""}","$$","4.6","竹北遠百內高評價甜點/烘焙，下雨天不用淋雨也能吃，Google評分4.6分、累積148則評論。","{""甜點/烘焙"",""竹北遠百"",""雨天首選"",""高評價""}","03-550-8488","unknown","","{""https://lh3.googleusercontent.com/place-photos/AG9NLjAwnhBY-w-gvQFjqnDqa6Y4JLdwItZBhT-Qf1ZVfpjQ-fO96ilc_4ZtUuSz7G-5fL9y8A_xkeJiGzkVh7I9SoKCTalUDVyD8pzq8N-eI31W1Y0d066zmVOvBPGrNLbGavhqw3YNOrq_SkPrTg=s4800-w800-h800"",""https://lh3.googleusercontent.com/place-photos/AG9NLjDhJcTjMcN0v8zURIY3387CE2ESFYyqQt6kgZDTKs-nP5eYJuU9GSFRyWLQTWcUjqfI3PYZpRAJ3H76T9vYHnKv9qDvAUKL4eaE-71m8MyPJTZaHHlMrO-uX6hpABChiI7Jj7vunCqHQi5rFPk=s4800-w800-h800"",""https://lh3.googleusercontent.com/place-photos/AG9NLjBeAJVn9O8jy_mem75fGqWyGZGqJHVYM_ih3aAfGA_R4IfCupMcD7Jfjvbh-ALEjQETgNosa232ByKSRBl6J73eWnP2h3fFNH1mKV1aZzt2YZy4ENTyeLgS-Q-vj60kVYvLhmDcyq-oCwA4IDk=s4800-w800-h800""}","https://maps.google.com/?cid=12286404821483572489&g_mp=CiVnb29nbGUubWFwcy5wbGFjZXMudjEuUGxhY2VzLkdldFBsYWNlEAIYBCAA","[[[660,1290]],[[660,1290]],[[660,1290]],[[660,1290]],[[660,1320]],[[660,1320]],[[660,1290]]]"
"石二鍋 新竹遠雄店","新竹市","24.819554999999998","120.96991419999999","{""火鍋/鍋物"",""室內商場美食""}","$$","4.5","iFG遠雄自由行內高評價火鍋/鍋物，下雨天不用淋雨也能吃，Google評分4.5分、累積1408則評論。","{""火鍋/鍋物"",""iFG遠雄自由行"",""雨天首選"",""高評價""}","03-542-1788","lot","免費","{""https://lh3.googleusercontent.com/place-photos/AG9NLjCLW3a0vgv-kvIwO12k-1Dc2IYbEy-aS1GJeDoz4YxD84De8SICcSx-MblsDIIK0qE7BEAtm9drdFGb6W9NH3DOEXz5f_ZgUvZgMBZ92fasz9CgqTinerBztAXXQwh4DJuz_2VhzzcQbEoE=s4800-w800-h800"",""https://lh3.googleusercontent.com/place-photos/AG9NLjALroZO1ETIDCT3QryATUq4nL8SuPMXCuuJ1YJTe1bf6jarUqLm1Ele-lnKjDwnfRJkqxs0fKrL_aNl33TQOgRuzfbseROTt792eY5T7qD52CUeVvOV_3EbxHIO99j_NjFJySwlwCOPnkmu4w=s4800-w800-h800"",""https://lh3.googleusercontent.com/place-photos/AG9NLjAgMIF8q9EI4gPl8XcYDdMFeal7cWj_qJ6BZM-HoPpqXSQFiqELhFNzz8iK1oV48BK2UlWOJuDvFxdYTeOFw-8U8JEsSVraJ06I6UX_QHA6o6CUeAxY0jezlblW7DKA4fHckXEu8YsphyoGsCsjxwQAxQ=s4800-w800-h800""}","https://maps.google.com/?cid=8385590282938143872&g_mp=CiVnb29nbGUubWFwcy5wbGFjZXMudjEuUGxhY2VzLkdldFBsYWNlEAIYBCAA","[[[660,1320]],[[660,1320]],[[660,1320]],[[660,1320]],[[630,1320]],[[600,1320]],[[630,1320]]]"
"Woosa洋食パンケーキ 屋莎洋食鬆餅屋 竹北遠百店","竹北","24.8218352","121.02336120000001","{""日式料理"",""室內商場美食""}","$$","4.4","竹北遠百內高評價日式料理，下雨天不用淋雨也能吃，Google評分4.4分、累積1931則評論。","{""日式料理"",""竹北遠百"",""雨天首選"",""高評價""}","03-667-3562","lot","付費","{""https://lh3.googleusercontent.com/place-photos/AG9NLjAKflEb38SFMhdgySsQoGO0ZdXRyXsBkj4IKcifRdL9jVVaKAh_kMVHH6-Po7A3E4MWulsBln4lyYfS5-qeOQevJ8Bd67r6LFQlWfmaY2pSUXshOXoaQf-d-vbgEXCQ6II_riAei6PrWWgC=s4800-w800-h800"",""https://lh3.googleusercontent.com/place-photos/AG9NLjCC5hB-L35H5BIaT3Vab8mciyS_oNvy6isgynl_ITJPC-guVyqfASCiXdkeIziu_xyCyttj7Zo4Rnw2HxvPv3dCF01Zksblq4N4YQ1NNVNOWhEHVHmDxeWziOSDFfHtftmGwScPFljp13h9og=s4800-w800-h800"",""https://lh3.googleusercontent.com/place-photos/AG9NLjBqE-WtCZ_bJKaxbDkWYfPgKjE3LiwEC8xgczfjyQhHXomIosG99ol-zGG_Q8smPb8y8P7Rx3YplPoAjmh2vgp1WafwFjPsgYqBJu-extyqjSO1CgXUA5fSnWRAwzY7H7Nnk63DFLs4jem4hm0-zhRBwg=s4800-w800-h800""}","https://maps.google.com/?cid=18318542282850765792&g_mp=CiVnb29nbGUubWFwcy5wbGFjZXMudjEuUGxhY2VzLkdldFBsYWNlEAIYBCAA","[[[660,1260]],[[660,1260]],[[660,1260]],[[660,1260]],[[660,1320]],[[660,1320]],[[660,1260]]]"
"開飯川食堂 竹北遠百店","竹北","24.8221913","121.02337200000001","{""熱炒"",""室內商場美食""}","$$","4.7","竹北遠百內高評價熱炒，下雨天不用淋雨也能吃，Google評分4.7分、累積742則評論。","{""熱炒"",""竹北遠百"",""雨天首選"",""高評價""}","03-657-9391","lot","付費","{""https://lh3.googleusercontent.com/place-photos/AG9NLjDvX2jrXx8iX9AUWj3kAsB0_eOU_F9f1i06iHOdWWhjNOjG8DmLzrgf2F6P8cwEUhlLzfRZ-LnXkaVvUDzcrdWzH72mYqC30QLvV6r8LxD_K0V9gTe0WuSy64Tg73dap16l4YqqvxsJSVsZPw=s4800-w800-h693"",""https://lh3.googleusercontent.com/place-photos/AG9NLjCzMUeXtADoSkLgqvowc-3iA_Be3PuB8Wau5vXjdREF6RXJuAwRG7Ko35DqpgctKpS_dPr_qQdX-JNBPCxgvVFtWJIEJhex48Tf3TfAwevjWo52pJ3W3DYgmeMq8Nx8IiBpyhNb5YR6eODcQQY=s4800-w800-h800"",""https://lh3.googleusercontent.com/place-photos/AG9NLjAJlry-BHjrHQ8sdlhYKS1qj0xZo2mHIoE8-0YyTDJgBdk00NK4YX4VEkwoVFJ3UMXzAivnDY-cvo_jWR1qrrMDfGPAvWyrrLjAn8wNIEhR0-IdS4WzUPTxkf1udSAW4Tl5zt75ynh5t3jDHGvIBTDNpQ=s4800-w800-h800""}","https://maps.google.com/?cid=3935975957051992860&g_mp=CiVnb29nbGUubWFwcy5wbGFjZXMudjEuUGxhY2VzLkdldFBsYWNlEAIYBCAA","[[[690,900],[1050,1290]],[[690,900],[1050,1290]],[[690,900],[1050,1290]],[[690,900],[1050,1290]],[[690,900],[1050,1320]],[[660,960],[1020,1320]],[[660,960],[1020,1260]]]"
"四川吳抄手 Chili House 遠百竹北店 Zhubei","竹北","24.822541599999997","121.02390539999999","{""麵食/小吃"",""室內商場美食""}","$$","4.5","竹北遠百內高評價麵食/小吃，下雨天不用淋雨也能吃，Google評分4.5分、累積1329則評論。","{""麵食/小吃"",""竹北遠百"",""雨天首選"",""高評價""}","03-550-6248","lot","付費","{""https://lh3.googleusercontent.com/place-photos/AG9NLjAYQK0Dx6QgApWCVw-nrKqpeY4vT9fvbd8gkNSksq6dj8DdPd6unexJlbUeVlTXrR0e4tA-Czz0YVKm1cawDKMt7HzPiX4cMbTh1UEVFVHJ25GGwCB1DX0y-2LCZYFMAlbUg4FsVK8fI_X0voM=s4800-w800-h800"",""https://lh3.googleusercontent.com/place-photos/AG9NLjDf2xt_9T35XvgcM7QNP4LQ5ji9Dxi0i6INvKaQ8ccHq0XbWMWMLy-ElasJovZra9Y5gomHR7H_jgAkgHigE3SBMj7oBW7Qe0IJ0BZTaswbhbSVe7nL5_-Ac30HxceykvAe7vW5wX-uHnv-X4MnT9Nd9A=s4800-w800-h800"",""https://lh3.googleusercontent.com/place-photos/AG9NLjAHEyGool_-JWvOxPE94J6tGtuwSry2L2lQyRo8lX_J2OG82uPHn76ka6VqlWKq3_cDhOsuELX3ELxOiaNaqq9qVM3G6dq_KdiZo7sLC7-ti65fygzPHuD02jtz6_6P0AlBu92M2yxSTVrRJo1Zl3tn=s4800-w800-h800""}","https://maps.google.com/?cid=5947208750566187027&g_mp=CiVnb29nbGUubWFwcy5wbGFjZXMudjEuUGxhY2VzLkdldFBsYWNlEAIYBCAA","[[[660,840],[1020,1260]],[[660,840],[1020,1260]],[[660,840],[1020,1260]],[[660,840],[1020,1260]],[[660,840],[1020,1260]],[[660,870],[1020,1260]],[[660,870],[1020,1260]]]"
"72度C舒肥健康餐/水煮餐 竹北仁義店","竹北","24.834522999999997","121.018357","{""健康餐""}","$","4.2","竹北高評價健康餐，Google評分4.2分、累積150則評論。","{""健康餐"",""減脂"",""高評價""}","0986-072-702","unknown","","{""https://lh3.googleusercontent.com/place-photos/AG9NLjDYwxRaKNVWVEYGbX6v0SObypgiWgkd3opCxEeWv2o5YWDteB3DBJfnvNmnuYy1J-j81FVDg9oEMpS0ddwWaqMKYFT2NibYqrkpqwkAnJVky9lpgrMNOZzuMgIJ3EGBsnznGWH1Xaf8x_NI=s4800-w800-h800"",""https://lh3.googleusercontent.com/place-photos/AG9NLjAQJi2B6CyNaRc6IYCOIFAl0n4_85FOWHnJOg9I-5fWuCEtdbLft-5NyIIgfMHKtIwOq6vMUC1qC9BGBrGOOrkvXhoLmMfsjtsW4Jvp64ml85VhAtwSRNeTHQUV7VEa4txIsp0JZZbO0BP2Yaz-5OHC=s4800-w800-h800"",""https://lh3.googleusercontent.com/place-photos/AG9NLjDrBEsu27JWV7_t5pgIVOZ8SbUxhUJN1TFLC6TSMiDakwKRGgaiO5EFUdsFIfoX648HBJkmZHLg9bEaxAgJ6pS1lAunLUpzEKdid6_SeUFgafaFRgRS8qoaA1MBD-H0b9gBl0wgQMFacv9ryg=s4800-w800-h800""}","https://maps.google.com/?cid=14311267835983133727&g_mp=CiVnb29nbGUubWFwcy5wbGFjZXMudjEuUGxhY2VzLkdldFBsYWNlEAIYBCAA","[[[630,840],[960,1200]],[[630,840],[960,1200]],[[630,840],[960,1200]],[[630,840],[960,1200]],[[630,840],[960,1200]],[[630,840],[960,1170]],[[630,840],[960,1170]]]"
"蛋白盒子健康低卡餐盒-竹北嘉豐店","竹北","24.8070168","121.03463979999998","{""健康餐""}","$","4.3","竹北高評價健康餐，Google評分4.3分、累積150則評論。","{""健康餐"",""減脂"",""高評價""}","03-550-0132","unknown","","{""https://lh3.googleusercontent.com/place-photos/AG9NLjCSYZdhqLD90-bV98RXExK6RVghckg6LeUH9eVufPjaaEIs0qyxM0809KvQQy6a12g0-BwIBuJG76rJLrAXkpwl88_ULsnoAAeFZDCiJXURx2XlNbU-InW5sYgSxxlNJIj6Bvj6iccoa2Igag=s4800-w800-h800"",""https://lh3.googleusercontent.com/place-photos/AG9NLjAcKEqJwHQsZ2vjgECsAl09olYGV2VaVH5wcksNtXXvuwPt6Qic3TAkoCN49nV7ruVT0kxpAIj6AWfcUoGNwnHAxLXx1uLxkeVYuktz67NG4t6Dp7cg9nzCazfkojdsqjAlKs0bVRmOyxNtjUDOfhT5xw=s4800-w800-h800"",""https://lh3.googleusercontent.com/place-photos/AG9NLjCSG6DGfB15JzA_CeTdhDirDWeskIFLFl8aGJoAGpxW4XuCO-zRlph9iHI0Ixex4b4PNGvm3JsBP4lDULwKUoZAGvGQnofq-zUygiM8Z9v0EqKHkeKkiVnsAd4_lCYyNMLMq3-nZajIjfv4E-YqcBug=s4800-w800-h800""}","https://maps.google.com/?cid=5734671018626315840&g_mp=CiVnb29nbGUubWFwcy5wbGFjZXMudjEuUGxhY2VzLkdldFBsYWNlEAIYBCAA","[[[660,840],[990,1170]],[[660,840],[990,1170]],[[660,840],[990,1170]],[[660,840],[990,1170]],[[660,840],[990,1170]],[],[]]"
"戰鬥雞 油雞/醉雞 輕食餐盒 竹北三民店","竹北","24.8342653","121.0097435","{""健康餐""}","$$","4.5","竹北高評價健康餐，Google評分4.5分、累積83則評論。","{""健康餐"",""減脂"",""高評價""}","0903-098-601","unknown","","{""https://lh3.googleusercontent.com/place-photos/AG9NLjBYLx8yuoZPvrAy_u6Yfn0n09FKbcoHCv4RrBh88J9KMSNDT4wkmSXASOdp3_2USSJ7he5eAoELnaGlqxC6rLfj1Dwl-CCe_NBgBB8bZWF7nP4_dwYHM9Krs-I9HzL90Ck_8MVBMo9EeMOqFe8=s4800-w750-h800"",""https://lh3.googleusercontent.com/place-photos/AG9NLjDw0_KUvYbwEiavVjX8AJoYAz8oRQLbzt5aq1YFqMyrKEAFoZSb4yiX_mMSBmgOCX-GhutDBY4YHyByfVyCrtKJtREJHyVi9plBxZbUvNHKqLFiFH0SLq5vORZyIjceqt3jrWUuwTzFinDR_w=s4800-w800-h700"",""https://lh3.googleusercontent.com/place-photos/AG9NLjBZsgbdyd_FBnEw0rPf2d-BhJ8lbEwQAZiEzXJr5c-wLs6QSpy9HeLFPPvjw-TgwSjytexq2TBNcPLB3o2_wViUecThAa8V-LPHGChkmpemrfzU1aW1cIgtqIj6ov1BXr5vbnz6qBqjmjsWTXs=s4800-w750-h800""}","https://maps.google.com/?cid=9696185935282534007&g_mp=CiVnb29nbGUubWFwcy5wbGFjZXMudjEuUGxhY2VzLkdldFBsYWNlEAIYBCAA","[[[1020,1440]],[[1020,1440]],[],[[1020,1440]],[[1020,1440]],[[1020,1440]],[[1020,1440]]]"
"Miss Energy 能量小姐 竹北高鐵直營門市","竹北","24.807807099999998","121.0325293","{""健康餐""}","$","4.3","竹北高評價健康餐，Google評分4.3分、累積154則評論。","{""健康餐"",""減脂"",""高評價""}","03-658-2087","unknown","","{""https://lh3.googleusercontent.com/grass-cs/ACvplmNZd4OoYXI9l2ntSEvh_gSHzvyXplObjB0hj1syZuifT2tGXyIC0qUJUqjo0tLTD7wRabPXf4L6X4dOXa4wsuwXPiIGPIRUT9Ix9FjCUsjoPfa_2U5c_zZQNq8C-UboH2vIa2dRSQ=s4800-w800-h800"",""https://lh3.googleusercontent.com/grass-cs/ACvplmOf4FZ_SQW1D47BXQzS9O4CeuoDTvQaXPs1TACeP7fvizCUUB0FBIigyB8He9sGONILcxu4j8SzwLpvfWcSwR3C6J9YNgrk9_xhQcumnxqMiEJwUmJPARBJHGbfwop915Mra8u6o-xYz3gv=s4800-w800-h800"",""https://lh3.googleusercontent.com/grass-cs/ACvplmPK9mAP2vsNcpsd55HF1Ym7ddbLTAqsJz1eWSeV3Q11Bp9tTQsRFkFY7ujOYr9wtFQH8_IT1BnREj6ZhJVifI8I8OGczOGDckj_KD4neE-ydPL0zstDsXFUdQOqJLQzFii2Jd-guNE1VxY=s4800-w800-h800""}","https://maps.google.com/?cid=7983392474393000419&g_mp=CiVnb29nbGUubWFwcy5wbGFjZXMudjEuUGxhY2VzLkdldFBsYWNlEAIYBCAA","[[[630,1170]],[[630,1170]],[[630,1170]],[[630,1170]],[[630,1170]],[],[]]"
"食Go易健康概念餐盒 竹北自強南店","竹北","24.8164657","121.02585329999998","{""健康餐""}","$","4.3","竹北高評價健康餐，Google評分4.3分、累積122則評論。","{""健康餐"",""減脂"",""高評價""}","0908-251-673","unknown","","{""https://lh3.googleusercontent.com/place-photos/AG9NLjAyNHhrrIIF1mL8E1qkdgKSY17t4B0S_rFG3jXWnNNhb4jTtsPA_D0pgvYBzqW5agT-gVnu49j9HaCg7RAqFLVMTFjjAPRYLB56ntK0Whklp9jiB4GSgfF_5tc9OT-7KM0UP4IUjNxYgMVhAN-Hidyrxw=s4800-w800-h800"",""https://lh3.googleusercontent.com/place-photos/AG9NLjCsR4wrwOBCSZ8Bmw32CcCQG0iKdPl11uKmCKuhxJON8mouAO3C3yy7BPLzscS9N4cM3NHjljndxnoqw7uFmtSJhEarNnzMWbbpKQDQH9FA8BbOfTgw8Anv16dNBj7o8Iv4KltJjNOhP9jfcspeVNU9JQ=s4800-w800-h800"",""https://lh3.googleusercontent.com/place-photos/AG9NLjD2SwGMIw03w1001dFvX9eQ6EX8LlCCBGaUp0OtYxVVXPzY0C5JlKdnJXcRekGlKlAz2yceV0UKiGuJfNtrF63qcsb8a7gL_GPx1R-c0DfiOM5HJoxBwfJzoFtvEBw6WUHCC4201Lt7borSUfB7ZQuVZw=s4800-w800-h800""}","https://maps.google.com/?cid=3576828033029801959&g_mp=CiVnb29nbGUubWFwcy5wbGFjZXMudjEuUGxhY2VzLkdldFBsYWNlEAIYBCAA","[[[630,1170]],[[630,1170]],[[630,1170]],[[630,1170]],[[630,1170]],[[630,1170]],[[630,1170]]]"
